airframe,section,release,test,kind,mask,sensor,row,col,count
767,AFT,37B,1,B,No,Front Galley,,,5102.0
767,AFT,37B,1,B,No,34D,34.0,D,200.0
767,AFT,37B,1,B,No,34F,34.0,F,332.0
767,AFT,37B,1,B,No,35A,35.0,A,230.0
767,AFT,37B,1,B,No,35B,35.0,B,0.0
767,AFT,37B,1,B,No,35D,35.0,D,1707.0
767,AFT,37B,1,B,No,35E,35.0,E,962.0
767,AFT,37B,1,B,No,35F,35.0,F,757.0
767,AFT,37B,1,B,No,35L,35.0,L,213.0
767,AFT,37B,1,B,No,36A,36.0,A,764.0
767,AFT,37B,1,B,No,36B,36.0,B,631.0
767,AFT,37B,1,B,No,36D,36.0,D,8641.0
767,AFT,37B,1,B,No,36E,36.0,E,2526.0
767,AFT,37B,1,B,No,36F,36.0,F,1304.0
767,AFT,37B,1,B,No,36K,36.0,K,930.0
767,AFT,37B,1,B,No,36L,36.0,L,981.0
767,AFT,37B,1,B,No,37A,37.0,A,2549.0
767,AFT,37B,1,B,No,37B,37.0,B,1639.0
767,AFT,37B,1,B,No,37D,37.0,D,3896.0
767,AFT,37B,1,B,No,37F,37.0,F,1991.0
767,AFT,37B,1,B,No,37K,37.0,K,1441.0
767,AFT,37B,1,B,No,37L,37.0,L,1487.0
767,AFT,37B,1,B,No,38A,38.0,A,4442.0
767,AFT,37B,1,B,No,38B,38.0,B,4000.0
767,AFT,37B,1,B,No,38D,38.0,D,3003.0
767,AFT,37B,1,B,No,38E,38.0,E,2911.0
767,AFT,37B,1,B,No,38F,38.0,F,1761.0
767,AFT,37B,1,B,No,38K,38.0,K,1657.0
767,AFT,37B,1,B,No,38L,38.0,L,2006.0
767,AFT,37B,1,B,No,39A,39.0,A,3163.0
767,AFT,37B,1,B,No,39D,39.0,D,2547.0
767,AFT,37B,1,B,No,39E,39.0,E,1985.0
767,AFT,37B,1,B,No,39L,39.0,L,2009.0
767,AFT,37B,1,B,No,40A,40.0,A,1730.0
767,AFT,37B,1,B,No,40B,40.0,B,1326.0
767,AFT,37B,1,B,No,40D,40.0,D,1423.0
767,AFT,37B,1,B,No,40F,40.0,F,1786.0
767,AFT,37B,1,B,No,40K,40.0,K,1970.0
767,AFT,37B,1,B,No,40L,40.0,L,1521.0
767,AFT,37B,1,B,No,41A,41.0,A,1396.0
767,AFT,37B,1,B,No,41L,41.0,L,1670.0
767,AFT,37B,2,B,No,Front Galley,,,5528.0
767,AFT,37B,2,B,No,34D,34.0,D,343.0
767,AFT,37B,2,B,No,34F,34.0,F,280.0
767,AFT,37B,2,B,No,35A,35.0,A,0.0
767,AFT,37B,2,B,No,35B,35.0,B,0.0
767,AFT,37B,2,B,No,35D,35.0,D,1336.0
767,AFT,37B,2,B,No,35E,35.0,E,807.0
767,AFT,37B,2,B,No,35F,35.0,F,486.0
767,AFT,37B,2,B,No,35L,35.0,L,0.0
767,AFT,37B,2,B,No,36A,36.0,A,646.0
767,AFT,37B,2,B,No,36B,36.0,B,543.0
767,AFT,37B,2,B,No,36D,36.0,D,10081.0
767,AFT,37B,2,B,No,36E,36.0,E,1909.0
767,AFT,37B,2,B,No,36F,36.0,F,988.0
767,AFT,37B,2,B,No,36K,36.0,K,652.0
767,AFT,37B,2,B,No,36L,36.0,L,689.0
767,AFT,37B,2,B,No,37A,37.0,A,2406.0
767,AFT,37B,2,B,No,37B,37.0,B,1143.0
767,AFT,37B,2,B,No,37D,37.0,D,3334.0
767,AFT,37B,2,B,No,37F,37.0,F,1699.0
767,AFT,37B,2,B,No,37K,37.0,K,1080.0
767,AFT,37B,2,B,No,37L,37.0,L,1104.0
767,AFT,37B,2,B,No,38A,38.0,A,3961.0
767,AFT,37B,2,B,No,38B,38.0,B,3782.0
767,AFT,37B,2,B,No,38D,38.0,D,3016.0
767,AFT,37B,2,B,No,38E,38.0,E,2173.0
767,AFT,37B,2,B,No,38F,38.0,F,1558.0
767,AFT,37B,2,B,No,38K,38.0,K,1598.0
767,AFT,37B,2,B,No,38L,38.0,L,1899.0
767,AFT,37B,2,B,No,39A,39.0,A,2569.0
767,AFT,37B,2,B,No,39D,39.0,D,2447.0
767,AFT,37B,2,B,No,39E,39.0,E,1680.0
767,AFT,37B,2,B,No,39L,39.0,L,1625.0
767,AFT,37B,2,B,No,40A,40.0,A,1442.0
767,AFT,37B,2,B,No,40B,40.0,B,1268.0
767,AFT,37B,2,B,No,40D,40.0,D,1422.0
767,AFT,37B,2,B,No,40F,40.0,F,1668.0
767,AFT,37B,2,B,No,40K,40.0,K,1727.0
767,AFT,37B,2,B,No,40L,40.0,L,1396.0
767,AFT,37B,2,B,No,41A,41.0,A,1090.0
767,AFT,37B,2,B,No,41L,41.0,L,1478.0
767,AFT,37B,3,B,No,Front Galley,,,6144.0
767,AFT,37B,3,B,No,34D,34.0,D,360.0
767,AFT,37B,3,B,No,34F,34.0,F,260.0
767,AFT,37B,3,B,No,35A,35.0,A,0.0
767,AFT,37B,3,B,No,35B,35.0,B,0.0
767,AFT,37B,3,B,No,35D,35.0,D,1107.0
767,AFT,37B,3,B,No,35E,35.0,E,628.0
767,AFT,37B,3,B,No,35F,35.0,F,353.0
767,AFT,37B,3,B,No,35L,35.0,L,0.0
767,AFT,37B,3,B,No,36A,36.0,A,556.0
767,AFT,37B,3,B,No,36B,36.0,B,489.0
767,AFT,37B,3,B,No,36D,36.0,D,9014.0
767,AFT,37B,3,B,No,36E,36.0,E,1393.0
767,AFT,37B,3,B,No,36F,36.0,F,856.0
767,AFT,37B,3,B,No,36K,36.0,K,409.0
767,AFT,37B,3,B,No,36L,36.0,L,675.0
767,AFT,37B,3,B,No,37A,37.0,A,2403.0
767,AFT,37B,3,B,No,37B,37.0,B,1160.0
767,AFT,37B,3,B,No,37D,37.0,D,3548.0
767,AFT,37B,3,B,No,37F,37.0,F,1533.0
767,AFT,37B,3,B,No,37K,37.0,K,826.0
767,AFT,37B,3,B,No,37L,37.0,L,825.0
767,AFT,37B,3,B,No,38A,38.0,A,4268.0
767,AFT,37B,3,B,No,38B,38.0,B,4195.0
767,AFT,37B,3,B,No,38D,38.0,D,3251.0
767,AFT,37B,3,B,No,38E,38.0,E,2208.0
767,AFT,37B,3,B,No,38F,38.0,F,1370.0
767,AFT,37B,3,B,No,38K,38.0,K,1212.0
767,AFT,37B,3,B,No,38L,38.0,L,1309.0
767,AFT,37B,3,B,No,39A,39.0,A,2841.0
767,AFT,37B,3,B,No,39D,39.0,D,2644.0
767,AFT,37B,3,B,No,39E,39.0,E,1814.0
767,AFT,37B,3,B,No,39L,39.0,L,1720.0
767,AFT,37B,3,B,No,40A,40.0,A,1691.0
767,AFT,37B,3,B,No,40B,40.0,B,1297.0
767,AFT,37B,3,B,No,40D,40.0,D,1334.0
767,AFT,37B,3,B,No,40F,40.0,F,1559.0
767,AFT,37B,3,B,No,40K,40.0,K,1598.0
767,AFT,37B,3,B,No,40L,40.0,L,1280.0
767,AFT,37B,3,B,No,41A,41.0,A,1324.0
767,AFT,37B,3,B,No,41L,41.0,L,1456.0
767,AFT,37B,4,B,Yes,Front Galley,,,4208.0
767,AFT,37B,4,B,Yes,34D,34.0,D,229.0
767,AFT,37B,4,B,Yes,34F,34.0,F,311.0
767,AFT,37B,4,B,Yes,35A,35.0,A,0.0
767,AFT,37B,4,B,Yes,35B,35.0,B,0.0
767,AFT,37B,4,B,Yes,35D,35.0,D,826.0
767,AFT,37B,4,B,Yes,35E,35.0,E,375.0
767,AFT,37B,4,B,Yes,35F,35.0,F,372.0
767,AFT,37B,4,B,Yes,35L,35.0,L,0.0
767,AFT,37B,4,B,Yes,36A,36.0,A,407.0
767,AFT,37B,4,B,Yes,36B,36.0,B,358.0
767,AFT,37B,4,B,Yes,36D,36.0,D,2873.0
767,AFT,37B,4,B,Yes,36E,36.0,E,856.0
767,AFT,37B,4,B,Yes,36F,36.0,F,403.0
767,AFT,37B,4,B,Yes,36K,36.0,K,261.0
767,AFT,37B,4,B,Yes,36L,36.0,L,463.0
767,AFT,37B,4,B,Yes,37A,37.0,A,1964.0
767,AFT,37B,4,B,Yes,37B,37.0,B,636.0
767,AFT,37B,4,B,Yes,37D,37.0,D,3389.0
767,AFT,37B,4,B,Yes,37F,37.0,F,1038.0
767,AFT,37B,4,B,Yes,37K,37.0,K,407.0
767,AFT,37B,4,B,Yes,37L,37.0,L,535.0
767,AFT,37B,4,B,Yes,38A,38.0,A,4366.0
767,AFT,37B,4,B,Yes,38B,38.0,B,4182.0
767,AFT,37B,4,B,Yes,38D,38.0,D,2964.0
767,AFT,37B,4,B,Yes,38E,38.0,E,1590.0
767,AFT,37B,4,B,Yes,38F,38.0,F,1026.0
767,AFT,37B,4,B,Yes,38K,38.0,K,872.0
767,AFT,37B,4,B,Yes,38L,38.0,L,836.0
767,AFT,37B,4,B,Yes,39A,39.0,A,2574.0
767,AFT,37B,4,B,Yes,39D,39.0,D,2867.0
767,AFT,37B,4,B,Yes,39E,39.0,E,1703.0
767,AFT,37B,4,B,Yes,39L,39.0,L,1240.0
767,AFT,37B,4,B,Yes,40A,40.0,A,1434.0
767,AFT,37B,4,B,Yes,40B,40.0,B,1168.0
767,AFT,37B,4,B,Yes,40D,40.0,D,1270.0
767,AFT,37B,4,B,Yes,40F,40.0,F,1535.0
767,AFT,37B,4,B,Yes,40K,40.0,K,1260.0
767,AFT,37B,4,B,Yes,40L,40.0,L,1147.0
767,AFT,37B,4,B,Yes,41A,41.0,A,1099.0
767,AFT,37B,4,B,Yes,41L,41.0,L,1265.0
767,AFT,37B,5,B,Yes,Front Galley,,,4335.0
767,AFT,37B,5,B,Yes,34D,34.0,D,337.0
767,AFT,37B,5,B,Yes,34F,34.0,F,294.0
767,AFT,37B,5,B,Yes,35A,35.0,A,239.0
767,AFT,37B,5,B,Yes,35B,35.0,B,0.0
767,AFT,37B,5,B,Yes,35D,35.0,D,1154.0
767,AFT,37B,5,B,Yes,35E,35.0,E,513.0
767,AFT,37B,5,B,Yes,35F,35.0,F,326.0
767,AFT,37B,5,B,Yes,35L,35.0,L,0.0
767,AFT,37B,5,B,Yes,36A,36.0,A,502.0
767,AFT,37B,5,B,Yes,36B,36.0,B,487.0
767,AFT,37B,5,B,Yes,36D,36.0,D,3595.0
767,AFT,37B,5,B,Yes,36E,36.0,E,779.0
767,AFT,37B,5,B,Yes,36F,36.0,F,526.0
767,AFT,37B,5,B,Yes,36K,36.0,K,368.0
767,AFT,37B,5,B,Yes,36L,36.0,L,405.0
767,AFT,37B,5,B,Yes,37A,37.0,A,1425.0
767,AFT,37B,5,B,Yes,37B,37.0,B,907.0
767,AFT,37B,5,B,Yes,37D,37.0,D,3562.0
767,AFT,37B,5,B,Yes,37F,37.0,F,1204.0
767,AFT,37B,5,B,Yes,37K,37.0,K,559.0
767,AFT,37B,5,B,Yes,37L,37.0,L,648.0
767,AFT,37B,5,B,Yes,38A,38.0,A,4538.0
767,AFT,37B,5,B,Yes,38B,38.0,B,4222.0
767,AFT,37B,5,B,Yes,38D,38.0,D,3264.0
767,AFT,37B,5,B,Yes,38E,38.0,E,2254.0
767,AFT,37B,5,B,Yes,38F,38.0,F,1283.0
767,AFT,37B,5,B,Yes,38K,38.0,K,1006.0
767,AFT,37B,5,B,Yes,38L,38.0,L,1051.0
767,AFT,37B,5,B,Yes,39A,39.0,A,2914.0
767,AFT,37B,5,B,Yes,39D,39.0,D,3287.0
767,AFT,37B,5,B,Yes,39E,39.0,E,1954.0
767,AFT,37B,5,B,Yes,39L,39.0,L,1534.0
767,AFT,37B,5,B,Yes,40A,40.0,A,1696.0
767,AFT,37B,5,B,Yes,40B,40.0,B,1475.0
767,AFT,37B,5,B,Yes,40D,40.0,D,1633.0
767,AFT,37B,5,B,Yes,40F,40.0,F,1798.0
767,AFT,37B,5,B,Yes,40K,40.0,K,1451.0
767,AFT,37B,5,B,Yes,40L,40.0,L,1246.0
767,AFT,37B,5,B,Yes,41A,41.0,A,1310.0
767,AFT,37B,5,B,Yes,41L,41.0,L,1494.0
767,AFT,37B,6,B,Yes,Front Galley,,,4555.0
767,AFT,37B,6,B,Yes,34D,34.0,D,230.0
767,AFT,37B,6,B,Yes,34F,34.0,F,0.0
767,AFT,37B,6,B,Yes,35A,35.0,A,0.0
767,AFT,37B,6,B,Yes,35B,35.0,B,0.0
767,AFT,37B,6,B,Yes,35D,35.0,D,962.0
767,AFT,37B,6,B,Yes,35E,35.0,E,437.0
767,AFT,37B,6,B,Yes,35F,35.0,F,276.0
767,AFT,37B,6,B,Yes,35L,35.0,L,0.0
767,AFT,37B,6,B,Yes,36A,36.0,A,358.0
767,AFT,37B,6,B,Yes,36B,36.0,B,368.0
767,AFT,37B,6,B,Yes,36D,36.0,D,3650.0
767,AFT,37B,6,B,Yes,36E,36.0,E,895.0
767,AFT,37B,6,B,Yes,36F,36.0,F,519.0
767,AFT,37B,6,B,Yes,36K,36.0,K,267.0
767,AFT,37B,6,B,Yes,36L,36.0,L,337.0
767,AFT,37B,6,B,Yes,37A,37.0,A,2358.0
767,AFT,37B,6,B,Yes,37B,37.0,B,906.0
767,AFT,37B,6,B,Yes,37D,37.0,D,3392.0
767,AFT,37B,6,B,Yes,37F,37.0,F,1163.0
767,AFT,37B,6,B,Yes,37K,37.0,K,506.0
767,AFT,37B,6,B,Yes,37L,37.0,L,528.0
767,AFT,37B,6,B,Yes,38A,38.0,A,5448.0
767,AFT,37B,6,B,Yes,38B,38.0,B,5466.0
767,AFT,37B,6,B,Yes,38D,38.0,D,3595.0
767,AFT,37B,6,B,Yes,38E,38.0,E,1944.0
767,AFT,37B,6,B,Yes,38F,38.0,F,1282.0
767,AFT,37B,6,B,Yes,38K,38.0,K,1047.0
767,AFT,37B,6,B,Yes,38L,38.0,L,1305.0
767,AFT,37B,6,B,Yes,39A,39.0,A,3394.0
767,AFT,37B,6,B,Yes,39D,39.0,D,3945.0
767,AFT,37B,6,B,Yes,39E,39.0,E,2193.0
767,AFT,37B,6,B,Yes,39L,39.0,L,1640.0
767,AFT,37B,6,B,Yes,40A,40.0,A,1905.0
767,AFT,37B,6,B,Yes,40B,40.0,B,1547.0
767,AFT,37B,6,B,Yes,40D,40.0,D,1472.0
767,AFT,37B,6,B,Yes,40F,40.0,F,2071.0
767,AFT,37B,6,B,Yes,40K,40.0,K,1541.0
767,AFT,37B,6,B,Yes,40L,40.0,L,1438.0
767,AFT,37B,6,B,Yes,41A,41.0,A,1257.0
767,AFT,37B,6,B,Yes,41L,41.0,L,1556.0
767,AFT,37E,7,B,No,Front Galley,,,7493.0
767,AFT,37E,7,B,No,34D,34.0,D,698.0
767,AFT,37E,7,B,No,34F,34.0,F,285.0
767,AFT,37E,7,B,No,35A,35.0,A,0.0
767,AFT,37E,7,B,No,35B,35.0,B,0.0
767,AFT,37E,7,B,No,35D,35.0,D,1607.0
767,AFT,37E,7,B,No,35E,35.0,E,1188.0
767,AFT,37E,7,B,No,35F,35.0,F,767.0
767,AFT,37E,7,B,No,35L,35.0,L,0.0
767,AFT,37E,7,B,No,36A,36.0,A,676.0
767,AFT,37E,7,B,No,36B,36.0,B,689.0
767,AFT,37E,7,B,No,36D,36.0,D,6499.0
767,AFT,37E,7,B,No,36E,36.0,E,3760.0
767,AFT,37E,7,B,No,36F,36.0,F,2217.0
767,AFT,37E,7,B,No,36K,36.0,K,883.0
767,AFT,37E,7,B,No,36L,36.0,L,961.0
767,AFT,37E,7,B,No,37A,37.0,A,2466.0
767,AFT,37E,7,B,No,37B,37.0,B,1614.0
767,AFT,37E,7,B,No,37D,37.0,D,12857.0
767,AFT,37E,7,B,No,37F,37.0,F,10836.0
767,AFT,37E,7,B,No,37K,37.0,K,2240.0
767,AFT,37E,7,B,No,37L,37.0,L,2412.0
767,AFT,37E,7,B,No,38A,38.0,A,10659.0
767,AFT,37E,7,B,No,38B,38.0,B,11059.0
767,AFT,37E,7,B,No,38D,38.0,D,21577.0
767,AFT,37E,7,B,No,38E,38.0,E,16942.0
767,AFT,37E,7,B,No,38F,38.0,F,16125.0
767,AFT,37E,7,B,No,38K,38.0,K,8761.0
767,AFT,37E,7,B,No,38L,38.0,L,8802.0
767,AFT,37E,7,B,No,39A,39.0,A,24389.0
767,AFT,37E,7,B,No,39D,39.0,D,21129.0
767,AFT,37E,7,B,No,39E,39.0,E,16659.0
767,AFT,37E,7,B,No,39L,39.0,L,18405.0
767,AFT,37E,7,B,No,40A,40.0,A,13895.0
767,AFT,37E,7,B,No,40B,40.0,B,11383.0
767,AFT,37E,7,B,No,40D,40.0,D,11998.0
767,AFT,37E,7,B,No,40F,40.0,F,14073.0
767,AFT,37E,7,B,No,40K,40.0,K,14208.0
767,AFT,37E,7,B,No,40L,40.0,L,12183.0
767,AFT,37E,7,B,No,41A,41.0,A,9931.0
767,AFT,37E,7,B,No,41L,41.0,L,12105.0
767,AFT,37E,8,B,No,Front Galley,,,7860.0
767,AFT,37E,8,B,No,34D,34.0,D,311.0
767,AFT,37E,8,B,No,34F,34.0,F,208.0
767,AFT,37E,8,B,No,35A,35.0,A,0.0
767,AFT,37E,8,B,No,35B,35.0,B,0.0
767,AFT,37E,8,B,No,35D,35.0,D,1129.0
767,AFT,37E,8,B,No,35E,35.0,E,794.0
767,AFT,37E,8,B,No,35F,35.0,F,526.0
767,AFT,37E,8,B,No,35L,35.0,L,0.0
767,AFT,37E,8,B,No,36A,36.0,A,481.0
767,AFT,37E,8,B,No,36B,36.0,B,447.0
767,AFT,37E,8,B,No,36D,36.0,D,5158.0
767,AFT,37E,8,B,No,36E,36.0,E,2459.0
767,AFT,37E,8,B,No,36F,36.0,F,1753.0
767,AFT,37E,8,B,No,36K,36.0,K,668.0
767,AFT,37E,8,B,No,36L,36.0,L,687.0
767,AFT,37E,8,B,No,37A,37.0,A,1813.0
767,AFT,37E,8,B,No,37B,37.0,B,1123.0
767,AFT,37E,8,B,No,37D,37.0,D,11468.0
767,AFT,37E,8,B,No,37F,37.0,F,9171.0
767,AFT,37E,8,B,No,37K,37.0,K,1710.0
767,AFT,37E,8,B,No,37L,37.0,L,1711.0
767,AFT,37E,8,B,No,38A,38.0,A,6601.0
767,AFT,37E,8,B,No,38B,38.0,B,8310.0
767,AFT,37E,8,B,No,38D,38.0,D,18824.0
767,AFT,37E,8,B,No,38E,38.0,E,15996.0
767,AFT,37E,8,B,No,38F,38.0,F,15102.0
767,AFT,37E,8,B,No,38K,38.0,K,7895.0
767,AFT,37E,8,B,No,38L,38.0,L,7896.0
767,AFT,37E,8,B,No,39A,39.0,A,22559.0
767,AFT,37E,8,B,No,39D,39.0,D,17145.0
767,AFT,37E,8,B,No,39E,39.0,E,15082.0
767,AFT,37E,8,B,No,39L,39.0,L,17491.0
767,AFT,37E,8,B,No,40A,40.0,A,11747.0
767,AFT,37E,8,B,No,40B,40.0,B,10441.0
767,AFT,37E,8,B,No,40D,40.0,D,10483.0
767,AFT,37E,8,B,No,40F,40.0,F,13519.0
767,AFT,37E,8,B,No,40K,40.0,K,14238.0
767,AFT,37E,8,B,No,40L,40.0,L,11569.0
767,AFT,37E,8,B,No,41A,41.0,A,9155.0
767,AFT,37E,8,B,No,41L,41.0,L,12232.0
767,AFT,37E,9,B,No,Front Galley,,,7753.0
767,AFT,37E,9,B,No,34D,34.0,D,394.0
767,AFT,37E,9,B,No,34F,34.0,F,213.0
767,AFT,37E,9,B,No,35A,35.0,A,0.0
767,AFT,37E,9,B,No,35B,35.0,B,0.0
767,AFT,37E,9,B,No,35D,35.0,D,1351.0
767,AFT,37E,9,B,No,35E,35.0,E,821.0
767,AFT,37E,9,B,No,35F,35.0,F,441.0
767,AFT,37E,9,B,No,35L,35.0,L,0.0
767,AFT,37E,9,B,No,36A,36.0,A,476.0
767,AFT,37E,9,B,No,36B,36.0,B,478.0
767,AFT,37E,9,B,No,36D,36.0,D,6428.0
767,AFT,37E,9,B,No,36E,36.0,E,2258.0
767,AFT,37E,9,B,No,36F,36.0,F,1312.0
767,AFT,37E,9,B,No,36K,36.0,K,555.0
767,AFT,37E,9,B,No,36L,36.0,L,657.0
767,AFT,37E,9,B,No,37A,37.0,A,2104.0
767,AFT,37E,9,B,No,37B,37.0,B,1454.0
767,AFT,37E,9,B,No,37D,37.0,D,12805.0
767,AFT,37E,9,B,No,37F,37.0,F,6771.0
767,AFT,37E,9,B,No,37K,37.0,K,1370.0
767,AFT,37E,9,B,No,37L,37.0,L,1478.0
767,AFT,37E,9,B,No,38A,38.0,A,10001.0
767,AFT,37E,9,B,No,38B,38.0,B,11246.0
767,AFT,37E,9,B,No,38D,38.0,D,21830.0
767,AFT,37E,9,B,No,38E,38.0,E,12998.0
767,AFT,37E,9,B,No,38F,38.0,F,10661.0
767,AFT,37E,9,B,No,38K,38.0,K,6833.0
767,AFT,37E,9,B,No,38L,38.0,L,6336.0
767,AFT,37E,9,B,No,39A,39.0,A,24155.0
767,AFT,37E,9,B,No,39D,39.0,D,21035.0
767,AFT,37E,9,B,No,39E,39.0,E,15143.0
767,AFT,37E,9,B,No,39L,39.0,L,13641.0
767,AFT,37E,9,B,No,40A,40.0,A,12327.0
767,AFT,37E,9,B,No,40B,40.0,B,10751.0
767,AFT,37E,9,B,No,40D,40.0,D,11080.0
767,AFT,37E,9,B,No,40F,40.0,F,12323.0
767,AFT,37E,9,B,No,40K,40.0,K,11541.0
767,AFT,37E,9,B,No,40L,40.0,L,10269.0
767,AFT,37E,9,B,No,41A,41.0,A,9323.0
767,AFT,37E,9,B,No,41L,41.0,L,10499.0
767,AFT,37E,10,B,Yes,Front Galley,,,1200.0
767,AFT,37E,10,B,Yes,34D,34.0,D,405.0
767,AFT,37E,10,B,Yes,34F,34.0,F,231.0
767,AFT,37E,10,B,Yes,35A,35.0,A,0.0
767,AFT,37E,10,B,Yes,35B,35.0,B,0.0
767,AFT,37E,10,B,Yes,35D,35.0,D,1517.0
767,AFT,37E,10,B,Yes,35E,35.0,E,817.0
767,AFT,37E,10,B,Yes,35F,35.0,F,469.0
767,AFT,37E,10,B,Yes,35L,35.0,L,0.0
767,AFT,37E,10,B,Yes,36A,36.0,A,521.0
767,AFT,37E,10,B,Yes,36B,36.0,B,581.0
767,AFT,37E,10,B,Yes,36D,36.0,D,4988.0
767,AFT,37E,10,B,Yes,36E,36.0,E,1752.0
767,AFT,37E,10,B,Yes,36F,36.0,F,1353.0
767,AFT,37E,10,B,Yes,36K,36.0,K,714.0
767,AFT,37E,10,B,Yes,36L,36.0,L,661.0
767,AFT,37E,10,B,Yes,37A,37.0,A,1533.0
767,AFT,37E,10,B,Yes,37B,37.0,B,948.0
767,AFT,37E,10,B,Yes,37D,37.0,D,8652.0
767,AFT,37E,10,B,Yes,37F,37.0,F,7356.0
767,AFT,37E,10,B,Yes,37K,37.0,K,1563.0
767,AFT,37E,10,B,Yes,37L,37.0,L,1604.0
767,AFT,37E,10,B,Yes,38A,38.0,A,4710.0
767,AFT,37E,10,B,Yes,38B,38.0,B,4902.0
767,AFT,37E,10,B,Yes,38D,38.0,D,13096.0
767,AFT,37E,10,B,Yes,38E,38.0,E,12054.0
767,AFT,37E,10,B,Yes,38F,38.0,F,12840.0
767,AFT,37E,10,B,Yes,38K,38.0,K,8180.0
767,AFT,37E,10,B,Yes,38L,38.0,L,7241.0
767,AFT,37E,10,B,Yes,39A,39.0,A,16679.0
767,AFT,37E,10,B,Yes,39D,39.0,D,13323.0
767,AFT,37E,10,B,Yes,39E,39.0,E,12096.0
767,AFT,37E,10,B,Yes,39L,39.0,L,14273.0
767,AFT,37E,10,B,Yes,40A,40.0,A,9429.0
767,AFT,37E,10,B,Yes,40B,40.0,B,9062.0
767,AFT,37E,10,B,Yes,40D,40.0,D,8822.0
767,AFT,37E,10,B,Yes,40F,40.0,F,11152.0
767,AFT,37E,10,B,Yes,40K,40.0,K,10790.0
767,AFT,37E,10,B,Yes,40L,40.0,L,8958.0
767,AFT,37E,10,B,Yes,41A,41.0,A,7675.0
767,AFT,37E,10,B,Yes,41L,41.0,L,8838.0
767,AFT,37E,11,B,Yes,Front Galley,,,422.0
767,AFT,37E,11,B,Yes,34D,34.0,D,212.0
767,AFT,37E,11,B,Yes,34F,34.0,F,0.0
767,AFT,37E,11,B,Yes,35A,35.0,A,0.0
767,AFT,37E,11,B,Yes,35B,35.0,B,0.0
767,AFT,37E,11,B,Yes,35D,35.0,D,714.0
767,AFT,37E,11,B,Yes,35E,35.0,E,532.0
767,AFT,37E,11,B,Yes,35F,35.0,F,259.0
767,AFT,37E,11,B,Yes,35L,35.0,L,0.0
767,AFT,37E,11,B,Yes,36A,36.0,A,257.0
767,AFT,37E,11,B,Yes,36B,36.0,B,286.0
767,AFT,37E,11,B,Yes,36D,36.0,D,4191.0
767,AFT,37E,11,B,Yes,36E,36.0,E,1430.0
767,AFT,37E,11,B,Yes,36F,36.0,F,843.0
767,AFT,37E,11,B,Yes,36K,36.0,K,352.0
767,AFT,37E,11,B,Yes,36L,36.0,L,379.0
767,AFT,37E,11,B,Yes,37A,37.0,A,1068.0
767,AFT,37E,11,B,Yes,37B,37.0,B,751.0
767,AFT,37E,11,B,Yes,37D,37.0,D,8474.0
767,AFT,37E,11,B,Yes,37F,37.0,F,6329.0
767,AFT,37E,11,B,Yes,37K,37.0,K,942.0
767,AFT,37E,11,B,Yes,37L,37.0,L,1040.0
767,AFT,37E,11,B,Yes,38A,38.0,A,5023.0
767,AFT,37E,11,B,Yes,38B,38.0,B,6172.0
767,AFT,37E,11,B,Yes,38D,38.0,D,14220.0
767,AFT,37E,11,B,Yes,38E,38.0,E,11562.0
767,AFT,37E,11,B,Yes,38F,38.0,F,10938.0
767,AFT,37E,11,B,Yes,38K,38.0,K,6277.0
767,AFT,37E,11,B,Yes,38L,38.0,L,5607.0
767,AFT,37E,11,B,Yes,39A,39.0,A,17563.0
767,AFT,37E,11,B,Yes,39D,39.0,D,14783.0
767,AFT,37E,11,B,Yes,39E,39.0,E,11966.0
767,AFT,37E,11,B,Yes,39L,39.0,L,13902.0
767,AFT,37E,11,B,Yes,40A,40.0,A,9794.0
767,AFT,37E,11,B,Yes,40B,40.0,B,8445.0
767,AFT,37E,11,B,Yes,40D,40.0,D,9012.0
767,AFT,37E,11,B,Yes,40F,40.0,F,11588.0
767,AFT,37E,11,B,Yes,40K,40.0,K,11731.0
767,AFT,37E,11,B,Yes,40L,40.0,L,9439.0
767,AFT,37E,11,B,Yes,41A,41.0,A,7761.0
767,AFT,37E,11,B,Yes,41L,41.0,L,9398.0
767,AFT,37E,12,B,Yes,Front Galley,,,455.0
767,AFT,37E,12,B,Yes,34D,34.0,D,278.0
767,AFT,37E,12,B,Yes,34F,34.0,F,241.0
767,AFT,37E,12,B,Yes,35A,35.0,A,0.0
767,AFT,37E,12,B,Yes,35B,35.0,B,0.0
767,AFT,37E,12,B,Yes,35D,35.0,D,1141.0
767,AFT,37E,12,B,Yes,35E,35.0,E,726.0
767,AFT,37E,12,B,Yes,35F,35.0,F,428.0
767,AFT,37E,12,B,Yes,35L,35.0,L,0.0
767,AFT,37E,12,B,Yes,36A,36.0,A,467.0
767,AFT,37E,12,B,Yes,36B,36.0,B,441.0
767,AFT,37E,12,B,Yes,36D,36.0,D,4996.0
767,AFT,37E,12,B,Yes,36E,36.0,E,1620.0
767,AFT,37E,12,B,Yes,36F,36.0,F,1196.0
767,AFT,37E,12,B,Yes,36K,36.0,K,469.0
767,AFT,37E,12,B,Yes,36L,36.0,L,513.0
767,AFT,37E,12,B,Yes,37A,37.0,A,1480.0
767,AFT,37E,12,B,Yes,37B,37.0,B,1175.0
767,AFT,37E,12,B,Yes,37D,37.0,D,9690.0
767,AFT,37E,12,B,Yes,37F,37.0,F,7099.0
767,AFT,37E,12,B,Yes,37K,37.0,K,1061.0
767,AFT,37E,12,B,Yes,37L,37.0,L,1341.0
767,AFT,37E,12,B,Yes,38A,38.0,A,6824.0
767,AFT,37E,12,B,Yes,38B,38.0,B,8586.0
767,AFT,37E,12,B,Yes,38D,38.0,D,16100.0
767,AFT,37E,12,B,Yes,38E,38.0,E,11895.0
767,AFT,37E,12,B,Yes,38F,38.0,F,10247.0
767,AFT,37E,12,B,Yes,38K,38.0,K,6016.0
767,AFT,37E,12,B,Yes,38L,38.0,L,5735.0
767,AFT,37E,12,B,Yes,39A,39.0,A,18763.0
767,AFT,37E,12,B,Yes,39D,39.0,D,16713.0
767,AFT,37E,12,B,Yes,39E,39.0,E,12359.0
767,AFT,37E,12,B,Yes,39L,39.0,L,13195.0
767,AFT,37E,12,B,Yes,40A,40.0,A,9752.0
767,AFT,37E,12,B,Yes,40B,40.0,B,8409.0
767,AFT,37E,12,B,Yes,40D,40.0,D,8475.0
767,AFT,37E,12,B,Yes,40F,40.0,F,10696.0
767,AFT,37E,12,B,Yes,40K,40.0,K,10900.0
767,AFT,37E,12,B,Yes,40L,40.0,L,9382.0
767,AFT,37E,12,B,Yes,41A,41.0,A,7753.0
767,AFT,37E,12,B,Yes,41L,41.0,L,9433.0
767,AFT,37E,13,C,No,Front Galley,,,2934.0
767,AFT,37E,13,C,No,34D,34.0,D,694.0
767,AFT,37E,13,C,No,34F,34.0,F,484.0
767,AFT,37E,13,C,No,35A,35.0,A,246.0
767,AFT,37E,13,C,No,35B,35.0,B,0.0
767,AFT,37E,13,C,No,35D,35.0,D,1831.0
767,AFT,37E,13,C,No,35E,35.0,E,1630.0
767,AFT,37E,13,C,No,35F,35.0,F,1202.0
767,AFT,37E,13,C,No,35L,35.0,L,0.0
767,AFT,37E,13,C,No,36A,36.0,A,795.0
767,AFT,37E,13,C,No,36B,36.0,B,752.0
767,AFT,37E,13,C,No,36D,36.0,D,5813.0
767,AFT,37E,13,C,No,36E,36.0,E,3447.0
767,AFT,37E,13,C,No,36F,36.0,F,3471.0
767,AFT,37E,13,C,No,36K,36.0,K,1337.0
767,AFT,37E,13,C,No,36L,36.0,L,1400.0
767,AFT,37E,13,C,No,37A,37.0,A,2640.0
767,AFT,37E,13,C,No,37B,37.0,B,1596.0
767,AFT,37E,13,C,No,37D,37.0,D,9858.0
767,AFT,37E,13,C,No,37F,37.0,F,13276.0
767,AFT,37E,13,C,No,37K,37.0,K,4002.0
767,AFT,37E,13,C,No,37L,37.0,L,4341.0
767,AFT,37E,13,C,No,38A,38.0,A,9230.0
767,AFT,37E,13,C,No,38B,38.0,B,8345.0
767,AFT,37E,13,C,No,38D,38.0,D,12952.0
767,AFT,37E,13,C,No,38E,38.0,E,15506.0
767,AFT,37E,13,C,No,38F,38.0,F,16127.0
767,AFT,37E,13,C,No,38K,38.0,K,13687.0
767,AFT,37E,13,C,No,38L,38.0,L,16947.0
767,AFT,37E,13,C,No,39A,39.0,A,13307.0
767,AFT,37E,13,C,No,39D,39.0,D,11855.0
767,AFT,37E,13,C,No,39E,39.0,E,11259.0
767,AFT,37E,13,C,No,39L,39.0,L,17307.0
767,AFT,37E,13,C,No,40A,40.0,A,9136.0
767,AFT,37E,13,C,No,40B,40.0,B,8035.0
767,AFT,37E,13,C,No,40D,40.0,D,7814.0
767,AFT,37E,13,C,No,40F,40.0,F,11642.0
767,AFT,37E,13,C,No,40K,40.0,K,14320.0
767,AFT,37E,13,C,No,40L,40.0,L,10503.0
767,AFT,37E,13,C,No,41A,41.0,A,7334.0
767,AFT,37E,13,C,No,41L,41.0,L,10366.0
767,AFT,37E,14,C,No,Front Galley,,,4073.0
767,AFT,37E,14,C,No,34D,34.0,D,429.0
767,AFT,37E,14,C,No,34F,34.0,F,340.0
767,AFT,37E,14,C,No,35A,35.0,A,300.0
767,AFT,37E,14,C,No,35B,35.0,B,0.0
767,AFT,37E,14,C,No,35D,35.0,D,2207.0
767,AFT,37E,14,C,No,35E,35.0,E,1273.0
767,AFT,37E,14,C,No,35F,35.0,F,1345.0
767,AFT,37E,14,C,No,35L,35.0,L,0.0
767,AFT,37E,14,C,No,36A,36.0,A,845.0
767,AFT,37E,14,C,No,36B,36.0,B,743.0
767,AFT,37E,14,C,No,36D,36.0,D,5582.0
767,AFT,37E,14,C,No,36E,36.0,E,4379.0
767,AFT,37E,14,C,No,36F,36.0,F,5198.0
767,AFT,37E,14,C,No,36K,36.0,K,2304.0
767,AFT,37E,14,C,No,36L,36.0,L,1538.0
767,AFT,37E,14,C,No,37A,37.0,A,3214.0
767,AFT,37E,14,C,No,37B,37.0,B,2117.0
767,AFT,37E,14,C,No,37D,37.0,D,8252.0
767,AFT,37E,14,C,No,37F,37.0,F,14691.0
767,AFT,37E,14,C,No,37K,37.0,K,6406.0
767,AFT,37E,14,C,No,37L,37.0,L,7751.0
767,AFT,37E,14,C,No,38A,38.0,A,8213.0
767,AFT,37E,14,C,No,38B,38.0,B,7716.0
767,AFT,37E,14,C,No,38D,38.0,D,10107.0
767,AFT,37E,14,C,No,38E,38.0,E,14852.0
767,AFT,37E,14,C,No,38F,38.0,F,15546.0
767,AFT,37E,14,C,No,38K,38.0,K,16683.0
767,AFT,37E,14,C,No,38L,38.0,L,20494.0
767,AFT,37E,14,C,No,39A,39.0,A,10347.0
767,AFT,37E,14,C,No,39D,39.0,D,9371.0
767,AFT,37E,14,C,No,39E,39.0,E,11710.0
767,AFT,37E,14,C,No,39L,39.0,L,15270.0
767,AFT,37E,14,C,No,40A,40.0,A,8785.0
767,AFT,37E,14,C,No,40B,40.0,B,8095.0
767,AFT,37E,14,C,No,40D,40.0,D,7368.0
767,AFT,37E,14,C,No,40F,40.0,F,10939.0
767,AFT,37E,14,C,No,40K,40.0,K,11185.0
767,AFT,37E,14,C,No,40L,40.0,L,8832.0
767,AFT,37E,14,C,No,41A,41.0,A,7388.0
767,AFT,37E,14,C,No,41L,41.0,L,8554.0
767,AFT,37E,15,C,No,Front Galley,,,3450.0
767,AFT,37E,15,C,No,34D,34.0,D,685.0
767,AFT,37E,15,C,No,34F,34.0,F,308.0
767,AFT,37E,15,C,No,35A,35.0,A,257.0
767,AFT,37E,15,C,No,35B,35.0,B,0.0
767,AFT,37E,15,C,No,35D,35.0,D,1598.0
767,AFT,37E,15,C,No,35E,35.0,E,1793.0
767,AFT,37E,15,C,No,35F,35.0,F,1253.0
767,AFT,37E,15,C,No,35L,35.0,L,214.0
767,AFT,37E,15,C,No,36A,36.0,A,685.0
767,AFT,37E,15,C,No,36B,36.0,B,724.0
767,AFT,37E,15,C,No,36D,36.0,D,5123.0
767,AFT,37E,15,C,No,36E,36.0,E,4300.0
767,AFT,37E,15,C,No,36F,36.0,F,4137.0
767,AFT,37E,15,C,No,36K,36.0,K,1481.0
767,AFT,37E,15,C,No,36L,36.0,L,1375.0
767,AFT,37E,15,C,No,37A,37.0,A,2383.0
767,AFT,37E,15,C,No,37B,37.0,B,1598.0
767,AFT,37E,15,C,No,37D,37.0,D,8445.0
767,AFT,37E,15,C,No,37F,37.0,F,15243.0
767,AFT,37E,15,C,No,37K,37.0,K,4153.0
767,AFT,37E,15,C,No,37L,37.0,L,5387.0
767,AFT,37E,15,C,No,38A,38.0,A,7776.0
767,AFT,37E,15,C,No,38B,38.0,B,7050.0
767,AFT,37E,15,C,No,38D,38.0,D,10643.0
767,AFT,37E,15,C,No,38E,38.0,E,16669.0
767,AFT,37E,15,C,No,38F,38.0,F,16869.0
767,AFT,37E,15,C,No,38K,38.0,K,16755.0
767,AFT,37E,15,C,No,38L,38.0,L,21836.0
767,AFT,37E,15,C,No,39A,39.0,A,11597.0
767,AFT,37E,15,C,No,39D,39.0,D,10265.0
767,AFT,37E,15,C,No,39E,39.0,E,10891.0
767,AFT,37E,15,C,No,39L,39.0,L,18201.0
767,AFT,37E,15,C,No,40A,40.0,A,8434.0
767,AFT,37E,15,C,No,40B,40.0,B,7944.0
767,AFT,37E,15,C,No,40D,40.0,D,8048.0
767,AFT,37E,15,C,No,40F,40.0,F,12383.0
767,AFT,37E,15,C,No,40K,40.0,K,14974.0
767,AFT,37E,15,C,No,40L,40.0,L,11310.0
767,AFT,37E,15,C,No,41A,41.0,A,7162.0
767,AFT,37E,15,C,No,41L,41.0,L,10408.0
767,AFT,37E,16,C,Yes,Front Galley,,,2497.0
767,AFT,37E,16,C,Yes,34D,34.0,D,0.0
767,AFT,37E,16,C,Yes,34F,34.0,F,0.0
767,AFT,37E,16,C,Yes,35A,35.0,A,0.0
767,AFT,37E,16,C,Yes,35B,35.0,B,0.0
767,AFT,37E,16,C,Yes,35D,35.0,D,0.0
767,AFT,37E,16,C,Yes,35E,35.0,E,0.0
767,AFT,37E,16,C,Yes,35F,35.0,F,0.0
767,AFT,37E,16,C,Yes,35L,35.0,L,0.0
767,AFT,37E,16,C,Yes,36A,36.0,A,0.0
767,AFT,37E,16,C,Yes,36B,36.0,B,0.0
767,AFT,37E,16,C,Yes,36D,36.0,D,387.0
767,AFT,37E,16,C,Yes,36E,36.0,E,204.0
767,AFT,37E,16,C,Yes,36F,36.0,F,0.0
767,AFT,37E,16,C,Yes,36K,36.0,K,0.0
767,AFT,37E,16,C,Yes,36L,36.0,L,0.0
767,AFT,37E,16,C,Yes,37A,37.0,A,208.0
767,AFT,37E,16,C,Yes,37B,37.0,B,0.0
767,AFT,37E,16,C,Yes,37D,37.0,D,931.0
767,AFT,37E,16,C,Yes,37F,37.0,F,726.0
767,AFT,37E,16,C,Yes,37K,37.0,K,0.0
767,AFT,37E,16,C,Yes,37L,37.0,L,0.0
767,AFT,37E,16,C,Yes,38A,38.0,A,641.0
767,AFT,37E,16,C,Yes,38B,38.0,B,647.0
767,AFT,37E,16,C,Yes,38D,38.0,D,1627.0
767,AFT,37E,16,C,Yes,38E,38.0,E,1453.0
767,AFT,37E,16,C,Yes,38F,38.0,F,1281.0
767,AFT,37E,16,C,Yes,38K,38.0,K,664.0
767,AFT,37E,16,C,Yes,38L,38.0,L,735.0
767,AFT,37E,16,C,Yes,39A,39.0,A,2030.0
767,AFT,37E,16,C,Yes,39D,39.0,D,1450.0
767,AFT,37E,16,C,Yes,39E,39.0,E,1530.0
767,AFT,37E,16,C,Yes,39L,39.0,L,1567.0
767,AFT,37E,16,C,Yes,40A,40.0,A,1208.0
767,AFT,37E,16,C,Yes,40B,40.0,B,1105.0
767,AFT,37E,16,C,Yes,40D,40.0,D,1194.0
767,AFT,37E,16,C,Yes,40F,40.0,F,1378.0
767,AFT,37E,16,C,Yes,40K,40.0,K,1373.0
767,AFT,37E,16,C,Yes,40L,40.0,L,1174.0
767,AFT,37E,16,C,Yes,41A,41.0,A,1119.0
767,AFT,37E,16,C,Yes,41L,41.0,L,1106.0
767,AFT,37E,17,C,Yes,Front Galley,,,4128.0
767,AFT,37E,17,C,Yes,34D,34.0,D,0.0
767,AFT,37E,17,C,Yes,34F,34.0,F,0.0
767,AFT,37E,17,C,Yes,35A,35.0,A,0.0
767,AFT,37E,17,C,Yes,35B,35.0,B,0.0
767,AFT,37E,17,C,Yes,35D,35.0,D,0.0
767,AFT,37E,17,C,Yes,35E,35.0,E,0.0
767,AFT,37E,17,C,Yes,35F,35.0,F,0.0
767,AFT,37E,17,C,Yes,35L,35.0,L,0.0
767,AFT,37E,17,C,Yes,36A,36.0,A,0.0
767,AFT,37E,17,C,Yes,36B,36.0,B,0.0
767,AFT,37E,17,C,Yes,36D,36.0,D,306.0
767,AFT,37E,17,C,Yes,36E,36.0,E,0.0
767,AFT,37E,17,C,Yes,36F,36.0,F,0.0
767,AFT,37E,17,C,Yes,36K,36.0,K,0.0
767,AFT,37E,17,C,Yes,36L,36.0,L,0.0
767,AFT,37E,17,C,Yes,37A,37.0,A,0.0
767,AFT,37E,17,C,Yes,37B,37.0,B,0.0
767,AFT,37E,17,C,Yes,37D,37.0,D,1167.0
767,AFT,37E,17,C,Yes,37F,37.0,F,536.0
767,AFT,37E,17,C,Yes,37K,37.0,K,0.0
767,AFT,37E,17,C,Yes,37L,37.0,L,0.0
767,AFT,37E,17,C,Yes,38A,38.0,A,670.0
767,AFT,37E,17,C,Yes,38B,38.0,B,870.0
767,AFT,37E,17,C,Yes,38D,38.0,D,2081.0
767,AFT,37E,17,C,Yes,38E,38.0,E,1141.0
767,AFT,37E,17,C,Yes,38F,38.0,F,1096.0
767,AFT,37E,17,C,Yes,38K,38.0,K,489.0
767,AFT,37E,17,C,Yes,38L,38.0,L,498.0
767,AFT,37E,17,C,Yes,39A,39.0,A,2372.0
767,AFT,37E,17,C,Yes,39D,39.0,D,1763.0
767,AFT,37E,17,C,Yes,39E,39.0,E,1652.0
767,AFT,37E,17,C,Yes,39L,39.0,L,1445.0
767,AFT,37E,17,C,Yes,40A,40.0,A,1475.0
767,AFT,37E,17,C,Yes,40B,40.0,B,1324.0
767,AFT,37E,17,C,Yes,40D,40.0,D,1288.0
767,AFT,37E,17,C,Yes,40F,40.0,F,1290.0
767,AFT,37E,17,C,Yes,40K,40.0,K,1278.0
767,AFT,37E,17,C,Yes,40L,40.0,L,966.0
767,AFT,37E,17,C,Yes,41A,41.0,A,1213.0
767,AFT,37E,17,C,Yes,41L,41.0,L,1206.0
767,AFT,37E,18,C,Yes,Front Galley,,,3260.0
767,AFT,37E,18,C,Yes,34D,34.0,D,0.0
767,AFT,37E,18,C,Yes,34F,34.0,F,0.0
767,AFT,37E,18,C,Yes,35A,35.0,A,0.0
767,AFT,37E,18,C,Yes,35B,35.0,B,0.0
767,AFT,37E,18,C,Yes,35D,35.0,D,297.0
767,AFT,37E,18,C,Yes,35E,35.0,E,0.0
767,AFT,37E,18,C,Yes,35F,35.0,F,0.0
767,AFT,37E,18,C,Yes,35L,35.0,L,0.0
767,AFT,37E,18,C,Yes,36A,36.0,A,0.0
767,AFT,37E,18,C,Yes,36B,36.0,B,0.0
767,AFT,37E,18,C,Yes,36D,36.0,D,749.0
767,AFT,37E,18,C,Yes,36E,36.0,E,312.0
767,AFT,37E,18,C,Yes,36F,36.0,F,320.0
767,AFT,37E,18,C,Yes,36K,36.0,K,0.0
767,AFT,37E,18,C,Yes,36L,36.0,L,0.0
767,AFT,37E,18,C,Yes,37A,37.0,A,287.0
767,AFT,37E,18,C,Yes,37B,37.0,B,215.0
767,AFT,37E,18,C,Yes,37D,37.0,D,1504.0
767,AFT,37E,18,C,Yes,37F,37.0,F,708.0
767,AFT,37E,18,C,Yes,37K,37.0,K,309.0
767,AFT,37E,18,C,Yes,37L,37.0,L,0.0
767,AFT,37E,18,C,Yes,38A,38.0,A,880.0
767,AFT,37E,18,C,Yes,38B,38.0,B,1001.0
767,AFT,37E,18,C,Yes,38D,38.0,D,2258.0
767,AFT,37E,18,C,Yes,38E,38.0,E,2041.0
767,AFT,37E,18,C,Yes,38F,38.0,F,2122.0
767,AFT,37E,18,C,Yes,38K,38.0,K,1453.0
767,AFT,37E,18,C,Yes,38L,38.0,L,1446.0
767,AFT,37E,18,C,Yes,39A,39.0,A,2334.0
767,AFT,37E,18,C,Yes,39D,39.0,D,2121.0
767,AFT,37E,18,C,Yes,39E,39.0,E,1882.0
767,AFT,37E,18,C,Yes,39L,39.0,L,2360.0
767,AFT,37E,18,C,Yes,40A,40.0,A,1361.0
767,AFT,37E,18,C,Yes,40B,40.0,B,1397.0
767,AFT,37E,18,C,Yes,40D,40.0,D,
767,AFT,37E,18,C,Yes,40F,40.0,F,1660.0
767,AFT,37E,18,C,Yes,40K,40.0,K,1650.0
767,AFT,37E,18,C,Yes,40L,40.0,L,1452.0
767,AFT,37E,18,C,Yes,41A,41.0,A,1235.0
767,AFT,37E,18,C,Yes,41L,41.0,L,1277.0
767,AFT,37E,19,C,No,Front Galley,,,4954.0
767,AFT,37E,19,C,No,34D,34.0,D,1064.0
767,AFT,37E,19,C,No,34F,34.0,F,784.0
767,AFT,37E,19,C,No,35A,35.0,A,456.0
767,AFT,37E,19,C,No,35B,35.0,B,374.0
767,AFT,37E,19,C,No,35D,35.0,D,2528.0
767,AFT,37E,19,C,No,35E,35.0,E,2941.0
767,AFT,37E,19,C,No,35F,35.0,F,2492.0
767,AFT,37E,19,C,No,35L,35.0,L,450.0
767,AFT,37E,19,C,No,36A,36.0,A,1281.0
767,AFT,37E,19,C,No,36B,36.0,B,1372.0
767,AFT,37E,19,C,No,36D,36.0,D,6805.0
767,AFT,37E,19,C,No,36E,36.0,E,6464.0
767,AFT,37E,19,C,No,36F,36.0,F,8138.0
767,AFT,37E,19,C,No,36K,36.0,K,3181.0
767,AFT,37E,19,C,No,36L,36.0,L,2912.0
767,AFT,37E,19,C,No,37A,37.0,A,3036.0
767,AFT,37E,19,C,No,37B,37.0,B,2433.0
767,AFT,37E,19,C,No,37D,37.0,D,9894.0
767,AFT,37E,19,C,No,37F,37.0,F,19152.0
767,AFT,37E,19,C,No,37K,37.0,K,9658.0
767,AFT,37E,19,C,No,37L,37.0,L,9755.0
767,AFT,37E,19,C,No,38A,38.0,A,8729.0
767,AFT,37E,19,C,No,38B,38.0,B,8573.0
767,AFT,37E,19,C,No,38D,38.0,D,11837.0
767,AFT,37E,19,C,No,38E,38.0,E,17836.0
767,AFT,37E,19,C,No,38F,38.0,F,18404.0
767,AFT,37E,19,C,No,38K,38.0,K,20170.0
767,AFT,37E,19,C,No,38L,38.0,L,26074.0
767,AFT,37E,19,C,No,39A,39.0,A,12708.0
767,AFT,37E,19,C,No,39D,39.0,D,11615.0
767,AFT,37E,19,C,No,39E,39.0,E,11182.0
767,AFT,37E,19,C,No,39L,39.0,L,19738.0
767,AFT,37E,19,C,No,40A,40.0,A,8817.0
767,AFT,37E,19,C,No,40B,40.0,B,8032.0
767,AFT,37E,19,C,No,40D,40.0,D,
767,AFT,37E,19,C,No,40F,40.0,F,11068.0
767,AFT,37E,19,C,No,40K,40.0,K,14903.0
767,AFT,37E,19,C,No,40L,40.0,L,11294.0
767,AFT,37E,19,C,No,41A,41.0,A,7113.0
767,AFT,37E,19,C,No,41L,41.0,L,10085.0
767,AFT,37K,20,B,No,Front Galley,,,5995.0
767,AFT,37K,20,B,No,34D,34.0,D,7419.0
767,AFT,37K,20,B,No,34F,34.0,F,7553.0
767,AFT,37K,20,B,No,35A,35.0,A,3600.0
767,AFT,37K,20,B,No,35B,35.0,B,2507.0
767,AFT,37K,20,B,No,35D,35.0,D,8908.0
767,AFT,37K,20,B,No,35E,35.0,E,21516.0
767,AFT,37K,20,B,No,35F,35.0,F,27714.0
767,AFT,37K,20,B,No,35L,35.0,L,6277.0
767,AFT,37K,20,B,No,36A,36.0,A,6977.0
767,AFT,37K,20,B,No,36B,36.0,B,6961.0
767,AFT,37K,20,B,No,36D,36.0,D,14882.0
767,AFT,37K,20,B,No,36E,36.0,E,24308.0
767,AFT,37K,20,B,No,36F,36.0,F,65063.0
767,AFT,37K,20,B,No,36K,36.0,K,58410.0
767,AFT,37K,20,B,No,36L,36.0,L,40868.0
767,AFT,37K,20,B,No,37A,37.0,A,9313.0
767,AFT,37K,20,B,No,37B,37.0,B,8235.0
767,AFT,37K,20,B,No,37D,37.0,D,13826.0
767,AFT,37K,20,B,No,37F,37.0,F,41745.0
767,AFT,37K,20,B,No,37K,37.0,K,59636.0
767,AFT,37K,20,B,No,37L,37.0,L,65179.0
767,AFT,37K,20,B,No,38A,38.0,A,12001.0
767,AFT,37K,20,B,No,38B,38.0,B,11574.0
767,AFT,37K,20,B,No,38D,38.0,D,13486.0
767,AFT,37K,20,B,No,38E,38.0,E,22823.0
767,AFT,37K,20,B,No,38F,38.0,F,23589.0
767,AFT,37K,20,B,No,38K,38.0,K,42365.0
767,AFT,37K,20,B,No,38L,38.0,L,45740.0
767,AFT,37K,20,B,No,39A,39.0,A,13657.0
767,AFT,37K,20,B,No,39D,39.0,D,12919.0
767,AFT,37K,20,B,No,39E,39.0,E,12995.0
767,AFT,37K,20,B,No,39L,39.0,L,24950.0
767,AFT,37K,20,B,No,40A,40.0,A,9724.0
767,AFT,37K,20,B,No,40B,40.0,B,8939.0
767,AFT,37K,20,B,No,40D,40.0,D,
767,AFT,37K,20,B,No,40F,40.0,F,13137.0
767,AFT,37K,20,B,No,40K,40.0,K,19664.0
767,AFT,37K,20,B,No,40L,40.0,L,14466.0
767,AFT,37K,20,B,No,41A,41.0,A,8116.0
767,AFT,37K,20,B,No,41L,41.0,L,12447.0
767,AFT,37K,21,B,No,Front Galley,,,5585.0
767,AFT,37K,21,B,No,34D,34.0,D,2735.0
767,AFT,37K,21,B,No,34F,34.0,F,3401.0
767,AFT,37K,21,B,No,35A,35.0,A,1877.0
767,AFT,37K,21,B,No,35B,35.0,B,1189.0
767,AFT,37K,21,B,No,35D,35.0,D,6631.0
767,AFT,37K,21,B,No,35E,35.0,E,9052.0
767,AFT,37K,21,B,No,35F,35.0,F,15106.0
767,AFT,37K,21,B,No,35L,35.0,L,4426.0
767,AFT,37K,21,B,No,36A,36.0,A,3561.0
767,AFT,37K,21,B,No,36B,36.0,B,3575.0
767,AFT,37K,21,B,No,36D,36.0,D,11459.0
767,AFT,37K,21,B,No,36E,36.0,E,21500.0
767,AFT,37K,21,B,No,36F,36.0,F,39409.0
767,AFT,37K,21,B,No,36K,36.0,K,31507.0
767,AFT,37K,21,B,No,36L,36.0,L,18742.0
767,AFT,37K,21,B,No,37A,37.0,A,5916.0
767,AFT,37K,21,B,No,37B,37.0,B,5151.0
767,AFT,37K,21,B,No,37D,37.0,D,10475.0
767,AFT,37K,21,B,No,37F,37.0,F,34937.0
767,AFT,37K,21,B,No,37K,37.0,K,38433.0
767,AFT,37K,21,B,No,37L,37.0,L,41890.0
767,AFT,37K,21,B,No,38A,38.0,A,8490.0
767,AFT,37K,21,B,No,38B,38.0,B,8417.0
767,AFT,37K,21,B,No,38D,38.0,D,11130.0
767,AFT,37K,21,B,No,38E,38.0,E,23149.0
767,AFT,37K,21,B,No,38F,38.0,F,22504.0
767,AFT,37K,21,B,No,38K,38.0,K,36320.0
767,AFT,37K,21,B,No,38L,38.0,L,35591.0
767,AFT,37K,21,B,No,39A,39.0,A,10789.0
767,AFT,37K,21,B,No,39D,39.0,D,9608.0
767,AFT,37K,21,B,No,39E,39.0,E,13854.0
767,AFT,37K,21,B,No,39L,39.0,L,22012.0
767,AFT,37K,21,B,No,40A,40.0,A,9946.0
767,AFT,37K,21,B,No,40B,40.0,B,9133.0
767,AFT,37K,21,B,No,40D,40.0,D,
767,AFT,37K,21,B,No,40F,40.0,F,14011.0
767,AFT,37K,21,B,No,40K,40.0,K,16912.0
767,AFT,37K,21,B,No,40L,40.0,L,13075.0
767,AFT,37K,21,B,No,41A,41.0,A,9263.0
767,AFT,37K,21,B,No,41L,41.0,L,11200.0
767,AFT,37K,22,B,No,Front Galley,,,3507.0
767,AFT,37K,22,B,No,34D,34.0,D,7363.0
767,AFT,37K,22,B,No,34F,34.0,F,6894.0
767,AFT,37K,22,B,No,35A,35.0,A,2884.0
767,AFT,37K,22,B,No,35B,35.0,B,2144.0
767,AFT,37K,22,B,No,35D,35.0,D,8641.0
767,AFT,37K,22,B,No,35E,35.0,E,20339.0
767,AFT,37K,22,B,No,35F,35.0,F,22465.0
767,AFT,37K,22,B,No,35L,35.0,L,5393.0
767,AFT,37K,22,B,No,36A,36.0,A,6182.0
767,AFT,37K,22,B,No,36B,36.0,B,6289.0
767,AFT,37K,22,B,No,36D,36.0,D,13563.0
767,AFT,37K,22,B,No,36E,36.0,E,21150.0
767,AFT,37K,22,B,No,36F,36.0,F,52664.0
767,AFT,37K,22,B,No,36K,36.0,K,33973.0
767,AFT,37K,22,B,No,36L,36.0,L,31918.0
767,AFT,37K,22,B,No,37A,37.0,A,8424.0
767,AFT,37K,22,B,No,37B,37.0,B,7898.0
767,AFT,37K,22,B,No,37D,37.0,D,13380.0
767,AFT,37K,22,B,No,37F,37.0,F,40000.0
767,AFT,37K,22,B,No,37K,37.0,K,52131.0
767,AFT,37K,22,B,No,37L,37.0,L,59669.0
767,AFT,37K,22,B,No,38A,38.0,A,10140.0
767,AFT,37K,22,B,No,38B,38.0,B,10505.0
767,AFT,37K,22,B,No,38D,38.0,D,12122.0
767,AFT,37K,22,B,No,38E,38.0,E,22787.0
767,AFT,37K,22,B,No,38F,38.0,F,23262.0
767,AFT,37K,22,B,No,38K,38.0,K,43150.0
767,AFT,37K,22,B,No,38L,38.0,L,44175.0
767,AFT,37K,22,B,No,39A,39.0,A,13037.0
767,AFT,37K,22,B,No,39D,39.0,D,11780.0
767,AFT,37K,22,B,No,39E,39.0,E,12385.0
767,AFT,37K,22,B,No,39L,39.0,L,24766.0
767,AFT,37K,22,B,No,40A,40.0,A,9981.0
767,AFT,37K,22,B,No,40B,40.0,B,8442.0
767,AFT,37K,22,B,No,40D,40.0,D,
767,AFT,37K,22,B,No,40F,40.0,F,13638.0
767,AFT,37K,22,B,No,40K,40.0,K,19315.0
767,AFT,37K,22,B,No,40L,40.0,L,14443.0
767,AFT,37K,22,B,No,41A,41.0,A,8173.0
767,AFT,37K,22,B,No,41L,41.0,L,12688.0
767,AFT,37K,23,B,Yes,Front Galley,,,3775.0
767,AFT,37K,23,B,Yes,34D,34.0,D,3577.0
767,AFT,37K,23,B,Yes,34F,34.0,F,4515.0
767,AFT,37K,23,B,Yes,35A,35.0,A,1910.0
767,AFT,37K,23,B,Yes,35B,35.0,B,1313.0
767,AFT,37K,23,B,Yes,35D,35.0,D,8491.0
767,AFT,37K,23,B,Yes,35E,35.0,E,11833.0
767,AFT,37K,23,B,Yes,35F,35.0,F,19623.0
767,AFT,37K,23,B,Yes,35L,35.0,L,5536.0
767,AFT,37K,23,B,Yes,36A,36.0,A,3888.0
767,AFT,37K,23,B,Yes,36B,36.0,B,3740.0
767,AFT,37K,23,B,Yes,36D,36.0,D,11814.0
767,AFT,37K,23,B,Yes,36E,36.0,E,19900.0
767,AFT,37K,23,B,Yes,36F,36.0,F,37248.0
767,AFT,37K,23,B,Yes,36K,36.0,K,43879.0
767,AFT,37K,23,B,Yes,36L,36.0,L,26028.0
767,AFT,37K,23,B,Yes,37A,37.0,A,6023.0
767,AFT,37K,23,B,Yes,37B,37.0,B,5258.0
767,AFT,37K,23,B,Yes,37D,37.0,D,9911.0
767,AFT,37K,23,B,Yes,37F,37.0,F,29704.0
767,AFT,37K,23,B,Yes,37K,37.0,K,44016.0
767,AFT,37K,23,B,Yes,37L,37.0,L,55747.0
767,AFT,37K,23,B,Yes,38A,38.0,A,7761.0
767,AFT,37K,23,B,Yes,38B,38.0,B,7520.0
767,AFT,37K,23,B,Yes,38D,38.0,D,9481.0
767,AFT,37K,23,B,Yes,38E,38.0,E,18079.0
767,AFT,37K,23,B,Yes,38F,38.0,F,18092.0
767,AFT,37K,23,B,Yes,38K,38.0,K,31816.0
767,AFT,37K,23,B,Yes,38L,38.0,L,33273.0
767,AFT,37K,23,B,Yes,39A,39.0,A,9474.0
767,AFT,37K,23,B,Yes,39D,39.0,D,8552.0
767,AFT,37K,23,B,Yes,39E,39.0,E,10187.0
767,AFT,37K,23,B,Yes,39L,39.0,L,18585.0
767,AFT,37K,23,B,Yes,40A,40.0,A,7512.0
767,AFT,37K,23,B,Yes,40B,40.0,B,6669.0
767,AFT,37K,23,B,Yes,40D,40.0,D,
767,AFT,37K,23,B,Yes,40F,40.0,F,9976.0
767,AFT,37K,23,B,Yes,40K,40.0,K,14161.0
767,AFT,37K,23,B,Yes,40L,40.0,L,10772.0
767,AFT,37K,23,B,Yes,41A,41.0,A,6398.0
767,AFT,37K,23,B,Yes,41L,41.0,L,9254.0
767,AFT,37K,24,B,Yes,Front Galley,,,3500.0
767,AFT,37K,24,B,Yes,34D,34.0,D,4910.0
767,AFT,37K,24,B,Yes,34F,34.0,F,5120.0
767,AFT,37K,24,B,Yes,35A,35.0,A,2207.0
767,AFT,37K,24,B,Yes,35B,35.0,B,1520.0
767,AFT,37K,24,B,Yes,35D,35.0,D,7066.0
767,AFT,37K,24,B,Yes,35E,35.0,E,15464.0
767,AFT,37K,24,B,Yes,35F,35.0,F,18229.0
767,AFT,37K,24,B,Yes,35L,35.0,L,3934.0
767,AFT,37K,24,B,Yes,36A,36.0,A,5234.0
767,AFT,37K,24,B,Yes,36B,36.0,B,4763.0
767,AFT,37K,24,B,Yes,36D,36.0,D,10247.0
767,AFT,37K,24,B,Yes,36E,36.0,E,17264.0
767,AFT,37K,24,B,Yes,36F,36.0,F,31808.0
767,AFT,37K,24,B,Yes,36K,36.0,K,31205.0
767,AFT,37K,24,B,Yes,36L,36.0,L,22785.0
767,AFT,37K,24,B,Yes,37A,37.0,A,6805.0
767,AFT,37K,24,B,Yes,37B,37.0,B,6348.0
767,AFT,37K,24,B,Yes,37D,37.0,D,9762.0
767,AFT,37K,24,B,Yes,37F,37.0,F,27039.0
767,AFT,37K,24,B,Yes,37K,37.0,K,34989.0
767,AFT,37K,24,B,Yes,37L,37.0,L,37990.0
767,AFT,37K,24,B,Yes,38A,38.0,A,8132.0
767,AFT,37K,24,B,Yes,38B,38.0,B,8038.0
767,AFT,37K,24,B,Yes,38D,38.0,D,9838.0
767,AFT,37K,24,B,Yes,38E,38.0,E,16486.0
767,AFT,37K,24,B,Yes,38F,38.0,F,16637.0
767,AFT,37K,24,B,Yes,38K,38.0,K,29659.0
767,AFT,37K,24,B,Yes,38L,38.0,L,29156.0
767,AFT,37K,24,B,Yes,39A,39.0,A,9610.0
767,AFT,37K,24,B,Yes,39D,39.0,D,9567.0
767,AFT,37K,24,B,Yes,39E,39.0,E,9628.0
767,AFT,37K,24,B,Yes,39L,39.0,L,17446.0
767,AFT,37K,24,B,Yes,40A,40.0,A,7438.0
767,AFT,37K,24,B,Yes,40B,40.0,B,6492.0
767,AFT,37K,24,B,Yes,40D,40.0,D,
767,AFT,37K,24,B,Yes,40F,40.0,F,10487.0
767,AFT,37K,24,B,Yes,40K,40.0,K,14886.0
767,AFT,37K,24,B,Yes,40L,40.0,L,11116.0
767,AFT,37K,24,B,Yes,41A,41.0,A,6512.0
767,AFT,37K,24,B,Yes,41L,41.0,L,9844.0
767,AFT,37K,25,B,Yes,Front Galley,,,
767,AFT,37K,25,B,Yes,34D,34.0,D,5276.0
767,AFT,37K,25,B,Yes,34F,34.0,F,5862.0
767,AFT,37K,25,B,Yes,35A,35.0,A,2295.0
767,AFT,37K,25,B,Yes,35B,35.0,B,1702.0
767,AFT,37K,25,B,Yes,35D,35.0,D,8164.0
767,AFT,37K,25,B,Yes,35E,35.0,E,12698.0
767,AFT,37K,25,B,Yes,35F,35.0,F,18971.0
767,AFT,37K,25,B,Yes,35L,35.0,L,4858.0
767,AFT,37K,25,B,Yes,36A,36.0,A,4738.0
767,AFT,37K,25,B,Yes,36B,36.0,B,4653.0
767,AFT,37K,25,B,Yes,36D,36.0,D,14317.0
767,AFT,37K,25,B,Yes,36E,36.0,E,19185.0
767,AFT,37K,25,B,Yes,36F,36.0,F,35522.0
767,AFT,37K,25,B,Yes,36K,36.0,K,32462.0
767,AFT,37K,25,B,Yes,36L,36.0,L,20871.0
767,AFT,37K,25,B,Yes,37A,37.0,A,7177.0
767,AFT,37K,25,B,Yes,37B,37.0,B,6384.0
767,AFT,37K,25,B,Yes,37D,37.0,D,12209.0
767,AFT,37K,25,B,Yes,37F,37.0,F,30556.0
767,AFT,37K,25,B,Yes,37K,37.0,K,38676.0
767,AFT,37K,25,B,Yes,37L,37.0,L,38617.0
767,AFT,37K,25,B,Yes,38A,38.0,A,9346.0
767,AFT,37K,25,B,Yes,38B,38.0,B,9261.0
767,AFT,37K,25,B,Yes,38D,38.0,D,12274.0
767,AFT,37K,25,B,Yes,38E,38.0,E,20548.0
767,AFT,37K,25,B,Yes,38F,38.0,F,18965.0
767,AFT,37K,25,B,Yes,38K,38.0,K,31817.0
767,AFT,37K,25,B,Yes,38L,38.0,L,28048.0
767,AFT,37K,25,B,Yes,39A,39.0,A,11140.0
767,AFT,37K,25,B,Yes,39D,39.0,D,10537.0
767,AFT,37K,25,B,Yes,39E,39.0,E,11574.0
767,AFT,37K,25,B,Yes,39L,39.0,L,19242.0
767,AFT,37K,25,B,Yes,40A,40.0,A,9031.0
767,AFT,37K,25,B,Yes,40B,40.0,B,8320.0
767,AFT,37K,25,B,Yes,40D,40.0,D,
767,AFT,37K,25,B,Yes,40F,40.0,F,11590.0
767,AFT,37K,25,B,Yes,40K,40.0,K,15188.0
767,AFT,37K,25,B,Yes,40L,40.0,L,11943.0
767,AFT,37K,25,B,Yes,41A,41.0,A,8201.0
767,AFT,37K,25,B,Yes,41L,41.0,L,10223.0
767,AFT,37K,26,C,No,Front Galley,,,
767,AFT,37K,26,C,No,34D,34.0,D,4373.0
767,AFT,37K,26,C,No,34F,34.0,F,4334.0
767,AFT,37K,26,C,No,35A,35.0,A,1591.0
767,AFT,37K,26,C,No,35B,35.0,B,1061.0
767,AFT,37K,26,C,No,35D,35.0,D,5316.0
767,AFT,37K,26,C,No,35E,35.0,E,12161.0
767,AFT,37K,26,C,No,35F,35.0,F,15233.0
767,AFT,37K,26,C,No,35L,35.0,L,2341.0
767,AFT,37K,26,C,No,36A,36.0,A,3572.0
767,AFT,37K,26,C,No,36B,36.0,B,3318.0
767,AFT,37K,26,C,No,36D,36.0,D,8732.0
767,AFT,37K,26,C,No,36E,36.0,E,18436.0
767,AFT,37K,26,C,No,36F,36.0,F,49648.0
767,AFT,37K,26,C,No,36K,36.0,K,30606.0
767,AFT,37K,26,C,No,36L,36.0,L,25409.0
767,AFT,37K,26,C,No,37A,37.0,A,5327.0
767,AFT,37K,26,C,No,37B,37.0,B,4464.0
767,AFT,37K,26,C,No,37D,37.0,D,9646.0
767,AFT,37K,26,C,No,37F,37.0,F,31494.0
767,AFT,37K,26,C,No,37K,37.0,K,60940.0
767,AFT,37K,26,C,No,37L,37.0,L,44592.0
767,AFT,37K,26,C,No,38A,38.0,A,7201.0
767,AFT,37K,26,C,No,38B,38.0,B,7444.0
767,AFT,37K,26,C,No,38D,38.0,D,9428.0
767,AFT,37K,26,C,No,38E,38.0,E,17917.0
767,AFT,37K,26,C,No,38F,38.0,F,18921.0
767,AFT,37K,26,C,No,38K,38.0,K,34782.0
767,AFT,37K,26,C,No,38L,38.0,L,35890.0
767,AFT,37K,26,C,No,39A,39.0,A,9294.0
767,AFT,37K,26,C,No,39D,39.0,D,8249.0
767,AFT,37K,26,C,No,39E,39.0,E,10251.0
767,AFT,37K,26,C,No,39L,39.0,L,19867.0
767,AFT,37K,26,C,No,40A,40.0,A,7838.0
767,AFT,37K,26,C,No,40B,40.0,B,7059.0
767,AFT,37K,26,C,No,40D,40.0,D,
767,AFT,37K,26,C,No,40F,40.0,F,10965.0
767,AFT,37K,26,C,No,40K,40.0,K,16199.0
767,AFT,37K,26,C,No,40L,40.0,L,12341.0
767,AFT,37K,26,C,No,41A,41.0,A,6975.0
767,AFT,37K,26,C,No,41L,41.0,L,10518.0
767,AFT,37K,27,C,No,Front Galley,,,
767,AFT,37K,27,C,No,34D,34.0,D,1484.0
767,AFT,37K,27,C,No,34F,34.0,F,2422.0
767,AFT,37K,27,C,No,35A,35.0,A,718.0
767,AFT,37K,27,C,No,35B,35.0,B,532.0
767,AFT,37K,27,C,No,35D,35.0,D,3566.0
767,AFT,37K,27,C,No,35E,35.0,E,7594.0
767,AFT,37K,27,C,No,35F,35.0,F,7815.0
767,AFT,37K,27,C,No,35L,35.0,L,1004.0
767,AFT,37K,27,C,No,36A,36.0,A,2028.0
767,AFT,37K,27,C,No,36B,36.0,B,2002.0
767,AFT,37K,27,C,No,36D,36.0,D,7162.0
767,AFT,37K,27,C,No,36E,36.0,E,13885.0
767,AFT,37K,27,C,No,36F,36.0,F,70235.0
767,AFT,37K,27,C,No,36K,36.0,K,11761.0
767,AFT,37K,27,C,No,36L,36.0,L,13025.0
767,AFT,37K,27,C,No,37A,37.0,A,4188.0
767,AFT,37K,27,C,No,37B,37.0,B,3413.0
767,AFT,37K,27,C,No,37D,37.0,D,9837.0
767,AFT,37K,27,C,No,37F,37.0,F,35851.0
767,AFT,37K,27,C,No,37K,37.0,K,43150.0
767,AFT,37K,27,C,No,37L,37.0,L,42487.0
767,AFT,37K,27,C,No,38A,38.0,A,7068.0
767,AFT,37K,27,C,No,38B,38.0,B,6880.0
767,AFT,37K,27,C,No,38D,38.0,D,11921.0
767,AFT,37K,27,C,No,38E,38.0,E,27131.0
767,AFT,37K,27,C,No,38F,38.0,F,24730.0
767,AFT,37K,27,C,No,38K,38.0,K,39643.0
767,AFT,37K,27,C,No,38L,38.0,L,42376.0
767,AFT,37K,27,C,No,39A,39.0,A,10652.0
767,AFT,37K,27,C,No,39D,39.0,D,8294.0
767,AFT,37K,27,C,No,39E,39.0,E,13998.0
767,AFT,37K,27,C,No,39L,39.0,L,23884.0
767,AFT,37K,27,C,No,40A,40.0,A,10976.0
767,AFT,37K,27,C,No,40B,40.0,B,9458.0
767,AFT,37K,27,C,No,40D,40.0,D,
767,AFT,37K,27,C,No,40F,40.0,F,14174.0
767,AFT,37K,27,C,No,40K,40.0,K,19549.0
767,AFT,37K,27,C,No,40L,40.0,L,15505.0
767,AFT,37K,27,C,No,41A,41.0,A,8913.0
767,AFT,37K,27,C,No,41L,41.0,L,12808.0
767,AFT,37K,28,C,No,Front Galley,,,
767,AFT,37K,28,C,No,34D,34.0,D,5305.0
767,AFT,37K,28,C,No,34F,34.0,F,8421.0
767,AFT,37K,28,C,No,35A,35.0,A,3039.0
767,AFT,37K,28,C,No,35B,35.0,B,2207.0
767,AFT,37K,28,C,No,35D,35.0,D,9323.0
767,AFT,37K,28,C,No,35E,35.0,E,18279.0
767,AFT,37K,28,C,No,35F,35.0,F,30125.0
767,AFT,37K,28,C,No,35L,35.0,L,9091.0
767,AFT,37K,28,C,No,36A,36.0,A,5755.0
767,AFT,37K,28,C,No,36B,36.0,B,6055.0
767,AFT,37K,28,C,No,36D,36.0,D,15954.0
767,AFT,37K,28,C,No,36E,36.0,E,22505.0
767,AFT,37K,28,C,No,36F,36.0,F,59975.0
767,AFT,37K,28,C,No,36K,36.0,K,74041.0
767,AFT,37K,28,C,No,36L,36.0,L,43000.0
767,AFT,37K,28,C,No,37A,37.0,A,8470.0
767,AFT,37K,28,C,No,37B,37.0,B,8046.0
767,AFT,37K,28,C,No,37D,37.0,D,13902.0
767,AFT,37K,28,C,No,37F,37.0,F,37763.0
767,AFT,37K,28,C,No,37K,37.0,K,67667.0
767,AFT,37K,28,C,No,37L,37.0,L,54383.0
767,AFT,37K,28,C,No,38A,38.0,A,10985.0
767,AFT,37K,28,C,No,38B,38.0,B,10888.0
767,AFT,37K,28,C,No,38D,38.0,D,13419.0
767,AFT,37K,28,C,No,38E,38.0,E,23087.0
767,AFT,37K,28,C,No,38F,38.0,F,20696.0
767,AFT,37K,28,C,No,38K,38.0,K,31873.0
767,AFT,37K,28,C,No,38L,38.0,L,35882.0
767,AFT,37K,28,C,No,39A,39.0,A,12267.0
767,AFT,37K,28,C,No,39D,39.0,D,11719.0
767,AFT,37K,28,C,No,39E,39.0,E,11386.0
767,AFT,37K,28,C,No,39L,39.0,L,21419.0
767,AFT,37K,28,C,No,40A,40.0,A,9589.0
767,AFT,37K,28,C,No,40B,40.0,B,8540.0
767,AFT,37K,28,C,No,40D,40.0,D,
767,AFT,37K,28,C,No,40F,40.0,F,11777.0
767,AFT,37K,28,C,No,40K,40.0,K,16619.0
767,AFT,37K,28,C,No,40L,40.0,L,12294.0
767,AFT,37K,28,C,No,41A,41.0,A,7438.0
767,AFT,37K,28,C,No,41L,41.0,L,10398.0
767,AFT,37K,29,C,Yes,Front Galley,,,
767,AFT,37K,29,C,Yes,34D,34.0,D,297.0
767,AFT,37K,29,C,Yes,34F,34.0,F,429.0
767,AFT,37K,29,C,Yes,35A,35.0,A,0.0
767,AFT,37K,29,C,Yes,35B,35.0,B,0.0
767,AFT,37K,29,C,Yes,35D,35.0,D,622.0
767,AFT,37K,29,C,Yes,35E,35.0,E,860.0
767,AFT,37K,29,C,Yes,35F,35.0,F,1262.0
767,AFT,37K,29,C,Yes,35L,35.0,L,368.0
767,AFT,37K,29,C,Yes,36A,36.0,A,407.0
767,AFT,37K,29,C,Yes,36B,36.0,B,331.0
767,AFT,37K,29,C,Yes,36D,36.0,D,724.0
767,AFT,37K,29,C,Yes,36E,36.0,E,1301.0
767,AFT,37K,29,C,Yes,36F,36.0,F,2288.0
767,AFT,37K,29,C,Yes,36K,36.0,K,2301.0
767,AFT,37K,29,C,Yes,36L,36.0,L,1655.0
767,AFT,37K,29,C,Yes,37A,37.0,A,490.0
767,AFT,37K,29,C,Yes,37B,37.0,B,415.0
767,AFT,37K,29,C,Yes,37D,37.0,D,842.0
767,AFT,37K,29,C,Yes,37F,37.0,F,2239.0
767,AFT,37K,29,C,Yes,37K,37.0,K,2709.0
767,AFT,37K,29,C,Yes,37L,37.0,L,3729.0
767,AFT,37K,29,C,Yes,38A,38.0,A,563.0
767,AFT,37K,29,C,Yes,38B,38.0,B,538.0
767,AFT,37K,29,C,Yes,38D,38.0,D,785.0
767,AFT,37K,29,C,Yes,38E,38.0,E,1327.0
767,AFT,37K,29,C,Yes,38F,38.0,F,1436.0
767,AFT,37K,29,C,Yes,38K,38.0,K,2362.0
767,AFT,37K,29,C,Yes,38L,38.0,L,2351.0
767,AFT,37K,29,C,Yes,39A,39.0,A,723.0
767,AFT,37K,29,C,Yes,39D,39.0,D,683.0
767,AFT,37K,29,C,Yes,39E,39.0,E,1012.0
767,AFT,37K,29,C,Yes,39L,39.0,L,1418.0
767,AFT,37K,29,C,Yes,40A,40.0,A,803.0
767,AFT,37K,29,C,Yes,40B,40.0,B,641.0
767,AFT,37K,29,C,Yes,40D,40.0,D,
767,AFT,37K,29,C,Yes,40F,40.0,F,1241.0
767,AFT,37K,29,C,Yes,40K,40.0,K,1174.0
767,AFT,37K,29,C,Yes,40L,40.0,L,990.0
767,AFT,37K,29,C,Yes,41A,41.0,A,763.0
767,AFT,37K,29,C,Yes,41L,41.0,L,859.0
767,AFT,37K,30,C,Yes,Front Galley,,,
767,AFT,37K,30,C,Yes,34D,34.0,D,361.0
767,AFT,37K,30,C,Yes,34F,34.0,F,306.0
767,AFT,37K,30,C,Yes,35A,35.0,A,0.0
767,AFT,37K,30,C,Yes,35B,35.0,B,0.0
767,AFT,37K,30,C,Yes,35D,35.0,D,428.0
767,AFT,37K,30,C,Yes,35E,35.0,E,913.0
767,AFT,37K,30,C,Yes,35F,35.0,F,1287.0
767,AFT,37K,30,C,Yes,35L,35.0,L,355.0
767,AFT,37K,30,C,Yes,36A,36.0,A,280.0
767,AFT,37K,30,C,Yes,36B,36.0,B,284.0
767,AFT,37K,30,C,Yes,36D,36.0,D,837.0
767,AFT,37K,30,C,Yes,36E,36.0,E,1176.0
767,AFT,37K,30,C,Yes,36F,36.0,F,2197.0
767,AFT,37K,30,C,Yes,36K,36.0,K,2175.0
767,AFT,37K,30,C,Yes,36L,36.0,L,1435.0
767,AFT,37K,30,C,Yes,37A,37.0,A,379.0
767,AFT,37K,30,C,Yes,37B,37.0,B,414.0
767,AFT,37K,30,C,Yes,37D,37.0,D,740.0
767,AFT,37K,30,C,Yes,37F,37.0,F,2327.0
767,AFT,37K,30,C,Yes,37K,37.0,K,2464.0
767,AFT,37K,30,C,Yes,37L,37.0,L,3643.0
767,AFT,37K,30,C,Yes,38A,38.0,A,551.0
767,AFT,37K,30,C,Yes,38B,38.0,B,579.0
767,AFT,37K,30,C,Yes,38D,38.0,D,703.0
767,AFT,37K,30,C,Yes,38E,38.0,E,1254.0
767,AFT,37K,30,C,Yes,38F,38.0,F,1126.0
767,AFT,37K,30,C,Yes,38K,38.0,K,2568.0
767,AFT,37K,30,C,Yes,38L,38.0,L,2413.0
767,AFT,37K,30,C,Yes,39A,39.0,A,636.0
767,AFT,37K,30,C,Yes,39D,39.0,D,640.0
767,AFT,37K,30,C,Yes,39E,39.0,E,584.0
767,AFT,37K,30,C,Yes,39L,39.0,L,1200.0
767,AFT,37K,30,C,Yes,40A,40.0,A,567.0
767,AFT,37K,30,C,Yes,40B,40.0,B,441.0
767,AFT,37K,30,C,Yes,40D,40.0,D,
767,AFT,37K,30,C,Yes,40F,40.0,F,724.0
767,AFT,37K,30,C,Yes,40K,40.0,K,985.0
767,AFT,37K,30,C,Yes,40L,40.0,L,802.0
767,AFT,37K,30,C,Yes,41A,41.0,A,449.0
767,AFT,37K,30,C,Yes,41L,41.0,L,601.0
767,AFT,37K,31,C,Yes,Front Galley,,,
767,AFT,37K,31,C,Yes,34D,34.0,D,0.0
767,AFT,37K,31,C,Yes,34F,34.0,F,
767,AFT,37K,31,C,Yes,35A,35.0,A,0.0
767,AFT,37K,31,C,Yes,35B,35.0,B,0.0
767,AFT,37K,31,C,Yes,35D,35.0,D,
767,AFT,37K,31,C,Yes,35E,35.0,E,403.0
767,AFT,37K,31,C,Yes,35F,35.0,F,
767,AFT,37K,31,C,Yes,35L,35.0,L,0.0
767,AFT,37K,31,C,Yes,36A,36.0,A,219.0
767,AFT,37K,31,C,Yes,36B,36.0,B,0.0
767,AFT,37K,31,C,Yes,36D,36.0,D,
767,AFT,37K,31,C,Yes,36E,36.0,E,
767,AFT,37K,31,C,Yes,36F,36.0,F,435.0
767,AFT,37K,31,C,Yes,36K,36.0,K,1723.0
767,AFT,37K,31,C,Yes,36L,36.0,L,1107.0
767,AFT,37K,31,C,Yes,37A,37.0,A,0.0
767,AFT,37K,31,C,Yes,37B,37.0,B,0.0
767,AFT,37K,31,C,Yes,37D,37.0,D,
767,AFT,37K,31,C,Yes,37F,37.0,F,1756.0
767,AFT,37K,31,C,Yes,37K,37.0,K,2292.0
767,AFT,37K,31,C,Yes,37L,37.0,L,3230.0
767,AFT,37K,31,C,Yes,38A,38.0,A,418.0
767,AFT,37K,31,C,Yes,38B,38.0,B,419.0
767,AFT,37K,31,C,Yes,38D,38.0,D,661.0
767,AFT,37K,31,C,Yes,38E,38.0,E,1177.0
767,AFT,37K,31,C,Yes,38F,38.0,F,1218.0
767,AFT,37K,31,C,Yes,38K,38.0,K,
767,AFT,37K,31,C,Yes,38L,38.0,L,2340.0
767,AFT,37K,31,C,Yes,39A,39.0,A,544.0
767,AFT,37K,31,C,Yes,39D,39.0,D,532.0
767,AFT,37K,31,C,Yes,39E,39.0,E,
767,AFT,37K,31,C,Yes,39L,39.0,L,1086.0
767,AFT,37K,31,C,Yes,40A,40.0,A,432.0
767,AFT,37K,31,C,Yes,40B,40.0,B,447.0
767,AFT,37K,31,C,Yes,40D,40.0,D,
767,AFT,37K,31,C,Yes,40F,40.0,F,659.0
767,AFT,37K,31,C,Yes,40K,40.0,K,
767,AFT,37K,31,C,Yes,40L,40.0,L,
767,AFT,37K,31,C,Yes,41A,41.0,A,414.0
767,AFT,37K,31,C,Yes,41L,41.0,L,
767,FWD-MID,18A,62,B,No,10A,10.0,A,10285.0
767,FWD-MID,18A,62,B,No,10F,10.0,F,8639.0
767,FWD-MID,18A,62,B,No,10L,10.0,L,7177.0
767,FWD-MID,18A,62,B,No,16A,16.0,A,17989.0
767,FWD-MID,18A,62,B,No,16B,16.0,B,18706.0
767,FWD-MID,18A,62,B,No,16D,16.0,D,24818.0
767,FWD-MID,18A,62,B,No,16E,16.0,E,8394.0
767,FWD-MID,18A,62,B,No,16F,16.0,F,6105.0
767,FWD-MID,18A,62,B,No,16K,16.0,K,6769.0
767,FWD-MID,18A,62,B,No,16L,16.0,L,6624.0
767,FWD-MID,18A,62,B,No,17A,17.0,A,19487.0
767,FWD-MID,18A,62,B,No,17B,17.0,B,19539.0
767,FWD-MID,18A,62,B,No,17D,17.0,D,8811.0
767,FWD-MID,18A,62,B,No,17E,17.0,E,3501.0
767,FWD-MID,18A,62,B,No,17F,17.0,F,3711.0
767,FWD-MID,18A,62,B,No,17L,17.0,L,4523.0
767,FWD-MID,18A,62,B,No,18A,18.0,A,79565.0
767,FWD-MID,18A,62,B,No,18B,18.0,B,16050.0
767,FWD-MID,18A,62,B,No,18D,18.0,D,1869.0
767,FWD-MID,18A,62,B,No,18E,18.0,E,2001.0
767,FWD-MID,18A,62,B,No,18F,18.0,F,934.0
767,FWD-MID,18A,62,B,No,19A,19.0,A,1996.0
767,FWD-MID,18A,62,B,No,19B,19.0,B,2168.0
767,FWD-MID,18A,62,B,No,19D,19.0,D,1195.0
767,FWD-MID,18A,62,B,No,19E,19.0,E,995.0
767,FWD-MID,18A,62,B,No,19F,19.0,F,899.0
767,FWD-MID,18A,62,B,No,19K,19.0,K,605.0
767,FWD-MID,18A,62,B,No,19L,19.0,L,796.0
767,FWD-MID,18A,62,B,No,20B,20.0,B,588.0
767,FWD-MID,18A,62,B,No,20D,20.0,D,357.0
767,FWD-MID,18A,62,B,No,20E,20.0,E,422.0
767,FWD-MID,18A,62,B,No,20F,20.0,F,296.0
767,FWD-MID,18A,62,B,No,20K,20.0,K,367.0
767,FWD-MID,18A,62,B,No,20L,20.0,L,573.0
767,FWD-MID,18A,62,B,No,21A,21.0,A,314.0
767,FWD-MID,18A,62,B,No,21B,21.0,B,206.0
767,FWD-MID,18A,62,B,No,21K,21.0,K,283.0
767,FWD-MID,18A,62,B,No,21L,21.0,L,283.0
767,FWD-MID,18A,62,B,No,22E,22.0,E,
767,FWD-MID,18A,63,B,No,10A,10.0,A,12760.0
767,FWD-MID,18A,63,B,No,10F,10.0,F,10630.0
767,FWD-MID,18A,63,B,No,10L,10.0,L,7657.0
767,FWD-MID,18A,63,B,No,16A,16.0,A,15331.0
767,FWD-MID,18A,63,B,No,16B,16.0,B,15796.0
767,FWD-MID,18A,63,B,No,16D,16.0,D,11248.0
767,FWD-MID,18A,63,B,No,16E,16.0,E,5786.0
767,FWD-MID,18A,63,B,No,16F,16.0,F,4768.0
767,FWD-MID,18A,63,B,No,16K,16.0,K,6709.0
767,FWD-MID,18A,63,B,No,16L,16.0,L,6193.0
767,FWD-MID,18A,63,B,No,17A,17.0,A,14441.0
767,FWD-MID,18A,63,B,No,17B,17.0,B,15621.0
767,FWD-MID,18A,63,B,No,17D,17.0,D,16778.0
767,FWD-MID,18A,63,B,No,17E,17.0,E,4026.0
767,FWD-MID,18A,63,B,No,17F,17.0,F,4084.0
767,FWD-MID,18A,63,B,No,17L,17.0,L,4433.0
767,FWD-MID,18A,63,B,No,18A,18.0,A,51796.0
767,FWD-MID,18A,63,B,No,18B,18.0,B,12107.0
767,FWD-MID,18A,63,B,No,18D,18.0,D,2091.0
767,FWD-MID,18A,63,B,No,18E,18.0,E,1927.0
767,FWD-MID,18A,63,B,No,18F,18.0,F,1002.0
767,FWD-MID,18A,63,B,No,19A,19.0,A,2035.0
767,FWD-MID,18A,63,B,No,19B,19.0,B,2154.0
767,FWD-MID,18A,63,B,No,19D,19.0,D,1164.0
767,FWD-MID,18A,63,B,No,19E,19.0,E,995.0
767,FWD-MID,18A,63,B,No,19F,19.0,F,1053.0
767,FWD-MID,18A,63,B,No,19K,19.0,K,762.0
767,FWD-MID,18A,63,B,No,19L,19.0,L,942.0
767,FWD-MID,18A,63,B,No,20B,20.0,B,640.0
767,FWD-MID,18A,63,B,No,20D,20.0,D,392.0
767,FWD-MID,18A,63,B,No,20E,20.0,E,542.0
767,FWD-MID,18A,63,B,No,20F,20.0,F,266.0
767,FWD-MID,18A,63,B,No,20K,20.0,K,435.0
767,FWD-MID,18A,63,B,No,20L,20.0,L,636.0
767,FWD-MID,18A,63,B,No,21A,21.0,A,383.0
767,FWD-MID,18A,63,B,No,21B,21.0,B,0.0
767,FWD-MID,18A,63,B,No,21K,21.0,K,281.0
767,FWD-MID,18A,63,B,No,21L,21.0,L,315.0
767,FWD-MID,18A,63,B,No,22E,22.0,E,
767,FWD-MID,18A,64,B,No,10A,10.0,A,10436.0
767,FWD-MID,18A,64,B,No,10F,10.0,F,9392.0
767,FWD-MID,18A,64,B,No,10L,10.0,L,7478.0
767,FWD-MID,18A,64,B,No,16A,16.0,A,17574.0
767,FWD-MID,18A,64,B,No,16B,16.0,B,17510.0
767,FWD-MID,18A,64,B,No,16D,16.0,D,13580.0
767,FWD-MID,18A,64,B,No,16E,16.0,E,8069.0
767,FWD-MID,18A,64,B,No,16F,16.0,F,7428.0
767,FWD-MID,18A,64,B,No,16K,16.0,K,7019.0
767,FWD-MID,18A,64,B,No,16L,16.0,L,6920.0
767,FWD-MID,18A,64,B,No,17A,17.0,A,20395.0
767,FWD-MID,18A,64,B,No,17B,17.0,B,27048.0
767,FWD-MID,18A,64,B,No,17D,17.0,D,6677.0
767,FWD-MID,18A,64,B,No,17E,17.0,E,3983.0
767,FWD-MID,18A,64,B,No,17F,17.0,F,3716.0
767,FWD-MID,18A,64,B,No,17L,17.0,L,3753.0
767,FWD-MID,18A,64,B,No,18A,18.0,A,66420.0
767,FWD-MID,18A,64,B,No,18B,18.0,B,14987.0
767,FWD-MID,18A,64,B,No,18D,18.0,D,2460.0
767,FWD-MID,18A,64,B,No,18E,18.0,E,2194.0
767,FWD-MID,18A,64,B,No,18F,18.0,F,982.0
767,FWD-MID,18A,64,B,No,19A,19.0,A,2298.0
767,FWD-MID,18A,64,B,No,19B,19.0,B,2297.0
767,FWD-MID,18A,64,B,No,19D,19.0,D,1145.0
767,FWD-MID,18A,64,B,No,19E,19.0,E,1171.0
767,FWD-MID,18A,64,B,No,19F,19.0,F,1079.0
767,FWD-MID,18A,64,B,No,19K,19.0,K,666.0
767,FWD-MID,18A,64,B,No,19L,19.0,L,807.0
767,FWD-MID,18A,64,B,No,20B,20.0,B,687.0
767,FWD-MID,18A,64,B,No,20D,20.0,D,391.0
767,FWD-MID,18A,64,B,No,20E,20.0,E,367.0
767,FWD-MID,18A,64,B,No,20F,20.0,F,232.0
767,FWD-MID,18A,64,B,No,20K,20.0,K,347.0
767,FWD-MID,18A,64,B,No,20L,20.0,L,529.0
767,FWD-MID,18A,64,B,No,21A,21.0,A,343.0
767,FWD-MID,18A,64,B,No,21B,21.0,B,282.0
767,FWD-MID,18A,64,B,No,21K,21.0,K,246.0
767,FWD-MID,18A,64,B,No,21L,21.0,L,241.0
767,FWD-MID,18A,64,B,No,22E,22.0,E,
767,FWD-MID,18A,65,B,Yes,10A,10.0,A,7333.0
767,FWD-MID,18A,65,B,Yes,10F,10.0,F,6105.0
767,FWD-MID,18A,65,B,Yes,10L,10.0,L,4253.0
767,FWD-MID,18A,65,B,Yes,16A,16.0,A,13309.0
767,FWD-MID,18A,65,B,Yes,16B,16.0,B,13449.0
767,FWD-MID,18A,65,B,Yes,16D,16.0,D,8238.0
767,FWD-MID,18A,65,B,Yes,16E,16.0,E,5171.0
767,FWD-MID,18A,65,B,Yes,16F,16.0,F,5881.0
767,FWD-MID,18A,65,B,Yes,16K,16.0,K,4081.0
767,FWD-MID,18A,65,B,Yes,16L,16.0,L,3610.0
767,FWD-MID,18A,65,B,Yes,17A,17.0,A,19847.0
767,FWD-MID,18A,65,B,Yes,17B,17.0,B,20969.0
767,FWD-MID,18A,65,B,Yes,17D,17.0,D,4367.0
767,FWD-MID,18A,65,B,Yes,17E,17.0,E,2251.0
767,FWD-MID,18A,65,B,Yes,17F,17.0,F,2256.0
767,FWD-MID,18A,65,B,Yes,17L,17.0,L,2547.0
767,FWD-MID,18A,65,B,Yes,18A,18.0,A,57597.0
767,FWD-MID,18A,65,B,Yes,18B,18.0,B,17732.0
767,FWD-MID,18A,65,B,Yes,18D,18.0,D,2423.0
767,FWD-MID,18A,65,B,Yes,18E,18.0,E,1573.0
767,FWD-MID,18A,65,B,Yes,18F,18.0,F,718.0
767,FWD-MID,18A,65,B,Yes,19A,19.0,A,2242.0
767,FWD-MID,18A,65,B,Yes,19B,19.0,B,2417.0
767,FWD-MID,18A,65,B,Yes,19D,19.0,D,1330.0
767,FWD-MID,18A,65,B,Yes,19E,19.0,E,1009.0
767,FWD-MID,18A,65,B,Yes,19F,19.0,F,1134.0
767,FWD-MID,18A,65,B,Yes,19K,19.0,K,545.0
767,FWD-MID,18A,65,B,Yes,19L,19.0,L,688.0
767,FWD-MID,18A,65,B,Yes,20B,20.0,B,634.0
767,FWD-MID,18A,65,B,Yes,20D,20.0,D,396.0
767,FWD-MID,18A,65,B,Yes,20E,20.0,E,498.0
767,FWD-MID,18A,65,B,Yes,20F,20.0,F,230.0
767,FWD-MID,18A,65,B,Yes,20K,20.0,K,259.0
767,FWD-MID,18A,65,B,Yes,20L,20.0,L,478.0
767,FWD-MID,18A,65,B,Yes,21A,21.0,A,276.0
767,FWD-MID,18A,65,B,Yes,21B,21.0,B,220.0
767,FWD-MID,18A,65,B,Yes,21K,21.0,K,236.0
767,FWD-MID,18A,65,B,Yes,21L,21.0,L,223.0
767,FWD-MID,18A,65,B,Yes,22E,22.0,E,
767,FWD-MID,18A,66,B,Yes,10A,10.0,A,8015.0
767,FWD-MID,18A,66,B,Yes,10F,10.0,F,8306.0
767,FWD-MID,18A,66,B,Yes,10L,10.0,L,5209.0
767,FWD-MID,18A,66,B,Yes,16A,16.0,A,14203.0
767,FWD-MID,18A,66,B,Yes,16B,16.0,B,14340.0
767,FWD-MID,18A,66,B,Yes,16D,16.0,D,8456.0
767,FWD-MID,18A,66,B,Yes,16E,16.0,E,5009.0
767,FWD-MID,18A,66,B,Yes,16F,16.0,F,5128.0
767,FWD-MID,18A,66,B,Yes,16K,16.0,K,4781.0
767,FWD-MID,18A,66,B,Yes,16L,16.0,L,4173.0
767,FWD-MID,18A,66,B,Yes,17A,17.0,A,17857.0
767,FWD-MID,18A,66,B,Yes,17B,17.0,B,20308.0
767,FWD-MID,18A,66,B,Yes,17D,17.0,D,4082.0
767,FWD-MID,18A,66,B,Yes,17E,17.0,E,2271.0
767,FWD-MID,18A,66,B,Yes,17F,17.0,F,2823.0
767,FWD-MID,18A,66,B,Yes,17L,17.0,L,2688.0
767,FWD-MID,18A,66,B,Yes,18A,18.0,A,66900.0
767,FWD-MID,18A,66,B,Yes,18B,18.0,B,21630.0
767,FWD-MID,18A,66,B,Yes,18D,18.0,D,2006.0
767,FWD-MID,18A,66,B,Yes,18E,18.0,E,1693.0
767,FWD-MID,18A,66,B,Yes,18F,18.0,F,729.0
767,FWD-MID,18A,66,B,Yes,19A,19.0,A,2521.0
767,FWD-MID,18A,66,B,Yes,19B,19.0,B,2718.0
767,FWD-MID,18A,66,B,Yes,19D,19.0,D,1298.0
767,FWD-MID,18A,66,B,Yes,19E,19.0,E,1172.0
767,FWD-MID,18A,66,B,Yes,19F,19.0,F,1044.0
767,FWD-MID,18A,66,B,Yes,19K,19.0,K,561.0
767,FWD-MID,18A,66,B,Yes,19L,19.0,L,682.0
767,FWD-MID,18A,66,B,Yes,20B,20.0,B,688.0
767,FWD-MID,18A,66,B,Yes,20D,20.0,D,378.0
767,FWD-MID,18A,66,B,Yes,20E,20.0,E,429.0
767,FWD-MID,18A,66,B,Yes,20F,20.0,F,248.0
767,FWD-MID,18A,66,B,Yes,20K,20.0,K,364.0
767,FWD-MID,18A,66,B,Yes,20L,20.0,L,507.0
767,FWD-MID,18A,66,B,Yes,21A,21.0,A,318.0
767,FWD-MID,18A,66,B,Yes,21B,21.0,B,214.0
767,FWD-MID,18A,66,B,Yes,21K,21.0,K,263.0
767,FWD-MID,18A,66,B,Yes,21L,21.0,L,0.0
767,FWD-MID,18A,66,B,Yes,22E,22.0,E,
767,FWD-MID,18A,67,B,Yes,10A,10.0,A,8639.0
767,FWD-MID,18A,67,B,Yes,10F,10.0,F,7510.0
767,FWD-MID,18A,67,B,Yes,10L,10.0,L,5480.0
767,FWD-MID,18A,67,B,Yes,16A,16.0,A,14995.0
767,FWD-MID,18A,67,B,Yes,16B,16.0,B,14914.0
767,FWD-MID,18A,67,B,Yes,16D,16.0,D,8459.0
767,FWD-MID,18A,67,B,Yes,16E,16.0,E,5050.0
767,FWD-MID,18A,67,B,Yes,16F,16.0,F,3957.0
767,FWD-MID,18A,67,B,Yes,16K,16.0,K,5059.0
767,FWD-MID,18A,67,B,Yes,16L,16.0,L,4658.0
767,FWD-MID,18A,67,B,Yes,17A,17.0,A,17620.0
767,FWD-MID,18A,67,B,Yes,17B,17.0,B,18367.0
767,FWD-MID,18A,67,B,Yes,17D,17.0,D,6343.0
767,FWD-MID,18A,67,B,Yes,17E,17.0,E,3033.0
767,FWD-MID,18A,67,B,Yes,17F,17.0,F,2770.0
767,FWD-MID,18A,67,B,Yes,17L,17.0,L,2996.0
767,FWD-MID,18A,67,B,Yes,18A,18.0,A,51070.0
767,FWD-MID,18A,67,B,Yes,18B,18.0,B,21627.0
767,FWD-MID,18A,67,B,Yes,18D,18.0,D,2366.0
767,FWD-MID,18A,67,B,Yes,18E,18.0,E,1812.0
767,FWD-MID,18A,67,B,Yes,18F,18.0,F,934.0
767,FWD-MID,18A,67,B,Yes,19A,19.0,A,2072.0
767,FWD-MID,18A,67,B,Yes,19B,19.0,B,2297.0
767,FWD-MID,18A,67,B,Yes,19D,19.0,D,1475.0
767,FWD-MID,18A,67,B,Yes,19E,19.0,E,1189.0
767,FWD-MID,18A,67,B,Yes,19F,19.0,F,1078.0
767,FWD-MID,18A,67,B,Yes,19K,19.0,K,679.0
767,FWD-MID,18A,67,B,Yes,19L,19.0,L,814.0
767,FWD-MID,18A,67,B,Yes,20B,20.0,B,683.0
767,FWD-MID,18A,67,B,Yes,20D,20.0,D,420.0
767,FWD-MID,18A,67,B,Yes,20E,20.0,E,534.0
767,FWD-MID,18A,67,B,Yes,20F,20.0,F,345.0
767,FWD-MID,18A,67,B,Yes,20K,20.0,K,409.0
767,FWD-MID,18A,67,B,Yes,20L,20.0,L,671.0
767,FWD-MID,18A,67,B,Yes,21A,21.0,A,431.0
767,FWD-MID,18A,67,B,Yes,21B,21.0,B,248.0
767,FWD-MID,18A,67,B,Yes,21K,21.0,K,311.0
767,FWD-MID,18A,67,B,Yes,21L,21.0,L,352.0
767,FWD-MID,18A,67,B,Yes,22E,22.0,E,
767,FWD-MID,18A,68,C,No,10A,10.0,A,11488.0
767,FWD-MID,18A,68,C,No,10F,10.0,F,8896.0
767,FWD-MID,18A,68,C,No,10L,10.0,L,7128.0
767,FWD-MID,18A,68,C,No,16A,16.0,A,20556.0
767,FWD-MID,18A,68,C,No,16B,16.0,B,20848.0
767,FWD-MID,18A,68,C,No,16D,16.0,D,10530.0
767,FWD-MID,18A,68,C,No,16E,16.0,E,7195.0
767,FWD-MID,18A,68,C,No,16F,16.0,F,7102.0
767,FWD-MID,18A,68,C,No,16K,16.0,K,6721.0
767,FWD-MID,18A,68,C,No,16L,16.0,L,6329.0
767,FWD-MID,18A,68,C,No,17A,17.0,A,29426.0
767,FWD-MID,18A,68,C,No,17B,17.0,B,43771.0
767,FWD-MID,18A,68,C,No,17D,17.0,D,3156.0
767,FWD-MID,18A,68,C,No,17E,17.0,E,2453.0
767,FWD-MID,18A,68,C,No,17F,17.0,F,3310.0
767,FWD-MID,18A,68,C,No,17L,17.0,L,3615.0
767,FWD-MID,18A,68,C,No,18A,18.0,A,116602.0
767,FWD-MID,18A,68,C,No,18B,18.0,B,8113.0
767,FWD-MID,18A,68,C,No,18D,18.0,D,1200.0
767,FWD-MID,18A,68,C,No,18E,18.0,E,1271.0
767,FWD-MID,18A,68,C,No,18F,18.0,F,541.0
767,FWD-MID,18A,68,C,No,19A,19.0,A,1195.0
767,FWD-MID,18A,68,C,No,19B,19.0,B,1327.0
767,FWD-MID,18A,68,C,No,19D,19.0,D,552.0
767,FWD-MID,18A,68,C,No,19E,19.0,E,639.0
767,FWD-MID,18A,68,C,No,19F,19.0,F,637.0
767,FWD-MID,18A,68,C,No,19K,19.0,K,407.0
767,FWD-MID,18A,68,C,No,19L,19.0,L,481.0
767,FWD-MID,18A,68,C,No,20B,20.0,B,435.0
767,FWD-MID,18A,68,C,No,20D,20.0,D,238.0
767,FWD-MID,18A,68,C,No,20E,20.0,E,302.0
767,FWD-MID,18A,68,C,No,20F,20.0,F,0.0
767,FWD-MID,18A,68,C,No,20K,20.0,K,243.0
767,FWD-MID,18A,68,C,No,20L,20.0,L,414.0
767,FWD-MID,18A,68,C,No,21A,21.0,A,208.0
767,FWD-MID,18A,68,C,No,21B,21.0,B,0.0
767,FWD-MID,18A,68,C,No,21K,21.0,K,0.0
767,FWD-MID,18A,68,C,No,21L,21.0,L,200.0
767,FWD-MID,18A,68,C,No,22E,22.0,E,
767,FWD-MID,18A,69,C,No,10A,10.0,A,9311.0
767,FWD-MID,18A,69,C,No,10F,10.0,F,7373.0
767,FWD-MID,18A,69,C,No,10L,10.0,L,6407.0
767,FWD-MID,18A,69,C,No,16A,16.0,A,19399.0
767,FWD-MID,18A,69,C,No,16B,16.0,B,19408.0
767,FWD-MID,18A,69,C,No,16D,16.0,D,19191.0
767,FWD-MID,18A,69,C,No,16E,16.0,E,7518.0
767,FWD-MID,18A,69,C,No,16F,16.0,F,9380.0
767,FWD-MID,18A,69,C,No,16K,16.0,K,6128.0
767,FWD-MID,18A,69,C,No,16L,16.0,L,5608.0
767,FWD-MID,18A,69,C,No,17A,17.0,A,29965.0
767,FWD-MID,18A,69,C,No,17B,17.0,B,38119.0
767,FWD-MID,18A,69,C,No,17D,17.0,D,4817.0
767,FWD-MID,18A,69,C,No,17E,17.0,E,3248.0
767,FWD-MID,18A,69,C,No,17F,17.0,F,3213.0
767,FWD-MID,18A,69,C,No,17L,17.0,L,3761.0
767,FWD-MID,18A,69,C,No,18A,18.0,A,102683.0
767,FWD-MID,18A,69,C,No,18B,18.0,B,11941.0
767,FWD-MID,18A,69,C,No,18D,18.0,D,1734.0
767,FWD-MID,18A,69,C,No,18E,18.0,E,1687.0
767,FWD-MID,18A,69,C,No,18F,18.0,F,717.0
767,FWD-MID,18A,69,C,No,19A,19.0,A,2007.0
767,FWD-MID,18A,69,C,No,19B,19.0,B,2157.0
767,FWD-MID,18A,69,C,No,19D,19.0,D,1148.0
767,FWD-MID,18A,69,C,No,19E,19.0,E,962.0
767,FWD-MID,18A,69,C,No,19F,19.0,F,984.0
767,FWD-MID,18A,69,C,No,19K,19.0,K,556.0
767,FWD-MID,18A,69,C,No,19L,19.0,L,617.0
767,FWD-MID,18A,69,C,No,20B,20.0,B,511.0
767,FWD-MID,18A,69,C,No,20D,20.0,D,257.0
767,FWD-MID,18A,69,C,No,20E,20.0,E,392.0
767,FWD-MID,18A,69,C,No,20F,20.0,F,224.0
767,FWD-MID,18A,69,C,No,20K,20.0,K,314.0
767,FWD-MID,18A,69,C,No,20L,20.0,L,547.0
767,FWD-MID,18A,69,C,No,21A,21.0,A,307.0
767,FWD-MID,18A,69,C,No,21B,21.0,B,0.0
767,FWD-MID,18A,69,C,No,21K,21.0,K,229.0
767,FWD-MID,18A,69,C,No,21L,21.0,L,260.0
767,FWD-MID,18A,69,C,No,22E,22.0,E,
767,FWD-MID,18A,70,C,No,10A,10.0,A,9409.0
767,FWD-MID,18A,70,C,No,10F,10.0,F,9181.0
767,FWD-MID,18A,70,C,No,10L,10.0,L,5920.0
767,FWD-MID,18A,70,C,No,16A,16.0,A,16086.0
767,FWD-MID,18A,70,C,No,16B,16.0,B,16665.0
767,FWD-MID,18A,70,C,No,16D,16.0,D,5619.0
767,FWD-MID,18A,70,C,No,16E,16.0,E,4332.0
767,FWD-MID,18A,70,C,No,16F,16.0,F,4148.0
767,FWD-MID,18A,70,C,No,16K,16.0,K,5055.0
767,FWD-MID,18A,70,C,No,16L,16.0,L,4738.0
767,FWD-MID,18A,70,C,No,17A,17.0,A,22212.0
767,FWD-MID,18A,70,C,No,17B,17.0,B,28317.0
767,FWD-MID,18A,70,C,No,17D,17.0,D,5783.0
767,FWD-MID,18A,70,C,No,17E,17.0,E,2948.0
767,FWD-MID,18A,70,C,No,17F,17.0,F,2861.0
767,FWD-MID,18A,70,C,No,17L,17.0,L,3320.0
767,FWD-MID,18A,70,C,No,18A,18.0,A,75817.0
767,FWD-MID,18A,70,C,No,18B,18.0,B,10737.0
767,FWD-MID,18A,70,C,No,18D,18.0,D,1269.0
767,FWD-MID,18A,70,C,No,18E,18.0,E,1243.0
767,FWD-MID,18A,70,C,No,18F,18.0,F,520.0
767,FWD-MID,18A,70,C,No,19A,19.0,A,1277.0
767,FWD-MID,18A,70,C,No,19B,19.0,B,1273.0
767,FWD-MID,18A,70,C,No,19D,19.0,D,790.0
767,FWD-MID,18A,70,C,No,19E,19.0,E,631.0
767,FWD-MID,18A,70,C,No,19F,19.0,F,624.0
767,FWD-MID,18A,70,C,No,19K,19.0,K,387.0
767,FWD-MID,18A,70,C,No,19L,19.0,L,543.0
767,FWD-MID,18A,70,C,No,20B,20.0,B,401.0
767,FWD-MID,18A,70,C,No,20D,20.0,D,322.0
767,FWD-MID,18A,70,C,No,20E,20.0,E,313.0
767,FWD-MID,18A,70,C,No,20F,20.0,F,210.0
767,FWD-MID,18A,70,C,No,20K,20.0,K,247.0
767,FWD-MID,18A,70,C,No,20L,20.0,L,356.0
767,FWD-MID,18A,70,C,No,21A,21.0,A,228.0
767,FWD-MID,18A,70,C,No,21B,21.0,B,0.0
767,FWD-MID,18A,70,C,No,21K,21.0,K,225.0
767,FWD-MID,18A,70,C,No,21L,21.0,L,213.0
767,FWD-MID,18A,70,C,No,22E,22.0,E,
767,FWD-MID,18A,71,C,Yes,10A,10.0,A,772.0
767,FWD-MID,18A,71,C,Yes,10F,10.0,F,730.0
767,FWD-MID,18A,71,C,Yes,10L,10.0,L,723.0
767,FWD-MID,18A,71,C,Yes,16A,16.0,A,1243.0
767,FWD-MID,18A,71,C,Yes,16B,16.0,B,1484.0
767,FWD-MID,18A,71,C,Yes,16D,16.0,D,854.0
767,FWD-MID,18A,71,C,Yes,16E,16.0,E,842.0
767,FWD-MID,18A,71,C,Yes,16F,16.0,F,821.0
767,FWD-MID,18A,71,C,Yes,16K,16.0,K,691.0
767,FWD-MID,18A,71,C,Yes,16L,16.0,L,1067.0
767,FWD-MID,18A,71,C,Yes,17A,17.0,A,1224.0
767,FWD-MID,18A,71,C,Yes,17B,17.0,B,1885.0
767,FWD-MID,18A,71,C,Yes,17D,17.0,D,1590.0
767,FWD-MID,18A,71,C,Yes,17E,17.0,E,712.0
767,FWD-MID,18A,71,C,Yes,17F,17.0,F,717.0
767,FWD-MID,18A,71,C,Yes,17L,17.0,L,441.0
767,FWD-MID,18A,71,C,Yes,18A,18.0,A,3737.0
767,FWD-MID,18A,71,C,Yes,18B,18.0,B,1613.0
767,FWD-MID,18A,71,C,Yes,18D,18.0,D,533.0
767,FWD-MID,18A,71,C,Yes,18E,18.0,E,481.0
767,FWD-MID,18A,71,C,Yes,18F,18.0,F,462.0
767,FWD-MID,18A,71,C,Yes,19A,19.0,A,240.0
767,FWD-MID,18A,71,C,Yes,19B,19.0,B,506.0
767,FWD-MID,18A,71,C,Yes,19D,19.0,D,377.0
767,FWD-MID,18A,71,C,Yes,19E,19.0,E,402.0
767,FWD-MID,18A,71,C,Yes,19F,19.0,F,281.0
767,FWD-MID,18A,71,C,Yes,19K,19.0,K,0.0
767,FWD-MID,18A,71,C,Yes,19L,19.0,L,276.0
767,FWD-MID,18A,71,C,Yes,20B,20.0,B,353.0
767,FWD-MID,18A,71,C,Yes,20D,20.0,D,294.0
767,FWD-MID,18A,71,C,Yes,20E,20.0,E,567.0
767,FWD-MID,18A,71,C,Yes,20F,20.0,F,302.0
767,FWD-MID,18A,71,C,Yes,20K,20.0,K,307.0
767,FWD-MID,18A,71,C,Yes,20L,20.0,L,259.0
767,FWD-MID,18A,71,C,Yes,21A,21.0,A,317.0
767,FWD-MID,18A,71,C,Yes,21B,21.0,B,222.0
767,FWD-MID,18A,71,C,Yes,21K,21.0,K,0.0
767,FWD-MID,18A,71,C,Yes,21L,21.0,L,0.0
767,FWD-MID,18A,71,C,Yes,22E,22.0,E,
767,FWD-MID,18A,72,C,Yes,10A,10.0,A,654.0
767,FWD-MID,18A,72,C,Yes,10F,10.0,F,499.0
767,FWD-MID,18A,72,C,Yes,10L,10.0,L,363.0
767,FWD-MID,18A,72,C,Yes,16A,16.0,A,915.0
767,FWD-MID,18A,72,C,Yes,16B,16.0,B,976.0
767,FWD-MID,18A,72,C,Yes,16D,16.0,D,725.0
767,FWD-MID,18A,72,C,Yes,16E,16.0,E,386.0
767,FWD-MID,18A,72,C,Yes,16F,16.0,F,403.0
767,FWD-MID,18A,72,C,Yes,16K,16.0,K,351.0
767,FWD-MID,18A,72,C,Yes,16L,16.0,L,407.0
767,FWD-MID,18A,72,C,Yes,17A,17.0,A,1006.0
767,FWD-MID,18A,72,C,Yes,17B,17.0,B,1002.0
767,FWD-MID,18A,72,C,Yes,17D,17.0,D,1155.0
767,FWD-MID,18A,72,C,Yes,17E,17.0,E,520.0
767,FWD-MID,18A,72,C,Yes,17F,17.0,F,391.0
767,FWD-MID,18A,72,C,Yes,17L,17.0,L,295.0
767,FWD-MID,18A,72,C,Yes,18A,18.0,A,3795.0
767,FWD-MID,18A,72,C,Yes,18B,18.0,B,1120.0
767,FWD-MID,18A,72,C,Yes,18D,18.0,D,270.0
767,FWD-MID,18A,72,C,Yes,18E,18.0,E,273.0
767,FWD-MID,18A,72,C,Yes,18F,18.0,F,0.0
767,FWD-MID,18A,72,C,Yes,19A,19.0,A,0.0
767,FWD-MID,18A,72,C,Yes,19B,19.0,B,237.0
767,FWD-MID,18A,72,C,Yes,19D,19.0,D,0.0
767,FWD-MID,18A,72,C,Yes,19E,19.0,E,0.0
767,FWD-MID,18A,72,C,Yes,19F,19.0,F,0.0
767,FWD-MID,18A,72,C,Yes,19K,19.0,K,0.0
767,FWD-MID,18A,72,C,Yes,19L,19.0,L,0.0
767,FWD-MID,18A,72,C,Yes,20B,20.0,B,0.0
767,FWD-MID,18A,72,C,Yes,20D,20.0,D,0.0
767,FWD-MID,18A,72,C,Yes,20E,20.0,E,0.0
767,FWD-MID,18A,72,C,Yes,20F,20.0,F,0.0
767,FWD-MID,18A,72,C,Yes,20K,20.0,K,0.0
767,FWD-MID,18A,72,C,Yes,20L,20.0,L,0.0
767,FWD-MID,18A,72,C,Yes,21A,21.0,A,155.0
767,FWD-MID,18A,72,C,Yes,21B,21.0,B,0.0
767,FWD-MID,18A,72,C,Yes,21K,21.0,K,0.0
767,FWD-MID,18A,72,C,Yes,21L,21.0,L,0.0
767,FWD-MID,18A,72,C,Yes,22E,22.0,E,
767,FWD-MID,18A,73,C,Yes,10A,10.0,A,609.0
767,FWD-MID,18A,73,C,Yes,10F,10.0,F,548.0
767,FWD-MID,18A,73,C,Yes,10L,10.0,L,404.0
767,FWD-MID,18A,73,C,Yes,16A,16.0,A,852.0
767,FWD-MID,18A,73,C,Yes,16B,16.0,B,933.0
767,FWD-MID,18A,73,C,Yes,16D,16.0,D,525.0
767,FWD-MID,18A,73,C,Yes,16E,16.0,E,277.0
767,FWD-MID,18A,73,C,Yes,16F,16.0,F,317.0
767,FWD-MID,18A,73,C,Yes,16K,16.0,K,270.0
767,FWD-MID,18A,73,C,Yes,16L,16.0,L,225.0
767,FWD-MID,18A,73,C,Yes,17A,17.0,A,1033.0
767,FWD-MID,18A,73,C,Yes,17B,17.0,B,1150.0
767,FWD-MID,18A,73,C,Yes,17D,17.0,D,703.0
767,FWD-MID,18A,73,C,Yes,17E,17.0,E,0.0
767,FWD-MID,18A,73,C,Yes,17F,17.0,F,0.0
767,FWD-MID,18A,73,C,Yes,17L,17.0,L,0.0
767,FWD-MID,18A,73,C,Yes,18A,18.0,A,3057.0
767,FWD-MID,18A,73,C,Yes,18B,18.0,B,1305.0
767,FWD-MID,18A,73,C,Yes,18D,18.0,D,0.0
767,FWD-MID,18A,73,C,Yes,18E,18.0,E,0.0
767,FWD-MID,18A,73,C,Yes,18F,18.0,F,0.0
767,FWD-MID,18A,73,C,Yes,19A,19.0,A,0.0
767,FWD-MID,18A,73,C,Yes,19B,19.0,B,255.0
767,FWD-MID,18A,73,C,Yes,19D,19.0,D,0.0
767,FWD-MID,18A,73,C,Yes,19E,19.0,E,0.0
767,FWD-MID,18A,73,C,Yes,19F,19.0,F,0.0
767,FWD-MID,18A,73,C,Yes,19K,19.0,K,0.0
767,FWD-MID,18A,73,C,Yes,19L,19.0,L,0.0
767,FWD-MID,18A,73,C,Yes,20B,20.0,B,0.0
767,FWD-MID,18A,73,C,Yes,20D,20.0,D,0.0
767,FWD-MID,18A,73,C,Yes,20E,20.0,E,0.0
767,FWD-MID,18A,73,C,Yes,20F,20.0,F,0.0
767,FWD-MID,18A,73,C,Yes,20K,20.0,K,0.0
767,FWD-MID,18A,73,C,Yes,20L,20.0,L,0.0
767,FWD-MID,18A,73,C,Yes,21A,21.0,A,132.0
767,FWD-MID,18A,73,C,Yes,21B,21.0,B,0.0
767,FWD-MID,18A,73,C,Yes,21K,21.0,K,0.0
767,FWD-MID,18A,73,C,Yes,21L,21.0,L,0.0
767,FWD-MID,18A,73,C,Yes,22E,22.0,E,
767,FWD-MID,18E,74,B,No,10A,10.0,A,5877.0
767,FWD-MID,18E,74,B,No,10F,10.0,F,5217.0
767,FWD-MID,18E,74,B,No,10L,10.0,L,5460.0
767,FWD-MID,18E,74,B,No,16A,16.0,A,10235.0
767,FWD-MID,18E,74,B,No,16B,16.0,B,9817.0
767,FWD-MID,18E,74,B,No,16D,16.0,D,10984.0
767,FWD-MID,18E,74,B,No,16E,16.0,E,8316.0
767,FWD-MID,18E,74,B,No,16F,16.0,F,7617.0
767,FWD-MID,18E,74,B,No,16K,16.0,K,8379.0
767,FWD-MID,18E,74,B,No,16L,16.0,L,7434.0
767,FWD-MID,18E,74,B,No,17A,17.0,A,11592.0
767,FWD-MID,18E,74,B,No,17B,17.0,B,11490.0
767,FWD-MID,18E,74,B,No,17D,17.0,D,11574.0
767,FWD-MID,18E,74,B,No,17E,17.0,E,12101.0
767,FWD-MID,18E,74,B,No,17F,17.0,F,15873.0
767,FWD-MID,18E,74,B,No,17L,17.0,L,10892.0
767,FWD-MID,18E,74,B,No,18A,18.0,A,13790.0
767,FWD-MID,18E,74,B,No,18B,18.0,B,13849.0
767,FWD-MID,18E,74,B,No,18D,18.0,D,17141.0
767,FWD-MID,18E,74,B,No,18E,18.0,E,9391.0
767,FWD-MID,18E,74,B,No,18F,18.0,F,23448.0
767,FWD-MID,18E,74,B,No,19A,19.0,A,18123.0
767,FWD-MID,18E,74,B,No,19B,19.0,B,16953.0
767,FWD-MID,18E,74,B,No,19D,19.0,D,24992.0
767,FWD-MID,18E,74,B,No,19E,19.0,E,32919.0
767,FWD-MID,18E,74,B,No,19F,19.0,F,38019.0
767,FWD-MID,18E,74,B,No,19K,19.0,K,17177.0
767,FWD-MID,18E,74,B,No,19L,19.0,L,20173.0
767,FWD-MID,18E,74,B,No,20B,20.0,B,8792.0
767,FWD-MID,18E,74,B,No,20D,20.0,D,6271.0
767,FWD-MID,18E,74,B,No,20E,20.0,E,9486.0
767,FWD-MID,18E,74,B,No,20F,20.0,F,2628.0
767,FWD-MID,18E,74,B,No,20K,20.0,K,4958.0
767,FWD-MID,18E,74,B,No,20L,20.0,L,6919.0
767,FWD-MID,18E,74,B,No,21A,21.0,A,3031.0
767,FWD-MID,18E,74,B,No,21B,21.0,B,2344.0
767,FWD-MID,18E,74,B,No,21K,21.0,K,1794.0
767,FWD-MID,18E,74,B,No,21L,21.0,L,1306.0
767,FWD-MID,18E,74,B,No,22E,22.0,E,
767,FWD-MID,18E,75,B,No,10A,10.0,A,6198.0
767,FWD-MID,18E,75,B,No,10F,10.0,F,5582.0
767,FWD-MID,18E,75,B,No,10L,10.0,L,5599.0
767,FWD-MID,18E,75,B,No,16A,16.0,A,10886.0
767,FWD-MID,18E,75,B,No,16B,16.0,B,10852.0
767,FWD-MID,18E,75,B,No,16D,16.0,D,13742.0
767,FWD-MID,18E,75,B,No,16E,16.0,E,9623.0
767,FWD-MID,18E,75,B,No,16F,16.0,F,9390.0
767,FWD-MID,18E,75,B,No,16K,16.0,K,8217.0
767,FWD-MID,18E,75,B,No,16L,16.0,L,7796.0
767,FWD-MID,18E,75,B,No,17A,17.0,A,12587.0
767,FWD-MID,18E,75,B,No,17B,17.0,B,12058.0
767,FWD-MID,18E,75,B,No,17D,17.0,D,13149.0
767,FWD-MID,18E,75,B,No,17E,17.0,E,13075.0
767,FWD-MID,18E,75,B,No,17F,17.0,F,14444.0
767,FWD-MID,18E,75,B,No,17L,17.0,L,9798.0
767,FWD-MID,18E,75,B,No,18A,18.0,A,15110.0
767,FWD-MID,18E,75,B,No,18B,18.0,B,15230.0
767,FWD-MID,18E,75,B,No,18D,18.0,D,27158.0
767,FWD-MID,18E,75,B,No,18E,18.0,E,7428.0
767,FWD-MID,18E,75,B,No,18F,18.0,F,27393.0
767,FWD-MID,18E,75,B,No,19A,19.0,A,20639.0
767,FWD-MID,18E,75,B,No,19B,19.0,B,20313.0
767,FWD-MID,18E,75,B,No,19D,19.0,D,18884.0
767,FWD-MID,18E,75,B,No,19E,19.0,E,26281.0
767,FWD-MID,18E,75,B,No,19F,19.0,F,28386.0
767,FWD-MID,18E,75,B,No,19K,19.0,K,14774.0
767,FWD-MID,18E,75,B,No,19L,19.0,L,18011.0
767,FWD-MID,18E,75,B,No,20B,20.0,B,6548.0
767,FWD-MID,18E,75,B,No,20D,20.0,D,3360.0
767,FWD-MID,18E,75,B,No,20E,20.0,E,6340.0
767,FWD-MID,18E,75,B,No,20F,20.0,F,2655.0
767,FWD-MID,18E,75,B,No,20K,20.0,K,4993.0
767,FWD-MID,18E,75,B,No,20L,20.0,L,7723.0
767,FWD-MID,18E,75,B,No,21A,21.0,A,2276.0
767,FWD-MID,18E,75,B,No,21B,21.0,B,1939.0
767,FWD-MID,18E,75,B,No,21K,21.0,K,1575.0
767,FWD-MID,18E,75,B,No,21L,21.0,L,1526.0
767,FWD-MID,18E,75,B,No,22E,22.0,E,
767,FWD-MID,18E,76,B,No,10A,10.0,A,7489.0
767,FWD-MID,18E,76,B,No,10F,10.0,F,6516.0
767,FWD-MID,18E,76,B,No,10L,10.0,L,6408.0
767,FWD-MID,18E,76,B,No,16A,16.0,A,10786.0
767,FWD-MID,18E,76,B,No,16B,16.0,B,10784.0
767,FWD-MID,18E,76,B,No,16D,16.0,D,10498.0
767,FWD-MID,18E,76,B,No,16E,16.0,E,8534.0
767,FWD-MID,18E,76,B,No,16F,16.0,F,11220.0
767,FWD-MID,18E,76,B,No,16K,16.0,K,9428.0
767,FWD-MID,18E,76,B,No,16L,16.0,L,8573.0
767,FWD-MID,18E,76,B,No,17A,17.0,A,12169.0
767,FWD-MID,18E,76,B,No,17B,17.0,B,12120.0
767,FWD-MID,18E,76,B,No,17D,17.0,D,12498.0
767,FWD-MID,18E,76,B,No,17E,17.0,E,11672.0
767,FWD-MID,18E,76,B,No,17F,17.0,F,14024.0
767,FWD-MID,18E,76,B,No,17L,17.0,L,10645.0
767,FWD-MID,18E,76,B,No,18A,18.0,A,15157.0
767,FWD-MID,18E,76,B,No,18B,18.0,B,14645.0
767,FWD-MID,18E,76,B,No,18D,18.0,D,32715.0
767,FWD-MID,18E,76,B,No,18E,18.0,E,7233.0
767,FWD-MID,18E,76,B,No,18F,18.0,F,15178.0
767,FWD-MID,18E,76,B,No,19A,19.0,A,19987.0
767,FWD-MID,18E,76,B,No,19B,19.0,B,19404.0
767,FWD-MID,18E,76,B,No,19D,19.0,D,21675.0
767,FWD-MID,18E,76,B,No,19E,19.0,E,31096.0
767,FWD-MID,18E,76,B,No,19F,19.0,F,27995.0
767,FWD-MID,18E,76,B,No,19K,19.0,K,14323.0
767,FWD-MID,18E,76,B,No,19L,19.0,L,18184.0
767,FWD-MID,18E,76,B,No,20B,20.0,B,5127.0
767,FWD-MID,18E,76,B,No,20D,20.0,D,2836.0
767,FWD-MID,18E,76,B,No,20E,20.0,E,6831.0
767,FWD-MID,18E,76,B,No,20F,20.0,F,2150.0
767,FWD-MID,18E,76,B,No,20K,20.0,K,4121.0
767,FWD-MID,18E,76,B,No,20L,20.0,L,7445.0
767,FWD-MID,18E,76,B,No,21A,21.0,A,1710.0
767,FWD-MID,18E,76,B,No,21B,21.0,B,1408.0
767,FWD-MID,18E,76,B,No,21K,21.0,K,1403.0
767,FWD-MID,18E,76,B,No,21L,21.0,L,1126.0
767,FWD-MID,18E,76,B,No,22E,22.0,E,
767,FWD-MID,18E,77,B,Yes,10A,10.0,A,
767,FWD-MID,18E,77,B,Yes,10F,10.0,F,3942.0
767,FWD-MID,18E,77,B,Yes,10L,10.0,L,4587.0
767,FWD-MID,18E,77,B,Yes,16A,16.0,A,
767,FWD-MID,18E,77,B,Yes,16B,16.0,B,7517.0
767,FWD-MID,18E,77,B,Yes,16D,16.0,D,
767,FWD-MID,18E,77,B,Yes,16E,16.0,E,9331.0
767,FWD-MID,18E,77,B,Yes,16F,16.0,F,9269.0
767,FWD-MID,18E,77,B,Yes,16K,16.0,K,5912.0
767,FWD-MID,18E,77,B,Yes,16L,16.0,L,5429.0
767,FWD-MID,18E,77,B,Yes,17A,17.0,A,8842.0
767,FWD-MID,18E,77,B,Yes,17B,17.0,B,0.0
767,FWD-MID,18E,77,B,Yes,17D,17.0,D,
767,FWD-MID,18E,77,B,Yes,17E,17.0,E,10418.0
767,FWD-MID,18E,77,B,Yes,17F,17.0,F,
767,FWD-MID,18E,77,B,Yes,17L,17.0,L,
767,FWD-MID,18E,77,B,Yes,18A,18.0,A,10343.0
767,FWD-MID,18E,77,B,Yes,18B,18.0,B,10214.0
767,FWD-MID,18E,77,B,Yes,18D,18.0,D,13087.0
767,FWD-MID,18E,77,B,Yes,18E,18.0,E,0.0
767,FWD-MID,18E,77,B,Yes,18F,18.0,F,13611.0
767,FWD-MID,18E,77,B,Yes,19A,19.0,A,12537.0
767,FWD-MID,18E,77,B,Yes,19B,19.0,B,13380.0
767,FWD-MID,18E,77,B,Yes,19D,19.0,D,23630.0
767,FWD-MID,18E,77,B,Yes,19E,19.0,E,32313.0
767,FWD-MID,18E,77,B,Yes,19F,19.0,F,19784.0
767,FWD-MID,18E,77,B,Yes,19K,19.0,K,13735.0
767,FWD-MID,18E,77,B,Yes,19L,19.0,L,16890.0
767,FWD-MID,18E,77,B,Yes,20B,20.0,B,5349.0
767,FWD-MID,18E,77,B,Yes,20D,20.0,D,0.0
767,FWD-MID,18E,77,B,Yes,20E,20.0,E,0.0
767,FWD-MID,18E,77,B,Yes,20F,20.0,F,
767,FWD-MID,18E,77,B,Yes,20K,20.0,K,4748.0
767,FWD-MID,18E,77,B,Yes,20L,20.0,L,7793.0
767,FWD-MID,18E,77,B,Yes,21A,21.0,A,2169.0
767,FWD-MID,18E,77,B,Yes,21B,21.0,B,
767,FWD-MID,18E,77,B,Yes,21K,21.0,K,1292.0
767,FWD-MID,18E,77,B,Yes,21L,21.0,L,1131.0
767,FWD-MID,18E,77,B,Yes,22E,22.0,E,
767,FWD-MID,18E,78,B,Yes,10A,10.0,A,4212.0
767,FWD-MID,18E,78,B,Yes,10F,10.0,F,5804.0
767,FWD-MID,18E,78,B,Yes,10L,10.0,L,6589.0
767,FWD-MID,18E,78,B,Yes,16A,16.0,A,8860.0
767,FWD-MID,18E,78,B,Yes,16B,16.0,B,8112.0
767,FWD-MID,18E,78,B,Yes,16D,16.0,D,13579.0
767,FWD-MID,18E,78,B,Yes,16E,16.0,E,13860.0
767,FWD-MID,18E,78,B,Yes,16F,16.0,F,10977.0
767,FWD-MID,18E,78,B,Yes,16K,16.0,K,10052.0
767,FWD-MID,18E,78,B,Yes,16L,16.0,L,8768.0
767,FWD-MID,18E,78,B,Yes,17A,17.0,A,12314.0
767,FWD-MID,18E,78,B,Yes,17B,17.0,B,11602.0
767,FWD-MID,18E,78,B,Yes,17D,17.0,D,17259.0
767,FWD-MID,18E,78,B,Yes,17E,17.0,E,13808.0
767,FWD-MID,18E,78,B,Yes,17F,17.0,F,12020.0
767,FWD-MID,18E,78,B,Yes,17L,17.0,L,8897.0
767,FWD-MID,18E,78,B,Yes,18A,18.0,A,15804.0
767,FWD-MID,18E,78,B,Yes,18B,18.0,B,13947.0
767,FWD-MID,18E,78,B,Yes,18D,18.0,D,24504.0
767,FWD-MID,18E,78,B,Yes,18E,18.0,E,22205.0
767,FWD-MID,18E,78,B,Yes,18F,18.0,F,15434.0
767,FWD-MID,18E,78,B,Yes,19A,19.0,A,30207.0
767,FWD-MID,18E,78,B,Yes,19B,19.0,B,32536.0
767,FWD-MID,18E,78,B,Yes,19D,19.0,D,48496.0
767,FWD-MID,18E,78,B,Yes,19E,19.0,E,41445.0
767,FWD-MID,18E,78,B,Yes,19F,19.0,F,29967.0
767,FWD-MID,18E,78,B,Yes,19K,19.0,K,10230.0
767,FWD-MID,18E,78,B,Yes,19L,19.0,L,11114.0
767,FWD-MID,18E,78,B,Yes,20B,20.0,B,15825.0
767,FWD-MID,18E,78,B,Yes,20D,20.0,D,10656.0
767,FWD-MID,18E,78,B,Yes,20E,20.0,E,13263.0
767,FWD-MID,18E,78,B,Yes,20F,20.0,F,5360.0
767,FWD-MID,18E,78,B,Yes,20K,20.0,K,3900.0
767,FWD-MID,18E,78,B,Yes,20L,20.0,L,4379.0
767,FWD-MID,18E,78,B,Yes,21A,21.0,A,4289.0
767,FWD-MID,18E,78,B,Yes,21B,21.0,B,4289.0
767,FWD-MID,18E,78,B,Yes,21K,21.0,K,3278.0
767,FWD-MID,18E,78,B,Yes,21L,21.0,L,2603.0
767,FWD-MID,18E,78,B,Yes,22E,22.0,E,569.0
767,FWD-MID,18E,79,B,Yes,10A,10.0,A,5616.0
767,FWD-MID,18E,79,B,Yes,10F,10.0,F,7763.0
767,FWD-MID,18E,79,B,Yes,10L,10.0,L,9191.0
767,FWD-MID,18E,79,B,Yes,16A,16.0,A,15896.0
767,FWD-MID,18E,79,B,Yes,16B,16.0,B,14941.0
767,FWD-MID,18E,79,B,Yes,16D,16.0,D,18831.0
767,FWD-MID,18E,79,B,Yes,16E,16.0,E,16346.0
767,FWD-MID,18E,79,B,Yes,16F,16.0,F,13625.0
767,FWD-MID,18E,79,B,Yes,16K,16.0,K,12267.0
767,FWD-MID,18E,79,B,Yes,16L,16.0,L,10394.0
767,FWD-MID,18E,79,B,Yes,17A,17.0,A,19420.0
767,FWD-MID,18E,79,B,Yes,17B,17.0,B,19450.0
767,FWD-MID,18E,79,B,Yes,17D,17.0,D,23889.0
767,FWD-MID,18E,79,B,Yes,17E,17.0,E,21069.0
767,FWD-MID,18E,79,B,Yes,17F,17.0,F,15472.0
767,FWD-MID,18E,79,B,Yes,17L,17.0,L,11099.0
767,FWD-MID,18E,79,B,Yes,18A,18.0,A,23391.0
767,FWD-MID,18E,79,B,Yes,18B,18.0,B,25140.0
767,FWD-MID,18E,79,B,Yes,18D,18.0,D,24360.0
767,FWD-MID,18E,79,B,Yes,18E,18.0,E,19888.0
767,FWD-MID,18E,79,B,Yes,18F,18.0,F,12338.0
767,FWD-MID,18E,79,B,Yes,19A,19.0,A,28429.0
767,FWD-MID,18E,79,B,Yes,19B,19.0,B,33794.0
767,FWD-MID,18E,79,B,Yes,19D,19.0,D,32971.0
767,FWD-MID,18E,79,B,Yes,19E,19.0,E,26278.0
767,FWD-MID,18E,79,B,Yes,19F,19.0,F,24284.0
767,FWD-MID,18E,79,B,Yes,19K,19.0,K,6570.0
767,FWD-MID,18E,79,B,Yes,19L,19.0,L,6982.0
767,FWD-MID,18E,79,B,Yes,20B,20.0,B,9095.0
767,FWD-MID,18E,79,B,Yes,20D,20.0,D,2707.0
767,FWD-MID,18E,79,B,Yes,20E,20.0,E,7324.0
767,FWD-MID,18E,79,B,Yes,20F,20.0,F,1646.0
767,FWD-MID,18E,79,B,Yes,20K,20.0,K,1785.0
767,FWD-MID,18E,79,B,Yes,20L,20.0,L,1965.0
767,FWD-MID,18E,79,B,Yes,21A,21.0,A,1336.0
767,FWD-MID,18E,79,B,Yes,21B,21.0,B,1304.0
767,FWD-MID,18E,79,B,Yes,21K,21.0,K,1028.0
767,FWD-MID,18E,79,B,Yes,21L,21.0,L,1190.0
767,FWD-MID,18E,79,B,Yes,22E,22.0,E,253.0
767,FWD-MID,18L,80,B,No,10A,10.0,A,4298.0
767,FWD-MID,18L,80,B,No,10F,10.0,F,5529.0
767,FWD-MID,18L,80,B,No,10L,10.0,L,11099.0
767,FWD-MID,18L,80,B,No,16A,16.0,A,5680.0
767,FWD-MID,18L,80,B,No,16B,16.0,B,5496.0
767,FWD-MID,18L,80,B,No,16D,16.0,D,5528.0
767,FWD-MID,18L,80,B,No,16E,16.0,E,6935.0
767,FWD-MID,18L,80,B,No,16F,16.0,F,16796.0
767,FWD-MID,18L,80,B,No,16K,16.0,K,16158.0
767,FWD-MID,18L,80,B,No,16L,16.0,L,13428.0
767,FWD-MID,18L,80,B,No,17A,17.0,A,6301.0
767,FWD-MID,18L,80,B,No,17B,17.0,B,5978.0
767,FWD-MID,18L,80,B,No,17D,17.0,D,4789.0
767,FWD-MID,18L,80,B,No,17E,17.0,E,17736.0
767,FWD-MID,18L,80,B,No,17F,17.0,F,31309.0
767,FWD-MID,18L,80,B,No,17L,17.0,L,14819.0
767,FWD-MID,18L,80,B,No,18A,18.0,A,5350.0
767,FWD-MID,18L,80,B,No,18B,18.0,B,4277.0
767,FWD-MID,18L,80,B,No,18D,18.0,D,4010.0
767,FWD-MID,18L,80,B,No,18E,18.0,E,5476.0
767,FWD-MID,18L,80,B,No,18F,18.0,F,3595.0
767,FWD-MID,18L,80,B,No,19A,19.0,A,2611.0
767,FWD-MID,18L,80,B,No,19B,19.0,B,2671.0
767,FWD-MID,18L,80,B,No,19D,19.0,D,3354.0
767,FWD-MID,18L,80,B,No,19E,19.0,E,2599.0
767,FWD-MID,18L,80,B,No,19F,19.0,F,1569.0
767,FWD-MID,18L,80,B,No,19K,19.0,K,950.0
767,FWD-MID,18L,80,B,No,19L,19.0,L,1079.0
767,FWD-MID,18L,80,B,No,20B,20.0,B,1178.0
767,FWD-MID,18L,80,B,No,20D,20.0,D,560.0
767,FWD-MID,18L,80,B,No,20E,20.0,E,736.0
767,FWD-MID,18L,80,B,No,20F,20.0,F,377.0
767,FWD-MID,18L,80,B,No,20K,20.0,K,397.0
767,FWD-MID,18L,80,B,No,20L,20.0,L,444.0
767,FWD-MID,18L,80,B,No,21A,21.0,A,487.0
767,FWD-MID,18L,80,B,No,21B,21.0,B,394.0
767,FWD-MID,18L,80,B,No,21K,21.0,K,320.0
767,FWD-MID,18L,80,B,No,21L,21.0,L,313.0
767,FWD-MID,18L,80,B,No,22E,22.0,E,233.0
767,FWD-MID,18L,81,B,No,10A,10.0,A,5056.0
767,FWD-MID,18L,81,B,No,10F,10.0,F,5928.0
767,FWD-MID,18L,81,B,No,10L,10.0,L,12604.0
767,FWD-MID,18L,81,B,No,16A,16.0,A,7011.0
767,FWD-MID,18L,81,B,No,16B,16.0,B,6367.0
767,FWD-MID,18L,81,B,No,16D,16.0,D,6924.0
767,FWD-MID,18L,81,B,No,16E,16.0,E,8114.0
767,FWD-MID,18L,81,B,No,16F,16.0,F,17415.0
767,FWD-MID,18L,81,B,No,16K,16.0,K,17964.0
767,FWD-MID,18L,81,B,No,16L,16.0,L,15242.0
767,FWD-MID,18L,81,B,No,17A,17.0,A,8438.0
767,FWD-MID,18L,81,B,No,17B,17.0,B,7737.0
767,FWD-MID,18L,81,B,No,17D,17.0,D,6183.0
767,FWD-MID,18L,81,B,No,17E,17.0,E,21227.0
767,FWD-MID,18L,81,B,No,17F,17.0,F,35061.0
767,FWD-MID,18L,81,B,No,17L,17.0,L,15622.0
767,FWD-MID,18L,81,B,No,18A,18.0,A,7432.0
767,FWD-MID,18L,81,B,No,18B,18.0,B,6298.0
767,FWD-MID,18L,81,B,No,18D,18.0,D,4903.0
767,FWD-MID,18L,81,B,No,18E,18.0,E,9415.0
767,FWD-MID,18L,81,B,No,18F,18.0,F,3856.0
767,FWD-MID,18L,81,B,No,19A,19.0,A,3609.0
767,FWD-MID,18L,81,B,No,19B,19.0,B,3705.0
767,FWD-MID,18L,81,B,No,19D,19.0,D,3979.0
767,FWD-MID,18L,81,B,No,19E,19.0,E,3792.0
767,FWD-MID,18L,81,B,No,19F,19.0,F,2764.0
767,FWD-MID,18L,81,B,No,19K,19.0,K,1323.0
767,FWD-MID,18L,81,B,No,19L,19.0,L,1638.0
767,FWD-MID,18L,81,B,No,20B,20.0,B,1461.0
767,FWD-MID,18L,81,B,No,20D,20.0,D,687.0
767,FWD-MID,18L,81,B,No,20E,20.0,E,1137.0
767,FWD-MID,18L,81,B,No,20F,20.0,F,491.0
767,FWD-MID,18L,81,B,No,20K,20.0,K,584.0
767,FWD-MID,18L,81,B,No,20L,20.0,L,680.0
767,FWD-MID,18L,81,B,No,21A,21.0,A,579.0
767,FWD-MID,18L,81,B,No,21B,21.0,B,427.0
767,FWD-MID,18L,81,B,No,21K,21.0,K,388.0
767,FWD-MID,18L,81,B,No,21L,21.0,L,463.0
767,FWD-MID,18L,81,B,No,22E,22.0,E,233.0
767,FWD-MID,18L,82,B,No,10A,10.0,A,4686.0
767,FWD-MID,18L,82,B,No,10F,10.0,F,5869.0
767,FWD-MID,18L,82,B,No,10L,10.0,L,11576.0
767,FWD-MID,18L,82,B,No,16A,16.0,A,6824.0
767,FWD-MID,18L,82,B,No,16B,16.0,B,6486.0
767,FWD-MID,18L,82,B,No,16D,16.0,D,7089.0
767,FWD-MID,18L,82,B,No,16E,16.0,E,7198.0
767,FWD-MID,18L,82,B,No,16F,16.0,F,16929.0
767,FWD-MID,18L,82,B,No,16K,16.0,K,17149.0
767,FWD-MID,18L,82,B,No,16L,16.0,L,14908.0
767,FWD-MID,18L,82,B,No,17A,17.0,A,8429.0
767,FWD-MID,18L,82,B,No,17B,17.0,B,7717.0
767,FWD-MID,18L,82,B,No,17D,17.0,D,8540.0
767,FWD-MID,18L,82,B,No,17E,17.0,E,24234.0
767,FWD-MID,18L,82,B,No,17F,17.0,F,37611.0
767,FWD-MID,18L,82,B,No,17L,17.0,L,13774.0
767,FWD-MID,18L,82,B,No,18A,18.0,A,7929.0
767,FWD-MID,18L,82,B,No,18B,18.0,B,6501.0
767,FWD-MID,18L,82,B,No,18D,18.0,D,4482.0
767,FWD-MID,18L,82,B,No,18E,18.0,E,8672.0
767,FWD-MID,18L,82,B,No,18F,18.0,F,3953.0
767,FWD-MID,18L,82,B,No,19A,19.0,A,3433.0
767,FWD-MID,18L,82,B,No,19B,19.0,B,3507.0
767,FWD-MID,18L,82,B,No,19D,19.0,D,3528.0
767,FWD-MID,18L,82,B,No,19E,19.0,E,3292.0
767,FWD-MID,18L,82,B,No,19F,19.0,F,2651.0
767,FWD-MID,18L,82,B,No,19K,19.0,K,1416.0
767,FWD-MID,18L,82,B,No,19L,19.0,L,1774.0
767,FWD-MID,18L,82,B,No,20B,20.0,B,1441.0
767,FWD-MID,18L,82,B,No,20D,20.0,D,686.0
767,FWD-MID,18L,82,B,No,20E,20.0,E,973.0
767,FWD-MID,18L,82,B,No,20F,20.0,F,531.0
767,FWD-MID,18L,82,B,No,20K,20.0,K,735.0
767,FWD-MID,18L,82,B,No,20L,20.0,L,794.0
767,FWD-MID,18L,82,B,No,21A,21.0,A,490.0
767,FWD-MID,18L,82,B,No,21B,21.0,B,516.0
767,FWD-MID,18L,82,B,No,21K,21.0,K,514.0
767,FWD-MID,18L,82,B,No,21L,21.0,L,557.0
767,FWD-MID,18L,82,B,No,22E,22.0,E,0.0
767,FWD-MID,18L,83,B,Yes,10A,10.0,A,3660.0
767,FWD-MID,18L,83,B,Yes,10F,10.0,F,4213.0
767,FWD-MID,18L,83,B,Yes,10L,10.0,L,7910.0
767,FWD-MID,18L,83,B,Yes,16A,16.0,A,6685.0
767,FWD-MID,18L,83,B,Yes,16B,16.0,B,6423.0
767,FWD-MID,18L,83,B,Yes,16D,16.0,D,6117.0
767,FWD-MID,18L,83,B,Yes,16E,16.0,E,7718.0
767,FWD-MID,18L,83,B,Yes,16F,16.0,F,15792.0
767,FWD-MID,18L,83,B,Yes,16K,16.0,K,14661.0
767,FWD-MID,18L,83,B,Yes,16L,16.0,L,12718.0
767,FWD-MID,18L,83,B,Yes,17A,17.0,A,7595.0
767,FWD-MID,18L,83,B,Yes,17B,17.0,B,6838.0
767,FWD-MID,18L,83,B,Yes,17D,17.0,D,6755.0
767,FWD-MID,18L,83,B,Yes,17E,17.0,E,21712.0
767,FWD-MID,18L,83,B,Yes,17F,17.0,F,27541.0
767,FWD-MID,18L,83,B,Yes,17L,17.0,L,13170.0
767,FWD-MID,18L,83,B,Yes,18A,18.0,A,6688.0
767,FWD-MID,18L,83,B,Yes,18B,18.0,B,5781.0
767,FWD-MID,18L,83,B,Yes,18D,18.0,D,3930.0
767,FWD-MID,18L,83,B,Yes,18E,18.0,E,5636.0
767,FWD-MID,18L,83,B,Yes,18F,18.0,F,2653.0
767,FWD-MID,18L,83,B,Yes,19A,19.0,A,
767,FWD-MID,18L,83,B,Yes,19B,19.0,B,3330.0
767,FWD-MID,18L,83,B,Yes,19D,19.0,D,2788.0
767,FWD-MID,18L,83,B,Yes,19E,19.0,E,2852.0
767,FWD-MID,18L,83,B,Yes,19F,19.0,F,2642.0
767,FWD-MID,18L,83,B,Yes,19K,19.0,K,1303.0
767,FWD-MID,18L,83,B,Yes,19L,19.0,L,1588.0
767,FWD-MID,18L,83,B,Yes,20B,20.0,B,1114.0
767,FWD-MID,18L,83,B,Yes,20D,20.0,D,558.0
767,FWD-MID,18L,83,B,Yes,20E,20.0,E,779.0
767,FWD-MID,18L,83,B,Yes,20F,20.0,F,498.0
767,FWD-MID,18L,83,B,Yes,20K,20.0,K,672.0
767,FWD-MID,18L,83,B,Yes,20L,20.0,L,828.0
767,FWD-MID,18L,83,B,Yes,21A,21.0,A,455.0
767,FWD-MID,18L,83,B,Yes,21B,21.0,B,431.0
767,FWD-MID,18L,83,B,Yes,21K,21.0,K,367.0
767,FWD-MID,18L,83,B,Yes,21L,21.0,L,446.0
767,FWD-MID,18L,83,B,Yes,22E,22.0,E,0.0
767,FWD-MID,18L,84,B,Yes,10A,10.0,A,6409.0
767,FWD-MID,18L,84,B,Yes,10F,10.0,F,6702.0
767,FWD-MID,18L,84,B,Yes,10L,10.0,L,14570.0
767,FWD-MID,18L,84,B,Yes,16A,16.0,A,12304.0
767,FWD-MID,18L,84,B,Yes,16B,16.0,B,11780.0
767,FWD-MID,18L,84,B,Yes,16D,16.0,D,12151.0
767,FWD-MID,18L,84,B,Yes,16E,16.0,E,13654.0
767,FWD-MID,18L,84,B,Yes,16F,16.0,F,33904.0
767,FWD-MID,18L,84,B,Yes,16K,16.0,K,28995.0
767,FWD-MID,18L,84,B,Yes,16L,16.0,L,25561.0
767,FWD-MID,18L,84,B,Yes,17A,17.0,A,15292.0
767,FWD-MID,18L,84,B,Yes,17B,17.0,B,13475.0
767,FWD-MID,18L,84,B,Yes,17D,17.0,D,12716.0
767,FWD-MID,18L,84,B,Yes,17E,17.0,E,38107.0
767,FWD-MID,18L,84,B,Yes,17F,17.0,F,61277.0
767,FWD-MID,18L,84,B,Yes,17L,17.0,L,24900.0
767,FWD-MID,18L,84,B,Yes,18A,18.0,A,14251.0
767,FWD-MID,18L,84,B,Yes,18B,18.0,B,12239.0
767,FWD-MID,18L,84,B,Yes,18D,18.0,D,7579.0
767,FWD-MID,18L,84,B,Yes,18E,18.0,E,7566.0
767,FWD-MID,18L,84,B,Yes,18F,18.0,F,4933.0
767,FWD-MID,18L,84,B,Yes,19A,19.0,A,
767,FWD-MID,18L,84,B,Yes,19B,19.0,B,6468.0
767,FWD-MID,18L,84,B,Yes,19D,19.0,D,5534.0
767,FWD-MID,18L,84,B,Yes,19E,19.0,E,4732.0
767,FWD-MID,18L,84,B,Yes,19F,19.0,F,3927.0
767,FWD-MID,18L,84,B,Yes,19K,19.0,K,2990.0
767,FWD-MID,18L,84,B,Yes,19L,19.0,L,3638.0
767,FWD-MID,18L,84,B,Yes,20B,20.0,B,2133.0
767,FWD-MID,18L,84,B,Yes,20D,20.0,D,1086.0
767,FWD-MID,18L,84,B,Yes,20E,20.0,E,1740.0
767,FWD-MID,18L,84,B,Yes,20F,20.0,F,941.0
767,FWD-MID,18L,84,B,Yes,20K,20.0,K,1072.0
767,FWD-MID,18L,84,B,Yes,20L,20.0,L,1641.0
767,FWD-MID,18L,84,B,Yes,21A,21.0,A,777.0
767,FWD-MID,18L,84,B,Yes,21B,21.0,B,693.0
767,FWD-MID,18L,84,B,Yes,21K,21.0,K,619.0
767,FWD-MID,18L,84,B,Yes,21L,21.0,L,812.0
767,FWD-MID,18L,84,B,Yes,22E,22.0,E,274.0
767,FWD-MID,18L,85,B,Yes,10A,10.0,A,3954.0
767,FWD-MID,18L,85,B,Yes,10F,10.0,F,
767,FWD-MID,18L,85,B,Yes,10L,10.0,L,
767,FWD-MID,18L,85,B,Yes,16A,16.0,A,
767,FWD-MID,18L,85,B,Yes,16B,16.0,B,
767,FWD-MID,18L,85,B,Yes,16D,16.0,D,7481.0
767,FWD-MID,18L,85,B,Yes,16E,16.0,E,
767,FWD-MID,18L,85,B,Yes,16F,16.0,F,
767,FWD-MID,18L,85,B,Yes,16K,16.0,K,
767,FWD-MID,18L,85,B,Yes,16L,16.0,L,
767,FWD-MID,18L,85,B,Yes,17A,17.0,A,
767,FWD-MID,18L,85,B,Yes,17B,17.0,B,
767,FWD-MID,18L,85,B,Yes,17D,17.0,D,
767,FWD-MID,18L,85,B,Yes,17E,17.0,E,
767,FWD-MID,18L,85,B,Yes,17F,17.0,F,31172.0
767,FWD-MID,18L,85,B,Yes,17L,17.0,L,13020.0
767,FWD-MID,18L,85,B,Yes,18A,18.0,A,
767,FWD-MID,18L,85,B,Yes,18B,18.0,B,7297.0
767,FWD-MID,18L,85,B,Yes,18D,18.0,D,7375.0
767,FWD-MID,18L,85,B,Yes,18E,18.0,E,
767,FWD-MID,18L,85,B,Yes,18F,18.0,F,
767,FWD-MID,18L,85,B,Yes,19A,19.0,A,
767,FWD-MID,18L,85,B,Yes,19B,19.0,B,4698.0
767,FWD-MID,18L,85,B,Yes,19D,19.0,D,4389.0
767,FWD-MID,18L,85,B,Yes,19E,19.0,E,
767,FWD-MID,18L,85,B,Yes,19F,19.0,F,
767,FWD-MID,18L,85,B,Yes,19K,19.0,K,2193.0
767,FWD-MID,18L,85,B,Yes,19L,19.0,L,
767,FWD-MID,18L,85,B,Yes,20B,20.0,B,
767,FWD-MID,18L,85,B,Yes,20D,20.0,D,860.0
767,FWD-MID,18L,85,B,Yes,20E,20.0,E,
767,FWD-MID,18L,85,B,Yes,20F,20.0,F,802.0
767,FWD-MID,18L,85,B,Yes,20K,20.0,K,
767,FWD-MID,18L,85,B,Yes,20L,20.0,L,
767,FWD-MID,18L,85,B,Yes,21A,21.0,A,749.0
767,FWD-MID,18L,85,B,Yes,21B,21.0,B,665.0
767,FWD-MID,18L,85,B,Yes,21K,21.0,K,
767,FWD-MID,18L,85,B,Yes,21L,21.0,L,698.0
767,FWD-MID,18L,85,B,Yes,22E,22.0,E,287.0
767,FWD,6A,32,B,No,Front Galley,,,5102.0
767,FWD,6A,32,B,No,1A,1.0,A,6794.0
767,FWD,6A,32,B,No,1F,1.0,F,3478.0
767,FWD,6A,32,B,No,1L,1.0,L,7882.0
767,FWD,6A,32,B,No,2A,2.0,A,9531.0
767,FWD,6A,32,B,No,2D,2.0,D,8386.0
767,FWD,6A,32,B,No,2L,2.0,L,7855.0
767,FWD,6A,32,B,No,3A,3.0,A,17664.0
767,FWD,6A,32,B,No,3F,3.0,F,6850.0
767,FWD,6A,32,B,No,3L,3.0,L,13271.0
767,FWD,6A,32,B,No,4A,4.0,A,11857.0
767,FWD,6A,32,B,No,4D,4.0,D,21242.0
767,FWD,6A,32,B,No,4L,4.0,L,14313.0
767,FWD,6A,32,B,No,5F,5.0,F,8188.0
767,FWD,6A,32,B,No,5L,5.0,L,9888.0
767,FWD,6A,32,B,No,7A,7.0,A,4501.0
767,FWD,6A,32,B,No,7F,7.0,F,2512.0
767,FWD,6A,32,B,No,7L,7.0,L,2149.0
767,FWD,6A,32,B,No,8A,8.0,A,2076.0
767,FWD,6A,32,B,No,8D,8.0,D,1087.0
767,FWD,6A,32,B,No,8L,8.0,L,1093.0
767,FWD,6A,32,B,No,9A,9.0,A,746.0
767,FWD,6A,32,B,No,9F,9.0,F,584.0
767,FWD,6A,32,B,No,9L,9.0,L,587.0
767,FWD,6A,32,B,No,10A,10.0,A,532.0
767,FWD,6A,32,B,No,10D,10.0,D,536.0
767,FWD,6A,32,B,No,10L,10.0,L,427.0
767,FWD,6A,32,B,No,16A,16.0,A,266.0
767,FWD,6A,32,B,No,16B,16.0,B,0.0
767,FWD,6A,32,B,No,16D,16.0,D,259.0
767,FWD,6A,32,B,No,16E,16.0,E,217.0
767,FWD,6A,32,B,No,16F,16.0,F,0.0
767,FWD,6A,32,B,No,16K,16.0,K,240.0
767,FWD,6A,32,B,No,16L,16.0,L,0.0
767,FWD,6A,32,B,No,17B,17.0,B,0.0
767,FWD,6A,32,B,No,17K,17.0,K,0.0
767,FWD,6A,32,B,No,18L,18.0,L,0.0
767,FWD,6A,33,B,No,Front Galley,,,5528.0
767,FWD,6A,33,B,No,1A,1.0,A,6705.0
767,FWD,6A,33,B,No,1F,1.0,F,4556.0
767,FWD,6A,33,B,No,1L,1.0,L,8057.0
767,FWD,6A,33,B,No,2A,2.0,A,9329.0
767,FWD,6A,33,B,No,2D,2.0,D,8427.0
767,FWD,6A,33,B,No,2L,2.0,L,8170.0
767,FWD,6A,33,B,No,3A,3.0,A,16674.0
767,FWD,6A,33,B,No,3F,3.0,F,7158.0
767,FWD,6A,33,B,No,3L,3.0,L,13620.0
767,FWD,6A,33,B,No,4A,4.0,A,13101.0
767,FWD,6A,33,B,No,4D,4.0,D,22242.0
767,FWD,6A,33,B,No,4L,4.0,L,14339.0
767,FWD,6A,33,B,No,5F,5.0,F,8567.0
767,FWD,6A,33,B,No,5L,5.0,L,10004.0
767,FWD,6A,33,B,No,7A,7.0,A,5185.0
767,FWD,6A,33,B,No,7F,7.0,F,2059.0
767,FWD,6A,33,B,No,7L,7.0,L,2601.0
767,FWD,6A,33,B,No,8A,8.0,A,2828.0
767,FWD,6A,33,B,No,8D,8.0,D,1415.0
767,FWD,6A,33,B,No,8L,8.0,L,1485.0
767,FWD,6A,33,B,No,9A,9.0,A,937.0
767,FWD,6A,33,B,No,9F,9.0,F,755.0
767,FWD,6A,33,B,No,9L,9.0,L,730.0
767,FWD,6A,33,B,No,10A,10.0,A,699.0
767,FWD,6A,33,B,No,10D,10.0,D,695.0
767,FWD,6A,33,B,No,10L,10.0,L,535.0
767,FWD,6A,33,B,No,16A,16.0,A,287.0
767,FWD,6A,33,B,No,16B,16.0,B,235.0
767,FWD,6A,33,B,No,16D,16.0,D,317.0
767,FWD,6A,33,B,No,16E,16.0,E,319.0
767,FWD,6A,33,B,No,16F,16.0,F,0.0
767,FWD,6A,33,B,No,16K,16.0,K,214.0
767,FWD,6A,33,B,No,16L,16.0,L,219.0
767,FWD,6A,33,B,No,17B,17.0,B,0.0
767,FWD,6A,33,B,No,17K,17.0,K,0.0
767,FWD,6A,33,B,No,18L,18.0,L,0.0
767,FWD,6A,34,B,No,Front Galley,,,6144.0
767,FWD,6A,34,B,No,1A,1.0,A,6753.0
767,FWD,6A,34,B,No,1F,1.0,F,4520.0
767,FWD,6A,34,B,No,1L,1.0,L,8448.0
767,FWD,6A,34,B,No,2A,2.0,A,9498.0
767,FWD,6A,34,B,No,2D,2.0,D,8491.0
767,FWD,6A,34,B,No,2L,2.0,L,8284.0
767,FWD,6A,34,B,No,3A,3.0,A,17503.0
767,FWD,6A,34,B,No,3F,3.0,F,7335.0
767,FWD,6A,34,B,No,3L,3.0,L,12599.0
767,FWD,6A,34,B,No,4A,4.0,A,13415.0
767,FWD,6A,34,B,No,4D,4.0,D,18263.0
767,FWD,6A,34,B,No,4L,4.0,L,13759.0
767,FWD,6A,34,B,No,5F,5.0,F,8006.0
767,FWD,6A,34,B,No,5L,5.0,L,8883.0
767,FWD,6A,34,B,No,7A,7.0,A,4017.0
767,FWD,6A,34,B,No,7F,7.0,F,3299.0
767,FWD,6A,34,B,No,7L,7.0,L,2469.0
767,FWD,6A,34,B,No,8A,8.0,A,1969.0
767,FWD,6A,34,B,No,8D,8.0,D,838.0
767,FWD,6A,34,B,No,8L,8.0,L,1171.0
767,FWD,6A,34,B,No,9A,9.0,A,659.0
767,FWD,6A,34,B,No,9F,9.0,F,622.0
767,FWD,6A,34,B,No,9L,9.0,L,587.0
767,FWD,6A,34,B,No,10A,10.0,A,469.0
767,FWD,6A,34,B,No,10D,10.0,D,481.0
767,FWD,6A,34,B,No,10L,10.0,L,520.0
767,FWD,6A,34,B,No,16A,16.0,A,220.0
767,FWD,6A,34,B,No,16B,16.0,B,0.0
767,FWD,6A,34,B,No,16D,16.0,D,308.0
767,FWD,6A,34,B,No,16E,16.0,E,271.0
767,FWD,6A,34,B,No,16F,16.0,F,0.0
767,FWD,6A,34,B,No,16K,16.0,K,212.0
767,FWD,6A,34,B,No,16L,16.0,L,0.0
767,FWD,6A,34,B,No,17B,17.0,B,0.0
767,FWD,6A,34,B,No,17K,17.0,K,0.0
767,FWD,6A,34,B,No,18L,18.0,L,0.0
767,FWD,6A,35,B,Yes,Front Galley,,,4208.0
767,FWD,6A,35,B,Yes,1A,1.0,A,4873.0
767,FWD,6A,35,B,Yes,1F,1.0,F,3255.0
767,FWD,6A,35,B,Yes,1L,1.0,L,5501.0
767,FWD,6A,35,B,Yes,2A,2.0,A,6413.0
767,FWD,6A,35,B,Yes,2D,2.0,D,5667.0
767,FWD,6A,35,B,Yes,2L,2.0,L,5322.0
767,FWD,6A,35,B,Yes,3A,3.0,A,13089.0
767,FWD,6A,35,B,Yes,3F,3.0,F,4599.0
767,FWD,6A,35,B,Yes,3L,3.0,L,8117.0
767,FWD,6A,35,B,Yes,4A,4.0,A,17772.0
767,FWD,6A,35,B,Yes,4D,4.0,D,13737.0
767,FWD,6A,35,B,Yes,4L,4.0,L,7969.0
767,FWD,6A,35,B,Yes,5F,5.0,F,5806.0
767,FWD,6A,35,B,Yes,5L,5.0,L,6598.0
767,FWD,6A,35,B,Yes,7A,7.0,A,6253.0
767,FWD,6A,35,B,Yes,7F,7.0,F,2776.0
767,FWD,6A,35,B,Yes,7L,7.0,L,1848.0
767,FWD,6A,35,B,Yes,8A,8.0,A,2994.0
767,FWD,6A,35,B,Yes,8D,8.0,D,1545.0
767,FWD,6A,35,B,Yes,8L,8.0,L,1278.0
767,FWD,6A,35,B,Yes,9A,9.0,A,1082.0
767,FWD,6A,35,B,Yes,9F,9.0,F,838.0
767,FWD,6A,35,B,Yes,9L,9.0,L,762.0
767,FWD,6A,35,B,Yes,10A,10.0,A,679.0
767,FWD,6A,35,B,Yes,10D,10.0,D,810.0
767,FWD,6A,35,B,Yes,10L,10.0,L,569.0
767,FWD,6A,35,B,Yes,16A,16.0,A,383.0
767,FWD,6A,35,B,Yes,16B,16.0,B,260.0
767,FWD,6A,35,B,Yes,16D,16.0,D,373.0
767,FWD,6A,35,B,Yes,16E,16.0,E,335.0
767,FWD,6A,35,B,Yes,16F,16.0,F,0.0
767,FWD,6A,35,B,Yes,16K,16.0,K,344.0
767,FWD,6A,35,B,Yes,16L,16.0,L,272.0
767,FWD,6A,35,B,Yes,17B,17.0,B,0.0
767,FWD,6A,35,B,Yes,17K,17.0,K,0.0
767,FWD,6A,35,B,Yes,18L,18.0,L,0.0
767,FWD,6A,36,B,Yes,Front Galley,,,4335.0
767,FWD,6A,36,B,Yes,1A,1.0,A,5431.0
767,FWD,6A,36,B,Yes,1F,1.0,F,3282.0
767,FWD,6A,36,B,Yes,1L,1.0,L,6094.0
767,FWD,6A,36,B,Yes,2A,2.0,A,6905.0
767,FWD,6A,36,B,Yes,2D,2.0,D,6236.0
767,FWD,6A,36,B,Yes,2L,2.0,L,5687.0
767,FWD,6A,36,B,Yes,3A,3.0,A,13282.0
767,FWD,6A,36,B,Yes,3F,3.0,F,4996.0
767,FWD,6A,36,B,Yes,3L,3.0,L,8899.0
767,FWD,6A,36,B,Yes,4A,4.0,A,14863.0
767,FWD,6A,36,B,Yes,4D,4.0,D,14876.0
767,FWD,6A,36,B,Yes,4L,4.0,L,8997.0
767,FWD,6A,36,B,Yes,5F,5.0,F,6989.0
767,FWD,6A,36,B,Yes,5L,5.0,L,7544.0
767,FWD,6A,36,B,Yes,7A,7.0,A,7327.0
767,FWD,6A,36,B,Yes,7F,7.0,F,3296.0
767,FWD,6A,36,B,Yes,7L,7.0,L,2852.0
767,FWD,6A,36,B,Yes,8A,8.0,A,3366.0
767,FWD,6A,36,B,Yes,8D,8.0,D,1800.0
767,FWD,6A,36,B,Yes,8L,8.0,L,1460.0
767,FWD,6A,36,B,Yes,9A,9.0,A,1296.0
767,FWD,6A,36,B,Yes,9F,9.0,F,977.0
767,FWD,6A,36,B,Yes,9L,9.0,L,861.0
767,FWD,6A,36,B,Yes,10A,10.0,A,734.0
767,FWD,6A,36,B,Yes,10D,10.0,D,800.0
767,FWD,6A,36,B,Yes,10L,10.0,L,744.0
767,FWD,6A,36,B,Yes,16A,16.0,A,266.0
767,FWD,6A,36,B,Yes,16B,16.0,B,223.0
767,FWD,6A,36,B,Yes,16D,16.0,D,280.0
767,FWD,6A,36,B,Yes,16E,16.0,E,282.0
767,FWD,6A,36,B,Yes,16F,16.0,F,0.0
767,FWD,6A,36,B,Yes,16K,16.0,K,244.0
767,FWD,6A,36,B,Yes,16L,16.0,L,244.0
767,FWD,6A,36,B,Yes,17B,17.0,B,0.0
767,FWD,6A,36,B,Yes,17K,17.0,K,0.0
767,FWD,6A,36,B,Yes,18L,18.0,L,0.0
767,FWD,6A,37,B,Yes,Front Galley,,,4555.0
767,FWD,6A,37,B,Yes,1A,1.0,A,5134.0
767,FWD,6A,37,B,Yes,1F,1.0,F,3450.0
767,FWD,6A,37,B,Yes,1L,1.0,L,6455.0
767,FWD,6A,37,B,Yes,2A,2.0,A,7135.0
767,FWD,6A,37,B,Yes,2D,2.0,D,6713.0
767,FWD,6A,37,B,Yes,2L,2.0,L,6096.0
767,FWD,6A,37,B,Yes,3A,3.0,A,14009.0
767,FWD,6A,37,B,Yes,3F,3.0,F,5468.0
767,FWD,6A,37,B,Yes,3L,3.0,L,10013.0
767,FWD,6A,37,B,Yes,4A,4.0,A,17275.0
767,FWD,6A,37,B,Yes,4D,4.0,D,13228.0
767,FWD,6A,37,B,Yes,4L,4.0,L,9811.0
767,FWD,6A,37,B,Yes,5F,5.0,F,7932.0
767,FWD,6A,37,B,Yes,5L,5.0,L,9214.0
767,FWD,6A,37,B,Yes,7A,7.0,A,5816.0
767,FWD,6A,37,B,Yes,7F,7.0,F,3984.0
767,FWD,6A,37,B,Yes,7L,7.0,L,3959.0
767,FWD,6A,37,B,Yes,8A,8.0,A,2513.0
767,FWD,6A,37,B,Yes,8D,8.0,D,1168.0
767,FWD,6A,37,B,Yes,8L,8.0,L,1671.0
767,FWD,6A,37,B,Yes,9A,9.0,A,866.0
767,FWD,6A,37,B,Yes,9F,9.0,F,924.0
767,FWD,6A,37,B,Yes,9L,9.0,L,766.0
767,FWD,6A,37,B,Yes,10A,10.0,A,674.0
767,FWD,6A,37,B,Yes,10D,10.0,D,627.0
767,FWD,6A,37,B,Yes,10L,10.0,L,569.0
767,FWD,6A,37,B,Yes,16A,16.0,A,309.0
767,FWD,6A,37,B,Yes,16B,16.0,B,215.0
767,FWD,6A,37,B,Yes,16D,16.0,D,387.0
767,FWD,6A,37,B,Yes,16E,16.0,E,320.0
767,FWD,6A,37,B,Yes,16F,16.0,F,0.0
767,FWD,6A,37,B,Yes,16K,16.0,K,200.0
767,FWD,6A,37,B,Yes,16L,16.0,L,0.0
767,FWD,6A,37,B,Yes,17B,17.0,B,0.0
767,FWD,6A,37,B,Yes,17K,17.0,K,0.0
767,FWD,6A,37,B,Yes,18L,18.0,L,0.0
767,FWD,6A,38,C,No,Front Galley,,,7493.0
767,FWD,6A,38,C,No,1A,1.0,A,8667.0
767,FWD,6A,38,C,No,1F,1.0,F,5386.0
767,FWD,6A,38,C,No,1L,1.0,L,10896.0
767,FWD,6A,38,C,No,2A,2.0,A,12162.0
767,FWD,6A,38,C,No,2D,2.0,D,11113.0
767,FWD,6A,38,C,No,2L,2.0,L,10929.0
767,FWD,6A,38,C,No,3A,3.0,A,26198.0
767,FWD,6A,38,C,No,3F,3.0,F,9181.0
767,FWD,6A,38,C,No,3L,3.0,L,17743.0
767,FWD,6A,38,C,No,4A,4.0,A,21251.0
767,FWD,6A,38,C,No,4D,4.0,D,24419.0
767,FWD,6A,38,C,No,4L,4.0,L,18991.0
767,FWD,6A,38,C,No,5F,5.0,F,9956.0
767,FWD,6A,38,C,No,5L,5.0,L,10796.0
767,FWD,6A,38,C,No,7A,7.0,A,4766.0
767,FWD,6A,38,C,No,7F,7.0,F,3495.0
767,FWD,6A,38,C,No,7L,7.0,L,2468.0
767,FWD,6A,38,C,No,8A,8.0,A,2673.0
767,FWD,6A,38,C,No,8D,8.0,D,1234.0
767,FWD,6A,38,C,No,8L,8.0,L,1323.0
767,FWD,6A,38,C,No,9A,9.0,A,970.0
767,FWD,6A,38,C,No,9F,9.0,F,1036.0
767,FWD,6A,38,C,No,9L,9.0,L,830.0
767,FWD,6A,38,C,No,10A,10.0,A,781.0
767,FWD,6A,38,C,No,10D,10.0,D,824.0
767,FWD,6A,38,C,No,10L,10.0,L,573.0
767,FWD,6A,38,C,No,16A,16.0,A,370.0
767,FWD,6A,38,C,No,16B,16.0,B,227.0
767,FWD,6A,38,C,No,16D,16.0,D,370.0
767,FWD,6A,38,C,No,16E,16.0,E,304.0
767,FWD,6A,38,C,No,16F,16.0,F,292.0
767,FWD,6A,38,C,No,16K,16.0,K,259.0
767,FWD,6A,38,C,No,16L,16.0,L,0.0
767,FWD,6A,38,C,No,17B,17.0,B,0.0
767,FWD,6A,38,C,No,17K,17.0,K,0.0
767,FWD,6A,38,C,No,18L,18.0,L,0.0
767,FWD,6A,39,C,No,Front Galley,,,7860.0
767,FWD,6A,39,C,No,1A,1.0,A,9418.0
767,FWD,6A,39,C,No,1F,1.0,F,6079.0
767,FWD,6A,39,C,No,1L,1.0,L,10445.0
767,FWD,6A,39,C,No,2A,2.0,A,12604.0
767,FWD,6A,39,C,No,2D,2.0,D,12100.0
767,FWD,6A,39,C,No,2L,2.0,L,9939.0
767,FWD,6A,39,C,No,3A,3.0,A,27087.0
767,FWD,6A,39,C,No,3F,3.0,F,8091.0
767,FWD,6A,39,C,No,3L,3.0,L,14553.0
767,FWD,6A,39,C,No,4A,4.0,A,39573.0
767,FWD,6A,39,C,No,4D,4.0,D,27331.0
767,FWD,6A,39,C,No,4L,4.0,L,13171.0
767,FWD,6A,39,C,No,5F,5.0,F,8725.0
767,FWD,6A,39,C,No,5L,5.0,L,8589.0
767,FWD,6A,39,C,No,7A,7.0,A,8327.0
767,FWD,6A,39,C,No,7F,7.0,F,3489.0
767,FWD,6A,39,C,No,7L,7.0,L,2252.0
767,FWD,6A,39,C,No,8A,8.0,A,3851.0
767,FWD,6A,39,C,No,8D,8.0,D,2214.0
767,FWD,6A,39,C,No,8L,8.0,L,1484.0
767,FWD,6A,39,C,No,9A,9.0,A,1300.0
767,FWD,6A,39,C,No,9F,9.0,F,1116.0
767,FWD,6A,39,C,No,9L,9.0,L,993.0
767,FWD,6A,39,C,No,10A,10.0,A,819.0
767,FWD,6A,39,C,No,10D,10.0,D,978.0
767,FWD,6A,39,C,No,10L,10.0,L,755.0
767,FWD,6A,39,C,No,16A,16.0,A,236.0
767,FWD,6A,39,C,No,16B,16.0,B,217.0
767,FWD,6A,39,C,No,16D,16.0,D,294.0
767,FWD,6A,39,C,No,16E,16.0,E,235.0
767,FWD,6A,39,C,No,16F,16.0,F,229.0
767,FWD,6A,39,C,No,16K,16.0,K,234.0
767,FWD,6A,39,C,No,16L,16.0,L,0.0
767,FWD,6A,39,C,No,17B,17.0,B,0.0
767,FWD,6A,39,C,No,17K,17.0,K,0.0
767,FWD,6A,39,C,No,18L,18.0,L,0.0
767,FWD,6A,40,C,No,Front Galley,,,7753.0
767,FWD,6A,40,C,No,1A,1.0,A,8873.0
767,FWD,6A,40,C,No,1F,1.0,F,5938.0
767,FWD,6A,40,C,No,1L,1.0,L,10444.0
767,FWD,6A,40,C,No,2A,2.0,A,12149.0
767,FWD,6A,40,C,No,2D,2.0,D,10192.0
767,FWD,6A,40,C,No,2L,2.0,L,10004.0
767,FWD,6A,40,C,No,3A,3.0,A,25916.0
767,FWD,6A,40,C,No,3F,3.0,F,8777.0
767,FWD,6A,40,C,No,3L,3.0,L,14838.0
767,FWD,6A,40,C,No,4A,4.0,A,30023.0
767,FWD,6A,40,C,No,4D,4.0,D,24922.0
767,FWD,6A,40,C,No,4L,4.0,L,14920.0
767,FWD,6A,40,C,No,5F,5.0,F,10134.0
767,FWD,6A,40,C,No,5L,5.0,L,11505.0
767,FWD,6A,40,C,No,7A,7.0,A,7249.0
767,FWD,6A,40,C,No,7F,7.0,F,4226.0
767,FWD,6A,40,C,No,7L,7.0,L,3502.0
767,FWD,6A,40,C,No,8A,8.0,A,3507.0
767,FWD,6A,40,C,No,8D,8.0,D,1808.0
767,FWD,6A,40,C,No,8L,8.0,L,1717.0
767,FWD,6A,40,C,No,9A,9.0,A,1356.0
767,FWD,6A,40,C,No,9F,9.0,F,1236.0
767,FWD,6A,40,C,No,9L,9.0,L,940.0
767,FWD,6A,40,C,No,10A,10.0,A,855.0
767,FWD,6A,40,C,No,10D,10.0,D,955.0
767,FWD,6A,40,C,No,10L,10.0,L,724.0
767,FWD,6A,40,C,No,16A,16.0,A,474.0
767,FWD,6A,40,C,No,16B,16.0,B,286.0
767,FWD,6A,40,C,No,16D,16.0,D,398.0
767,FWD,6A,40,C,No,16E,16.0,E,324.0
767,FWD,6A,40,C,No,16F,16.0,F,267.0
767,FWD,6A,40,C,No,16K,16.0,K,279.0
767,FWD,6A,40,C,No,16L,16.0,L,202.0
767,FWD,6A,40,C,No,17B,17.0,B,0.0
767,FWD,6A,40,C,No,17K,17.0,K,0.0
767,FWD,6A,40,C,No,18L,18.0,L,230.0
767,FWD,6A,41,C,Yes,Front Galley,,,1200.0
767,FWD,6A,41,C,Yes,1A,1.0,A,796.0
767,FWD,6A,41,C,Yes,1F,1.0,F,1321.0
767,FWD,6A,41,C,Yes,1L,1.0,L,980.0
767,FWD,6A,41,C,Yes,2A,2.0,A,911.0
767,FWD,6A,41,C,Yes,2D,2.0,D,1144.0
767,FWD,6A,41,C,Yes,2L,2.0,L,813.0
767,FWD,6A,41,C,Yes,3A,3.0,A,1437.0
767,FWD,6A,41,C,Yes,3F,3.0,F,1183.0
767,FWD,6A,41,C,Yes,3L,3.0,L,1080.0
767,FWD,6A,41,C,Yes,4A,4.0,A,1528.0
767,FWD,6A,41,C,Yes,4D,4.0,D,1427.0
767,FWD,6A,41,C,Yes,4L,4.0,L,1037.0
767,FWD,6A,41,C,Yes,5F,5.0,F,1211.0
767,FWD,6A,41,C,Yes,5L,5.0,L,930.0
767,FWD,6A,41,C,Yes,7A,7.0,A,788.0
767,FWD,6A,41,C,Yes,7F,7.0,F,781.0
767,FWD,6A,41,C,Yes,7L,7.0,L,516.0
767,FWD,6A,41,C,Yes,8A,8.0,A,538.0
767,FWD,6A,41,C,Yes,8D,8.0,D,379.0
767,FWD,6A,41,C,Yes,8L,8.0,L,350.0
767,FWD,6A,41,C,Yes,9A,9.0,A,365.0
767,FWD,6A,41,C,Yes,9F,9.0,F,363.0
767,FWD,6A,41,C,Yes,9L,9.0,L,249.0
767,FWD,6A,41,C,Yes,10A,10.0,A,296.0
767,FWD,6A,41,C,Yes,10D,10.0,D,389.0
767,FWD,6A,41,C,Yes,10L,10.0,L,2725.0
767,FWD,6A,41,C,Yes,16A,16.0,A,382.0
767,FWD,6A,41,C,Yes,16B,16.0,B,0.0
767,FWD,6A,41,C,Yes,16D,16.0,D,216.0
767,FWD,6A,41,C,Yes,16E,16.0,E,305.0
767,FWD,6A,41,C,Yes,16F,16.0,F,298.0
767,FWD,6A,41,C,Yes,16K,16.0,K,295.0
767,FWD,6A,41,C,Yes,16L,16.0,L,0.0
767,FWD,6A,41,C,Yes,17B,17.0,B,0.0
767,FWD,6A,41,C,Yes,17K,17.0,K,0.0
767,FWD,6A,41,C,Yes,18L,18.0,L,0.0
767,FWD,6A,42,C,Yes,Front Galley,,,422.0
767,FWD,6A,42,C,Yes,1A,1.0,A,325.0
767,FWD,6A,42,C,Yes,1F,1.0,F,300.0
767,FWD,6A,42,C,Yes,1L,1.0,L,422.0
767,FWD,6A,42,C,Yes,2A,2.0,A,505.0
767,FWD,6A,42,C,Yes,2D,2.0,D,451.0
767,FWD,6A,42,C,Yes,2L,2.0,L,409.0
767,FWD,6A,42,C,Yes,3A,3.0,A,964.0
767,FWD,6A,42,C,Yes,3F,3.0,F,351.0
767,FWD,6A,42,C,Yes,3L,3.0,L,554.0
767,FWD,6A,42,C,Yes,4A,4.0,A,1172.0
767,FWD,6A,42,C,Yes,4D,4.0,D,964.0
767,FWD,6A,42,C,Yes,4L,4.0,L,539.0
767,FWD,6A,42,C,Yes,5F,5.0,F,475.0
767,FWD,6A,42,C,Yes,5L,5.0,L,521.0
767,FWD,6A,42,C,Yes,7A,7.0,A,523.0
767,FWD,6A,42,C,Yes,7F,7.0,F,277.0
767,FWD,6A,42,C,Yes,7L,7.0,L,0.0
767,FWD,6A,42,C,Yes,8A,8.0,A,253.0
767,FWD,6A,42,C,Yes,8D,8.0,D,0.0
767,FWD,6A,42,C,Yes,8L,8.0,L,0.0
767,FWD,6A,42,C,Yes,9A,9.0,A,0.0
767,FWD,6A,42,C,Yes,9F,9.0,F,0.0
767,FWD,6A,42,C,Yes,9L,9.0,L,0.0
767,FWD,6A,42,C,Yes,10A,10.0,A,0.0
767,FWD,6A,42,C,Yes,10D,10.0,D,0.0
767,FWD,6A,42,C,Yes,10L,10.0,L,0.0
767,FWD,6A,42,C,Yes,16A,16.0,A,0.0
767,FWD,6A,42,C,Yes,16B,16.0,B,0.0
767,FWD,6A,42,C,Yes,16D,16.0,D,0.0
767,FWD,6A,42,C,Yes,16E,16.0,E,0.0
767,FWD,6A,42,C,Yes,16F,16.0,F,0.0
767,FWD,6A,42,C,Yes,16K,16.0,K,0.0
767,FWD,6A,42,C,Yes,16L,16.0,L,0.0
767,FWD,6A,42,C,Yes,17B,17.0,B,0.0
767,FWD,6A,42,C,Yes,17K,17.0,K,0.0
767,FWD,6A,42,C,Yes,18L,18.0,L,0.0
767,FWD,6A,43,C,Yes,Front Galley,,,455.0
767,FWD,6A,43,C,Yes,1A,1.0,A,308.0
767,FWD,6A,43,C,Yes,1F,1.0,F,225.0
767,FWD,6A,43,C,Yes,1L,1.0,L,405.0
767,FWD,6A,43,C,Yes,2A,2.0,A,478.0
767,FWD,6A,43,C,Yes,2D,2.0,D,412.0
767,FWD,6A,43,C,Yes,2L,2.0,L,450.0
767,FWD,6A,43,C,Yes,3A,3.0,A,819.0
767,FWD,6A,43,C,Yes,3F,3.0,F,376.0
767,FWD,6A,43,C,Yes,3L,3.0,L,608.0
767,FWD,6A,43,C,Yes,4A,4.0,A,1297.0
767,FWD,6A,43,C,Yes,4D,4.0,D,815.0
767,FWD,6A,43,C,Yes,4L,4.0,L,558.0
767,FWD,6A,43,C,Yes,5F,5.0,F,580.0
767,FWD,6A,43,C,Yes,5L,5.0,L,859.0
767,FWD,6A,43,C,Yes,7A,7.0,A,575.0
767,FWD,6A,43,C,Yes,7F,7.0,F,340.0
767,FWD,6A,43,C,Yes,7L,7.0,L,302.0
767,FWD,6A,43,C,Yes,8A,8.0,A,304.0
767,FWD,6A,43,C,Yes,8D,8.0,D,0.0
767,FWD,6A,43,C,Yes,8L,8.0,L,0.0
767,FWD,6A,43,C,Yes,9A,9.0,A,0.0
767,FWD,6A,43,C,Yes,9F,9.0,F,0.0
767,FWD,6A,43,C,Yes,9L,9.0,L,0.0
767,FWD,6A,43,C,Yes,10A,10.0,A,0.0
767,FWD,6A,43,C,Yes,10D,10.0,D,0.0
767,FWD,6A,43,C,Yes,10L,10.0,L,0.0
767,FWD,6A,43,C,Yes,16A,16.0,A,0.0
767,FWD,6A,43,C,Yes,16B,16.0,B,0.0
767,FWD,6A,43,C,Yes,16D,16.0,D,0.0
767,FWD,6A,43,C,Yes,16E,16.0,E,0.0
767,FWD,6A,43,C,Yes,16F,16.0,F,0.0
767,FWD,6A,43,C,Yes,16K,16.0,K,0.0
767,FWD,6A,43,C,Yes,16L,16.0,L,0.0
767,FWD,6A,43,C,Yes,17B,17.0,B,0.0
767,FWD,6A,43,C,Yes,17K,17.0,K,0.0
767,FWD,6A,43,C,Yes,18L,18.0,L,0.0
767,FWD,6D,44,B,No,Front Galley,,,2934.0
767,FWD,6D,44,B,No,1A,1.0,A,3197.0
767,FWD,6D,44,B,No,1F,1.0,F,1905.0
767,FWD,6D,44,B,No,1L,1.0,L,4234.0
767,FWD,6D,44,B,No,2A,2.0,A,4566.0
767,FWD,6D,44,B,No,2D,2.0,D,3657.0
767,FWD,6D,44,B,No,2L,2.0,L,4215.0
767,FWD,6D,44,B,No,3A,3.0,A,8076.0
767,FWD,6D,44,B,No,3F,3.0,F,3800.0
767,FWD,6D,44,B,No,3L,3.0,L,7335.0
767,FWD,6D,44,B,No,4A,4.0,A,18244.0
767,FWD,6D,44,B,No,4D,4.0,D,9092.0
767,FWD,6D,44,B,No,4L,4.0,L,7387.0
767,FWD,6D,44,B,No,5F,5.0,F,9072.0
767,FWD,6D,44,B,No,5L,5.0,L,11864.0
767,FWD,6D,44,B,No,7A,7.0,A,28276.0
767,FWD,6D,44,B,No,7F,7.0,F,7708.0
767,FWD,6D,44,B,No,7L,7.0,L,10372.0
767,FWD,6D,44,B,No,8A,8.0,A,10321.0
767,FWD,6D,44,B,No,8D,8.0,D,4481.0
767,FWD,6D,44,B,No,8L,8.0,L,4078.0
767,FWD,6D,44,B,No,9A,9.0,A,3042.0
767,FWD,6D,44,B,No,9F,9.0,F,1984.0
767,FWD,6D,44,B,No,9L,9.0,L,1713.0
767,FWD,6D,44,B,No,10A,10.0,A,1608.0
767,FWD,6D,44,B,No,10D,10.0,D,1922.0
767,FWD,6D,44,B,No,10L,10.0,L,1119.0
767,FWD,6D,44,B,No,16A,16.0,A,388.0
767,FWD,6D,44,B,No,16B,16.0,B,267.0
767,FWD,6D,44,B,No,16D,16.0,D,529.0
767,FWD,6D,44,B,No,16E,16.0,E,288.0
767,FWD,6D,44,B,No,16F,16.0,F,429.0
767,FWD,6D,44,B,No,16K,16.0,K,350.0
767,FWD,6D,44,B,No,16L,16.0,L,336.0
767,FWD,6D,44,B,No,17B,17.0,B,0.0
767,FWD,6D,44,B,No,17K,17.0,K,0.0
767,FWD,6D,44,B,No,18L,18.0,L,0.0
767,FWD,6D,45,B,No,Front Galley,,,4073.0
767,FWD,6D,45,B,No,1A,1.0,A,4360.0
767,FWD,6D,45,B,No,1F,1.0,F,3001.0
767,FWD,6D,45,B,No,1L,1.0,L,5522.0
767,FWD,6D,45,B,No,2A,2.0,A,6401.0
767,FWD,6D,45,B,No,2D,2.0,D,5280.0
767,FWD,6D,45,B,No,2L,2.0,L,5528.0
767,FWD,6D,45,B,No,3A,3.0,A,10875.0
767,FWD,6D,45,B,No,3F,3.0,F,5046.0
767,FWD,6D,45,B,No,3L,3.0,L,8286.0
767,FWD,6D,45,B,No,4A,4.0,A,20531.0
767,FWD,6D,45,B,No,4D,4.0,D,11096.0
767,FWD,6D,45,B,No,4L,4.0,L,8183.0
767,FWD,6D,45,B,No,5F,5.0,F,10221.0
767,FWD,6D,45,B,No,5L,5.0,L,13301.0
767,FWD,6D,45,B,No,7A,7.0,A,15512.0
767,FWD,6D,45,B,No,7F,7.0,F,7833.0
767,FWD,6D,45,B,No,7L,7.0,L,6998.0
767,FWD,6D,45,B,No,8A,8.0,A,5336.0
767,FWD,6D,45,B,No,8D,8.0,D,2227.0
767,FWD,6D,45,B,No,8L,8.0,L,2457.0
767,FWD,6D,45,B,No,9A,9.0,A,1212.0
767,FWD,6D,45,B,No,9F,9.0,F,1721.0
767,FWD,6D,45,B,No,9L,9.0,L,1070.0
767,FWD,6D,45,B,No,10A,10.0,A,783.0
767,FWD,6D,45,B,No,10D,10.0,D,956.0
767,FWD,6D,45,B,No,10L,10.0,L,743.0
767,FWD,6D,45,B,No,16A,16.0,A,202.0
767,FWD,6D,45,B,No,16B,16.0,B,0.0
767,FWD,6D,45,B,No,16D,16.0,D,359.0
767,FWD,6D,45,B,No,16E,16.0,E,258.0
767,FWD,6D,45,B,No,16F,16.0,F,344.0
767,FWD,6D,45,B,No,16K,16.0,K,233.0
767,FWD,6D,45,B,No,16L,16.0,L,0.0
767,FWD,6D,45,B,No,17B,17.0,B,0.0
767,FWD,6D,45,B,No,17K,17.0,K,0.0
767,FWD,6D,45,B,No,18L,18.0,L,0.0
767,FWD,6D,46,B,No,Front Galley,,,3450.0
767,FWD,6D,46,B,No,1A,1.0,A,3718.0
767,FWD,6D,46,B,No,1F,1.0,F,2656.0
767,FWD,6D,46,B,No,1L,1.0,L,4548.0
767,FWD,6D,46,B,No,2A,2.0,A,4888.0
767,FWD,6D,46,B,No,2D,2.0,D,4494.0
767,FWD,6D,46,B,No,2L,2.0,L,4640.0
767,FWD,6D,46,B,No,3A,3.0,A,8745.0
767,FWD,6D,46,B,No,3F,3.0,F,4493.0
767,FWD,6D,46,B,No,3L,3.0,L,7431.0
767,FWD,6D,46,B,No,4A,4.0,A,17618.0
767,FWD,6D,46,B,No,4D,4.0,D,9826.0
767,FWD,6D,46,B,No,4L,4.0,L,7610.0
767,FWD,6D,46,B,No,5F,5.0,F,9392.0
767,FWD,6D,46,B,No,5L,5.0,L,12297.0
767,FWD,6D,46,B,No,7A,7.0,A,25602.0
767,FWD,6D,46,B,No,7F,7.0,F,8966.0
767,FWD,6D,46,B,No,7L,7.0,L,12176.0
767,FWD,6D,46,B,No,8A,8.0,A,9416.0
767,FWD,6D,46,B,No,8D,8.0,D,4275.0
767,FWD,6D,46,B,No,8L,8.0,L,3846.0
767,FWD,6D,46,B,No,9A,9.0,A,2664.0
767,FWD,6D,46,B,No,9F,9.0,F,2260.0
767,FWD,6D,46,B,No,9L,9.0,L,1898.0
767,FWD,6D,46,B,No,10A,10.0,A,1408.0
767,FWD,6D,46,B,No,10D,10.0,D,1737.0
767,FWD,6D,46,B,No,10L,10.0,L,1056.0
767,FWD,6D,46,B,No,16A,16.0,A,330.0
767,FWD,6D,46,B,No,16B,16.0,B,271.0
767,FWD,6D,46,B,No,16D,16.0,D,681.0
767,FWD,6D,46,B,No,16E,16.0,E,468.0
767,FWD,6D,46,B,No,16F,16.0,F,583.0
767,FWD,6D,46,B,No,16K,16.0,K,349.0
767,FWD,6D,46,B,No,16L,16.0,L,292.0
767,FWD,6D,46,B,No,17B,17.0,B,0.0
767,FWD,6D,46,B,No,17K,17.0,K,0.0
767,FWD,6D,46,B,No,18L,18.0,L,0.0
767,FWD,6D,47,B,Yes,Front Galley,,,2497.0
767,FWD,6D,47,B,Yes,1A,1.0,A,2655.0
767,FWD,6D,47,B,Yes,1F,1.0,F,1788.0
767,FWD,6D,47,B,Yes,1L,1.0,L,3646.0
767,FWD,6D,47,B,Yes,2A,2.0,A,3950.0
767,FWD,6D,47,B,Yes,2D,2.0,D,3099.0
767,FWD,6D,47,B,Yes,2L,2.0,L,3284.0
767,FWD,6D,47,B,Yes,3A,3.0,A,6799.0
767,FWD,6D,47,B,Yes,3F,3.0,F,3011.0
767,FWD,6D,47,B,Yes,3L,3.0,L,5667.0
767,FWD,6D,47,B,Yes,4A,4.0,A,16274.0
767,FWD,6D,47,B,Yes,4D,4.0,D,8111.0
767,FWD,6D,47,B,Yes,4L,4.0,L,5464.0
767,FWD,6D,47,B,Yes,5F,5.0,F,6706.0
767,FWD,6D,47,B,Yes,5L,5.0,L,8353.0
767,FWD,6D,47,B,Yes,7A,7.0,A,18222.0
767,FWD,6D,47,B,Yes,7F,7.0,F,5693.0
767,FWD,6D,47,B,Yes,7L,7.0,L,5948.0
767,FWD,6D,47,B,Yes,8A,8.0,A,6381.0
767,FWD,6D,47,B,Yes,8D,8.0,D,3487.0
767,FWD,6D,47,B,Yes,8L,8.0,L,2523.0
767,FWD,6D,47,B,Yes,9A,9.0,A,2108.0
767,FWD,6D,47,B,Yes,9F,9.0,F,1558.0
767,FWD,6D,47,B,Yes,9L,9.0,L,1398.0
767,FWD,6D,47,B,Yes,10A,10.0,A,1196.0
767,FWD,6D,47,B,Yes,10D,10.0,D,1436.0
767,FWD,6D,47,B,Yes,10L,10.0,L,874.0
767,FWD,6D,47,B,Yes,16A,16.0,A,478.0
767,FWD,6D,47,B,Yes,16B,16.0,B,333.0
767,FWD,6D,47,B,Yes,16D,16.0,D,384.0
767,FWD,6D,47,B,Yes,16E,16.0,E,302.0
767,FWD,6D,47,B,Yes,16F,16.0,F,498.0
767,FWD,6D,47,B,Yes,16K,16.0,K,380.0
767,FWD,6D,47,B,Yes,16L,16.0,L,312.0
767,FWD,6D,47,B,Yes,17B,17.0,B,0.0
767,FWD,6D,47,B,Yes,17K,17.0,K,0.0
767,FWD,6D,47,B,Yes,18L,18.0,L,0.0
767,FWD,6D,48,B,Yes,Front Galley,,,4128.0
767,FWD,6D,48,B,Yes,1A,1.0,A,3993.0
767,FWD,6D,48,B,Yes,1F,1.0,F,2765.0
767,FWD,6D,48,B,Yes,1L,1.0,L,5285.0
767,FWD,6D,48,B,Yes,2A,2.0,A,5528.0
767,FWD,6D,48,B,Yes,2D,2.0,D,5046.0
767,FWD,6D,48,B,Yes,2L,2.0,L,5038.0
767,FWD,6D,48,B,Yes,3A,3.0,A,9151.0
767,FWD,6D,48,B,Yes,3F,3.0,F,4712.0
767,FWD,6D,48,B,Yes,3L,3.0,L,7919.0
767,FWD,6D,48,B,Yes,4A,4.0,A,22412.0
767,FWD,6D,48,B,Yes,4D,4.0,D,10556.0
767,FWD,6D,48,B,Yes,4L,4.0,L,8339.0
767,FWD,6D,48,B,Yes,5F,5.0,F,10098.0
767,FWD,6D,48,B,Yes,5L,5.0,L,12377.0
767,FWD,6D,48,B,Yes,7A,7.0,A,13581.0
767,FWD,6D,48,B,Yes,7F,7.0,F,9120.0
767,FWD,6D,48,B,Yes,7L,7.0,L,11776.0
767,FWD,6D,48,B,Yes,8A,8.0,A,5058.0
767,FWD,6D,48,B,Yes,8D,8.0,D,2094.0
767,FWD,6D,48,B,Yes,8L,8.0,L,3452.0
767,FWD,6D,48,B,Yes,9A,9.0,A,1398.0
767,FWD,6D,48,B,Yes,9F,9.0,F,1916.0
767,FWD,6D,48,B,Yes,9L,9.0,L,1286.0
767,FWD,6D,48,B,Yes,10A,10.0,A,835.0
767,FWD,6D,48,B,Yes,10D,10.0,D,1034.0
767,FWD,6D,48,B,Yes,10L,10.0,L,855.0
767,FWD,6D,48,B,Yes,16A,16.0,A,240.0
767,FWD,6D,48,B,Yes,16B,16.0,B,211.0
767,FWD,6D,48,B,Yes,16D,16.0,D,360.0
767,FWD,6D,48,B,Yes,16E,16.0,E,327.0
767,FWD,6D,48,B,Yes,16F,16.0,F,410.0
767,FWD,6D,48,B,Yes,16K,16.0,K,275.0
767,FWD,6D,48,B,Yes,16L,16.0,L,216.0
767,FWD,6D,48,B,Yes,17B,17.0,B,0.0
767,FWD,6D,48,B,Yes,17K,17.0,K,0.0
767,FWD,6D,48,B,Yes,18L,18.0,L,0.0
767,FWD,6D,49,B,Yes,Front Galley,,,3260.0
767,FWD,6D,49,B,Yes,1A,1.0,A,3134.0
767,FWD,6D,49,B,Yes,1F,1.0,F,2382.0
767,FWD,6D,49,B,Yes,1L,1.0,L,4039.0
767,FWD,6D,49,B,Yes,2A,2.0,A,4458.0
767,FWD,6D,49,B,Yes,2D,2.0,D,3913.0
767,FWD,6D,49,B,Yes,2L,2.0,L,3805.0
767,FWD,6D,49,B,Yes,3A,3.0,A,7611.0
767,FWD,6D,49,B,Yes,3F,3.0,F,3821.0
767,FWD,6D,49,B,Yes,3L,3.0,L,6329.0
767,FWD,6D,49,B,Yes,4A,4.0,A,16691.0
767,FWD,6D,49,B,Yes,4D,4.0,D,8903.0
767,FWD,6D,49,B,Yes,4L,4.0,L,6171.0
767,FWD,6D,49,B,Yes,5F,5.0,F,7791.0
767,FWD,6D,49,B,Yes,5L,5.0,L,9509.0
767,FWD,6D,49,B,Yes,7A,7.0,A,20932.0
767,FWD,6D,49,B,Yes,7F,7.0,F,6305.0
767,FWD,6D,49,B,Yes,7L,7.0,L,6719.0
767,FWD,6D,49,B,Yes,8A,8.0,A,7166.0
767,FWD,6D,49,B,Yes,8D,8.0,D,3903.0
767,FWD,6D,49,B,Yes,8L,8.0,L,2693.0
767,FWD,6D,49,B,Yes,9A,9.0,A,2255.0
767,FWD,6D,49,B,Yes,9F,9.0,F,1683.0
767,FWD,6D,49,B,Yes,9L,9.0,L,1560.0
767,FWD,6D,49,B,Yes,10A,10.0,A,1302.0
767,FWD,6D,49,B,Yes,10D,10.0,D,1551.0
767,FWD,6D,49,B,Yes,10L,10.0,L,993.0
767,FWD,6D,49,B,Yes,16A,16.0,A,255.0
767,FWD,6D,49,B,Yes,16B,16.0,B,246.0
767,FWD,6D,49,B,Yes,16D,16.0,D,543.0
767,FWD,6D,49,B,Yes,16E,16.0,E,430.0
767,FWD,6D,49,B,Yes,16F,16.0,F,578.0
767,FWD,6D,49,B,Yes,16K,16.0,K,230.0
767,FWD,6D,49,B,Yes,16L,16.0,L,250.0
767,FWD,6D,49,B,Yes,17B,17.0,B,0.0
767,FWD,6D,49,B,Yes,17K,17.0,K,0.0
767,FWD,6D,49,B,Yes,18L,18.0,L,0.0
767,FWD,6L,50,B,No,Front Galley,,,4954.0
767,FWD,6L,50,B,No,1A,1.0,A,5239.0
767,FWD,6L,50,B,No,1F,1.0,F,3558.0
767,FWD,6L,50,B,No,1L,1.0,L,7055.0
767,FWD,6L,50,B,No,2A,2.0,A,6903.0
767,FWD,6L,50,B,No,2D,2.0,D,5751.0
767,FWD,6L,50,B,No,2L,2.0,L,6909.0
767,FWD,6L,50,B,No,3A,3.0,A,11437.0
767,FWD,6L,50,B,No,3F,3.0,F,7265.0
767,FWD,6L,50,B,No,3L,3.0,L,12064.0
767,FWD,6L,50,B,No,4A,4.0,A,16060.0
767,FWD,6L,50,B,No,4D,4.0,D,12211.0
767,FWD,6L,50,B,No,4L,4.0,L,12714.0
767,FWD,6L,50,B,No,5F,5.0,F,21939.0
767,FWD,6L,50,B,No,5L,5.0,L,20343.0
767,FWD,6L,50,B,No,7A,7.0,A,7977.0
767,FWD,6L,50,B,No,7F,7.0,F,16190.0
767,FWD,6L,50,B,No,7L,7.0,L,6941.0
767,FWD,6L,50,B,No,8A,8.0,A,5714.0
767,FWD,6L,50,B,No,8D,8.0,D,3237.0
767,FWD,6L,50,B,No,8L,8.0,L,3829.0
767,FWD,6L,50,B,No,9A,9.0,A,2926.0
767,FWD,6L,50,B,No,9F,9.0,F,3902.0
767,FWD,6L,50,B,No,9L,9.0,L,2337.0
767,FWD,6L,50,B,No,10A,10.0,A,1905.0
767,FWD,6L,50,B,No,10D,10.0,D,2033.0
767,FWD,6L,50,B,No,10L,10.0,L,1714.0
767,FWD,6L,50,B,No,16A,16.0,A,1376.0
767,FWD,6L,50,B,No,16B,16.0,B,452.0
767,FWD,6L,50,B,No,16D,16.0,D,633.0
767,FWD,6L,50,B,No,16E,16.0,E,981.0
767,FWD,6L,50,B,No,16F,16.0,F,836.0
767,FWD,6L,50,B,No,16K,16.0,K,773.0
767,FWD,6L,50,B,No,16L,16.0,L,633.0
767,FWD,6L,50,B,No,17B,17.0,B,358.0
767,FWD,6L,50,B,No,17K,17.0,K,546.0
767,FWD,6L,50,B,No,18L,18.0,L,0.0
767,FWD,6L,51,B,No,Front Galley,,,5995.0
767,FWD,6L,51,B,No,1A,1.0,A,6672.0
767,FWD,6L,51,B,No,1F,1.0,F,4710.0
767,FWD,6L,51,B,No,1L,1.0,L,8500.0
767,FWD,6L,51,B,No,2A,2.0,A,8808.0
767,FWD,6L,51,B,No,2D,2.0,D,7514.0
767,FWD,6L,51,B,No,2L,2.0,L,8335.0
767,FWD,6L,51,B,No,3A,3.0,A,13756.0
767,FWD,6L,51,B,No,3F,3.0,F,8273.0
767,FWD,6L,51,B,No,3L,3.0,L,12559.0
767,FWD,6L,51,B,No,4A,4.0,A,12627.0
767,FWD,6L,51,B,No,4D,4.0,D,13779.0
767,FWD,6L,51,B,No,4L,4.0,L,14434.0
767,FWD,6L,51,B,No,5F,5.0,F,19533.0
767,FWD,6L,51,B,No,5L,5.0,L,14598.0
767,FWD,6L,51,B,No,7A,7.0,A,5226.0
767,FWD,6L,51,B,No,7F,7.0,F,12738.0
767,FWD,6L,51,B,No,7L,7.0,L,4069.0
767,FWD,6L,51,B,No,8A,8.0,A,3740.0
767,FWD,6L,51,B,No,8D,8.0,D,2161.0
767,FWD,6L,51,B,No,8L,8.0,L,2109.0
767,FWD,6L,51,B,No,9A,9.0,A,1763.0
767,FWD,6L,51,B,No,9F,9.0,F,2309.0
767,FWD,6L,51,B,No,9L,9.0,L,1049.0
767,FWD,6L,51,B,No,10A,10.0,A,1035.0
767,FWD,6L,51,B,No,10D,10.0,D,1279.0
767,FWD,6L,51,B,No,10L,10.0,L,1000.0
767,FWD,6L,51,B,No,16A,16.0,A,435.0
767,FWD,6L,51,B,No,16B,16.0,B,301.0
767,FWD,6L,51,B,No,16D,16.0,D,460.0
767,FWD,6L,51,B,No,16E,16.0,E,466.0
767,FWD,6L,51,B,No,16F,16.0,F,613.0
767,FWD,6L,51,B,No,16K,16.0,K,460.0
767,FWD,6L,51,B,No,16L,16.0,L,384.0
767,FWD,6L,51,B,No,17B,17.0,B,228.0
767,FWD,6L,51,B,No,17K,17.0,K,378.0
767,FWD,6L,51,B,No,18L,18.0,L,0.0
767,FWD,6L,52,B,No,Front Galley,,,5585.0
767,FWD,6L,52,B,No,1A,1.0,A,5941.0
767,FWD,6L,52,B,No,1F,1.0,F,4681.0
767,FWD,6L,52,B,No,1L,1.0,L,8372.0
767,FWD,6L,52,B,No,2A,2.0,A,8492.0
767,FWD,6L,52,B,No,2D,2.0,D,7404.0
767,FWD,6L,52,B,No,2L,2.0,L,8064.0
767,FWD,6L,52,B,No,3A,3.0,A,13532.0
767,FWD,6L,52,B,No,3F,3.0,F,7924.0
767,FWD,6L,52,B,No,3L,3.0,L,12333.0
767,FWD,6L,52,B,No,4A,4.0,A,13625.0
767,FWD,6L,52,B,No,4D,4.0,D,14467.0
767,FWD,6L,52,B,No,4L,4.0,L,13959.0
767,FWD,6L,52,B,No,5F,5.0,F,17549.0
767,FWD,6L,52,B,No,5L,5.0,L,19044.0
767,FWD,6L,52,B,No,7A,7.0,A,5354.0
767,FWD,6L,52,B,No,7F,7.0,F,9569.0
767,FWD,6L,52,B,No,7L,7.0,L,5949.0
767,FWD,6L,52,B,No,8A,8.0,A,3421.0
767,FWD,6L,52,B,No,8D,8.0,D,1817.0
767,FWD,6L,52,B,No,8L,8.0,L,2580.0
767,FWD,6L,52,B,No,9A,9.0,A,1428.0
767,FWD,6L,52,B,No,9F,9.0,F,2052.0
767,FWD,6L,52,B,No,9L,9.0,L,1229.0
767,FWD,6L,52,B,No,10A,10.0,A,1198.0
767,FWD,6L,52,B,No,10D,10.0,D,1164.0
767,FWD,6L,52,B,No,10L,10.0,L,923.0
767,FWD,6L,52,B,No,16A,16.0,A,355.0
767,FWD,6L,52,B,No,16B,16.0,B,327.0
767,FWD,6L,52,B,No,16D,16.0,D,619.0
767,FWD,6L,52,B,No,16E,16.0,E,389.0
767,FWD,6L,52,B,No,16F,16.0,F,473.0
767,FWD,6L,52,B,No,16K,16.0,K,339.0
767,FWD,6L,52,B,No,16L,16.0,L,304.0
767,FWD,6L,52,B,No,17B,17.0,B,237.0
767,FWD,6L,52,B,No,17K,17.0,K,256.0
767,FWD,6L,52,B,No,18L,18.0,L,236.0
767,FWD,6L,53,B,Yes,Front Galley,,,3507.0
767,FWD,6L,53,B,Yes,1A,1.0,A,3671.0
767,FWD,6L,53,B,Yes,1F,1.0,F,2682.0
767,FWD,6L,53,B,Yes,1L,1.0,L,4999.0
767,FWD,6L,53,B,Yes,2A,2.0,A,5202.0
767,FWD,6L,53,B,Yes,2D,2.0,D,3967.0
767,FWD,6L,53,B,Yes,2L,2.0,L,4805.0
767,FWD,6L,53,B,Yes,3A,3.0,A,7314.0
767,FWD,6L,53,B,Yes,3F,3.0,F,5469.0
767,FWD,6L,53,B,Yes,3L,3.0,L,8199.0
767,FWD,6L,53,B,Yes,4A,4.0,A,11081.0
767,FWD,6L,53,B,Yes,4D,4.0,D,8125.0
767,FWD,6L,53,B,Yes,4L,4.0,L,8933.0
767,FWD,6L,53,B,Yes,5F,5.0,F,14261.0
767,FWD,6L,53,B,Yes,5L,5.0,L,13558.0
767,FWD,6L,53,B,Yes,7A,7.0,A,6528.0
767,FWD,6L,53,B,Yes,7F,7.0,F,10337.0
767,FWD,6L,53,B,Yes,7L,7.0,L,4449.0
767,FWD,6L,53,B,Yes,8A,8.0,A,4797.0
767,FWD,6L,53,B,Yes,8D,8.0,D,2291.0
767,FWD,6L,53,B,Yes,8L,8.0,L,2283.0
767,FWD,6L,53,B,Yes,9A,9.0,A,1786.0
767,FWD,6L,53,B,Yes,9F,9.0,F,2004.0
767,FWD,6L,53,B,Yes,9L,9.0,L,1319.0
767,FWD,6L,53,B,Yes,10A,10.0,A,1137.0
767,FWD,6L,53,B,Yes,10D,10.0,D,1340.0
767,FWD,6L,53,B,Yes,10L,10.0,L,945.0
767,FWD,6L,53,B,Yes,16A,16.0,A,393.0
767,FWD,6L,53,B,Yes,16B,16.0,B,256.0
767,FWD,6L,53,B,Yes,16D,16.0,D,339.0
767,FWD,6L,53,B,Yes,16E,16.0,E,320.0
767,FWD,6L,53,B,Yes,16F,16.0,F,457.0
767,FWD,6L,53,B,Yes,16K,16.0,K,409.0
767,FWD,6L,53,B,Yes,16L,16.0,L,384.0
767,FWD,6L,53,B,Yes,17B,17.0,B,0.0
767,FWD,6L,53,B,Yes,17K,17.0,K,284.0
767,FWD,6L,53,B,Yes,18L,18.0,L,0.0
767,FWD,6L,54,B,Yes,Front Galley,,,3775.0
767,FWD,6L,54,B,Yes,1A,1.0,A,3889.0
767,FWD,6L,54,B,Yes,1F,1.0,F,2970.0
767,FWD,6L,54,B,Yes,1L,1.0,L,5392.0
767,FWD,6L,54,B,Yes,2A,2.0,A,5626.0
767,FWD,6L,54,B,Yes,2D,2.0,D,4434.0
767,FWD,6L,54,B,Yes,2L,2.0,L,5003.0
767,FWD,6L,54,B,Yes,3A,3.0,A,7648.0
767,FWD,6L,54,B,Yes,3F,3.0,F,5595.0
767,FWD,6L,54,B,Yes,3L,3.0,L,8395.0
767,FWD,6L,54,B,Yes,4A,4.0,A,9044.0
767,FWD,6L,54,B,Yes,4D,4.0,D,8501.0
767,FWD,6L,54,B,Yes,4L,4.0,L,9796.0
767,FWD,6L,54,B,Yes,5F,5.0,F,13167.0
767,FWD,6L,54,B,Yes,5L,5.0,L,12917.0
767,FWD,6L,54,B,Yes,7A,7.0,A,4753.0
767,FWD,6L,54,B,Yes,7F,7.0,F,8976.0
767,FWD,6L,54,B,Yes,7L,7.0,L,5453.0
767,FWD,6L,54,B,Yes,8A,8.0,A,2939.0
767,FWD,6L,54,B,Yes,8D,8.0,D,1353.0
767,FWD,6L,54,B,Yes,8L,8.0,L,1961.0
767,FWD,6L,54,B,Yes,9A,9.0,A,1093.0
767,FWD,6L,54,B,Yes,9F,9.0,F,1434.0
767,FWD,6L,54,B,Yes,9L,9.0,L,938.0
767,FWD,6L,54,B,Yes,10A,10.0,A,547.0
767,FWD,6L,54,B,Yes,10D,10.0,D,696.0
767,FWD,6L,54,B,Yes,10L,10.0,L,634.0
767,FWD,6L,54,B,Yes,16A,16.0,A,0.0
767,FWD,6L,54,B,Yes,16B,16.0,B,204.0
767,FWD,6L,54,B,Yes,16D,16.0,D,311.0
767,FWD,6L,54,B,Yes,16E,16.0,E,0.0
767,FWD,6L,54,B,Yes,16F,16.0,F,256.0
767,FWD,6L,54,B,Yes,16K,16.0,K,211.0
767,FWD,6L,54,B,Yes,16L,16.0,L,0.0
767,FWD,6L,54,B,Yes,17B,17.0,B,0.0
767,FWD,6L,54,B,Yes,17K,17.0,K,0.0
767,FWD,6L,54,B,Yes,18L,18.0,L,0.0
767,FWD,6L,55,B,Yes,Front Galley,,,3500.0
767,FWD,6L,55,B,Yes,1A,1.0,A,4039.0
767,FWD,6L,55,B,Yes,1F,1.0,F,3065.0
767,FWD,6L,55,B,Yes,1L,1.0,L,5695.0
767,FWD,6L,55,B,Yes,2A,2.0,A,5605.0
767,FWD,6L,55,B,Yes,2D,2.0,D,4633.0
767,FWD,6L,55,B,Yes,2L,2.0,L,5279.0
767,FWD,6L,55,B,Yes,3A,3.0,A,8514.0
767,FWD,6L,55,B,Yes,3F,3.0,F,4907.0
767,FWD,6L,55,B,Yes,3L,3.0,L,7803.0
767,FWD,6L,55,B,Yes,4A,4.0,A,10725.0
767,FWD,6L,55,B,Yes,4D,4.0,D,9877.0
767,FWD,6L,55,B,Yes,4L,4.0,L,8280.0
767,FWD,6L,55,B,Yes,5F,5.0,F,13983.0
767,FWD,6L,55,B,Yes,5L,5.0,L,12572.0
767,FWD,6L,55,B,Yes,7A,7.0,A,4595.0
767,FWD,6L,55,B,Yes,7F,7.0,F,7464.0
767,FWD,6L,55,B,Yes,7L,7.0,L,7224.0
767,FWD,6L,55,B,Yes,8A,8.0,A,2954.0
767,FWD,6L,55,B,Yes,8D,8.0,D,1870.0
767,FWD,6L,55,B,Yes,8L,8.0,L,2822.0
767,FWD,6L,55,B,Yes,9A,9.0,A,1226.0
767,FWD,6L,55,B,Yes,9F,9.0,F,1673.0
767,FWD,6L,55,B,Yes,9L,9.0,L,1037.0
767,FWD,6L,55,B,Yes,10A,10.0,A,859.0
767,FWD,6L,55,B,Yes,10D,10.0,D,970.0
767,FWD,6L,55,B,Yes,10L,10.0,L,753.0
767,FWD,6L,55,B,Yes,16A,16.0,A,306.0
767,FWD,6L,55,B,Yes,16B,16.0,B,232.0
767,FWD,6L,55,B,Yes,16D,16.0,D,443.0
767,FWD,6L,55,B,Yes,16E,16.0,E,369.0
767,FWD,6L,55,B,Yes,16F,16.0,F,407.0
767,FWD,6L,55,B,Yes,16K,16.0,K,269.0
767,FWD,6L,55,B,Yes,16L,16.0,L,286.0
767,FWD,6L,55,B,Yes,17B,17.0,B,0.0
767,FWD,6L,55,B,Yes,17K,17.0,K,0.0
767,FWD,6L,55,B,Yes,18L,18.0,L,0.0
767,FWD,6L,56,C,No,Front Galley,,,
767,FWD,6L,56,C,No,1A,1.0,A,5737.0
767,FWD,6L,56,C,No,1F,1.0,F,4089.0
767,FWD,6L,56,C,No,1L,1.0,L,7510.0
767,FWD,6L,56,C,No,2A,2.0,A,7778.0
767,FWD,6L,56,C,No,2D,2.0,D,6224.0
767,FWD,6L,56,C,No,2L,2.0,L,7089.0
767,FWD,6L,56,C,No,3A,3.0,A,12831.0
767,FWD,6L,56,C,No,3F,3.0,F,6509.0
767,FWD,6L,56,C,No,3L,3.0,L,11208.0
767,FWD,6L,56,C,No,4A,4.0,A,15386.0
767,FWD,6L,56,C,No,4D,4.0,D,15108.0
767,FWD,6L,56,C,No,4L,4.0,L,12226.0
767,FWD,6L,56,C,No,5F,5.0,F,19609.0
767,FWD,6L,56,C,No,5L,5.0,L,12614.0
767,FWD,6L,56,C,No,7A,7.0,A,3845.0
767,FWD,6L,56,C,No,7F,7.0,F,4253.0
767,FWD,6L,56,C,No,7L,7.0,L,1492.0
767,FWD,6L,56,C,No,8A,8.0,A,1923.0
767,FWD,6L,56,C,No,8D,8.0,D,994.0
767,FWD,6L,56,C,No,8L,8.0,L,959.0
767,FWD,6L,56,C,No,9A,9.0,A,730.0
767,FWD,6L,56,C,No,9F,9.0,F,629.0
767,FWD,6L,56,C,No,9L,9.0,L,487.0
767,FWD,6L,56,C,No,10A,10.0,A,432.0
767,FWD,6L,56,C,No,10D,10.0,D,562.0
767,FWD,6L,56,C,No,10L,10.0,L,314.0
767,FWD,6L,56,C,No,16A,16.0,A,446.0
767,FWD,6L,56,C,No,16B,16.0,B,0.0
767,FWD,6L,56,C,No,16D,16.0,D,281.0
767,FWD,6L,56,C,No,16E,16.0,E,333.0
767,FWD,6L,56,C,No,16F,16.0,F,236.0
767,FWD,6L,56,C,No,16K,16.0,K,208.0
767,FWD,6L,56,C,No,16L,16.0,L,222.0
767,FWD,6L,56,C,No,17B,17.0,B,0.0
767,FWD,6L,56,C,No,17K,17.0,K,0.0
767,FWD,6L,56,C,No,18L,18.0,L,0.0
767,FWD,6L,57,C,Yes,Front Galley,,,
767,FWD,6L,57,C,Yes,1A,1.0,A,728.0
767,FWD,6L,57,C,Yes,1F,1.0,F,1036.0
767,FWD,6L,57,C,Yes,1L,1.0,L,1036.0
767,FWD,6L,57,C,Yes,2A,2.0,A,892.0
767,FWD,6L,57,C,Yes,2D,2.0,D,1012.0
767,FWD,6L,57,C,Yes,2L,2.0,L,855.0
767,FWD,6L,57,C,Yes,3A,3.0,A,1132.0
767,FWD,6L,57,C,Yes,3F,3.0,F,1171.0
767,FWD,6L,57,C,Yes,3L,3.0,L,1295.0
767,FWD,6L,57,C,Yes,4A,4.0,A,1066.0
767,FWD,6L,57,C,Yes,4D,4.0,D,1256.0
767,FWD,6L,57,C,Yes,4L,4.0,L,1210.0
767,FWD,6L,57,C,Yes,5F,5.0,F,1673.0
767,FWD,6L,57,C,Yes,5L,5.0,L,1322.0
767,FWD,6L,57,C,Yes,7A,7.0,A,616.0
767,FWD,6L,57,C,Yes,7F,7.0,F,1161.0
767,FWD,6L,57,C,Yes,7L,7.0,L,463.0
767,FWD,6L,57,C,Yes,8A,8.0,A,433.0
767,FWD,6L,57,C,Yes,8D,8.0,D,384.0
767,FWD,6L,57,C,Yes,8L,8.0,L,257.0
767,FWD,6L,57,C,Yes,9A,9.0,A,349.0
767,FWD,6L,57,C,Yes,9F,9.0,F,330.0
767,FWD,6L,57,C,Yes,9L,9.0,L,240.0
767,FWD,6L,57,C,Yes,10A,10.0,A,250.0
767,FWD,6L,57,C,Yes,10D,10.0,D,338.0
767,FWD,6L,57,C,Yes,10L,10.0,L,207.0
767,FWD,6L,57,C,Yes,16A,16.0,A,506.0
767,FWD,6L,57,C,Yes,16B,16.0,B,0.0
767,FWD,6L,57,C,Yes,16D,16.0,D,0.0
767,FWD,6L,57,C,Yes,16E,16.0,E,286.0
767,FWD,6L,57,C,Yes,16F,16.0,F,0.0
767,FWD,6L,57,C,Yes,16K,16.0,K,292.0
767,FWD,6L,57,C,Yes,16L,16.0,L,0.0
767,FWD,6L,57,C,Yes,17B,17.0,B,0.0
767,FWD,6L,57,C,Yes,17K,17.0,K,0.0
767,FWD,6L,57,C,Yes,18L,18.0,L,0.0
767,FWD,6L,58,C,No,Front Galley,,,
767,FWD,6L,58,C,No,1A,1.0,A,7426.0
767,FWD,6L,58,C,No,1F,1.0,F,4632.0
767,FWD,6L,58,C,No,1L,1.0,L,9031.0
767,FWD,6L,58,C,No,2A,2.0,A,9698.0
767,FWD,6L,58,C,No,2D,2.0,D,8619.0
767,FWD,6L,58,C,No,2L,2.0,L,8325.0
767,FWD,6L,58,C,No,3A,3.0,A,19597.0
767,FWD,6L,58,C,No,3F,3.0,F,7324.0
767,FWD,6L,58,C,No,3L,3.0,L,12484.0
767,FWD,6L,58,C,No,4A,4.0,A,10941.0
767,FWD,6L,58,C,No,4D,4.0,D,15913.0
767,FWD,6L,58,C,No,4L,4.0,L,12018.0
767,FWD,6L,58,C,No,5F,5.0,F,32502.0
767,FWD,6L,58,C,No,5L,5.0,L,12762.0
767,FWD,6L,58,C,No,7A,7.0,A,4008.0
767,FWD,6L,58,C,No,7F,7.0,F,10458.0
767,FWD,6L,58,C,No,7L,7.0,L,2236.0
767,FWD,6L,58,C,No,8A,8.0,A,2123.0
767,FWD,6L,58,C,No,8D,8.0,D,1751.0
767,FWD,6L,58,C,No,8L,8.0,L,1418.0
767,FWD,6L,58,C,No,9A,9.0,A,1002.0
767,FWD,6L,58,C,No,9F,9.0,F,2956.0
767,FWD,6L,58,C,No,9L,9.0,L,903.0
767,FWD,6L,58,C,No,10A,10.0,A,705.0
767,FWD,6L,58,C,No,10D,10.0,D,922.0
767,FWD,6L,58,C,No,10L,10.0,L,764.0
767,FWD,6L,58,C,No,16A,16.0,A,661.0
767,FWD,6L,58,C,No,16B,16.0,B,364.0
767,FWD,6L,58,C,No,16D,16.0,D,607.0
767,FWD,6L,58,C,No,16E,16.0,E,1080.0
767,FWD,6L,58,C,No,16F,16.0,F,737.0
767,FWD,6L,58,C,No,16K,16.0,K,635.0
767,FWD,6L,58,C,No,16L,16.0,L,477.0
767,FWD,6L,58,C,No,17B,17.0,B,0.0
767,FWD,6L,58,C,No,17K,17.0,K,614.0
767,FWD,6L,58,C,No,18L,18.0,L,387.0
767,FWD,6L,59,C,Yes,Front Galley,,,
767,FWD,6L,59,C,Yes,1A,1.0,A,1130.0
767,FWD,6L,59,C,Yes,1F,1.0,F,1753.0
767,FWD,6L,59,C,Yes,1L,1.0,L,1375.0
767,FWD,6L,59,C,Yes,2A,2.0,A,1237.0
767,FWD,6L,59,C,Yes,2D,2.0,D,1699.0
767,FWD,6L,59,C,Yes,2L,2.0,L,1003.0
767,FWD,6L,59,C,Yes,3A,3.0,A,1404.0
767,FWD,6L,59,C,Yes,3F,3.0,F,1814.0
767,FWD,6L,59,C,Yes,3L,3.0,L,1119.0
767,FWD,6L,59,C,Yes,4A,4.0,A,1308.0
767,FWD,6L,59,C,Yes,4D,4.0,D,1443.0
767,FWD,6L,59,C,Yes,4L,4.0,L,1047.0
767,FWD,6L,59,C,Yes,5F,5.0,F,2072.0
767,FWD,6L,59,C,Yes,5L,5.0,L,1173.0
767,FWD,6L,59,C,Yes,7A,7.0,A,616.0
767,FWD,6L,59,C,Yes,7F,7.0,F,681.0
767,FWD,6L,59,C,Yes,7L,7.0,L,586.0
767,FWD,6L,59,C,Yes,8A,8.0,A,410.0
767,FWD,6L,59,C,Yes,8D,8.0,D,398.0
767,FWD,6L,59,C,Yes,8L,8.0,L,344.0
767,FWD,6L,59,C,Yes,9A,9.0,A,448.0
767,FWD,6L,59,C,Yes,9F,9.0,F,320.0
767,FWD,6L,59,C,Yes,9L,9.0,L,288.0
767,FWD,6L,59,C,Yes,10A,10.0,A,243.0
767,FWD,6L,59,C,Yes,10D,10.0,D,430.0
767,FWD,6L,59,C,Yes,10L,10.0,L,338.0
767,FWD,6L,59,C,Yes,16A,16.0,A,455.0
767,FWD,6L,59,C,Yes,16B,16.0,B,0.0
767,FWD,6L,59,C,Yes,16D,16.0,D,211.0
767,FWD,6L,59,C,Yes,16E,16.0,E,333.0
767,FWD,6L,59,C,Yes,16F,16.0,F,255.0
767,FWD,6L,59,C,Yes,16K,16.0,K,313.0
767,FWD,6L,59,C,Yes,16L,16.0,L,247.0
767,FWD,6L,59,C,Yes,17B,17.0,B,0.0
767,FWD,6L,59,C,Yes,17K,17.0,K,238.0
767,FWD,6L,59,C,Yes,18L,18.0,L,0.0
767,FWD,6L,60,C,No,Front Galley,,,
767,FWD,6L,60,C,No,1A,1.0,A,6741.0
767,FWD,6L,60,C,No,1F,1.0,F,4323.0
767,FWD,6L,60,C,No,1L,1.0,L,8114.0
767,FWD,6L,60,C,No,2A,2.0,A,9052.0
767,FWD,6L,60,C,No,2D,2.0,D,4445.0
767,FWD,6L,60,C,No,2L,2.0,L,7833.0
767,FWD,6L,60,C,No,3A,3.0,A,13543.0
767,FWD,6L,60,C,No,3F,3.0,F,6954.0
767,FWD,6L,60,C,No,3L,3.0,L,12134.0
767,FWD,6L,60,C,No,4A,4.0,A,21857.0
767,FWD,6L,60,C,No,4D,4.0,D,9106.0
767,FWD,6L,60,C,No,4L,4.0,L,12121.0
767,FWD,6L,60,C,No,5F,5.0,F,44079.0
767,FWD,6L,60,C,No,5L,5.0,L,14520.0
767,FWD,6L,60,C,No,7A,7.0,A,7791.0
767,FWD,6L,60,C,No,7F,7.0,F,8338.0
767,FWD,6L,60,C,No,7L,7.0,L,4598.0
767,FWD,6L,60,C,No,8A,8.0,A,3960.0
767,FWD,6L,60,C,No,8D,8.0,D,1929.0
767,FWD,6L,60,C,No,8L,8.0,L,2308.0
767,FWD,6L,60,C,No,9A,9.0,A,1054.0
767,FWD,6L,60,C,No,9F,9.0,F,1054.0
767,FWD,6L,60,C,No,9L,9.0,L,865.0
767,FWD,6L,60,C,No,10A,10.0,A,483.0
767,FWD,6L,60,C,No,10D,10.0,D,667.0
767,FWD,6L,60,C,No,10L,10.0,L,443.0
767,FWD,6L,60,C,No,16A,16.0,A,0.0
767,FWD,6L,60,C,No,16B,16.0,B,0.0
767,FWD,6L,60,C,No,16D,16.0,D,293.0
767,FWD,6L,60,C,No,16E,16.0,E,306.0
767,FWD,6L,60,C,No,16F,16.0,F,283.0
767,FWD,6L,60,C,No,16K,16.0,K,234.0
767,FWD,6L,60,C,No,16L,16.0,L,0.0
767,FWD,6L,60,C,No,17B,17.0,B,0.0
767,FWD,6L,60,C,No,17K,17.0,K,0.0
767,FWD,6L,60,C,No,18L,18.0,L,0.0
767,FWD,6L,61,C,Yes,Front Galley,,,
767,FWD,6L,61,C,Yes,1A,1.0,A,
767,FWD,6L,61,C,Yes,1F,1.0,F,1261.0
767,FWD,6L,61,C,Yes,1L,1.0,L,1362.0
767,FWD,6L,61,C,Yes,2A,2.0,A,1042.0
767,FWD,6L,61,C,Yes,2D,2.0,D,
767,FWD,6L,61,C,Yes,2L,2.0,L,
767,FWD,6L,61,C,Yes,3A,3.0,A,
767,FWD,6L,61,C,Yes,3F,3.0,F,1852.0
767,FWD,6L,61,C,Yes,3L,3.0,L,404.0
767,FWD,6L,61,C,Yes,4A,4.0,A,707.0
767,FWD,6L,61,C,Yes,4D,4.0,D,
767,FWD,6L,61,C,Yes,4L,4.0,L,
767,FWD,6L,61,C,Yes,5F,5.0,F,
767,FWD,6L,61,C,Yes,5L,5.0,L,1822.0
767,FWD,6L,61,C,Yes,7A,7.0,A,919.0
767,FWD,6L,61,C,Yes,7F,7.0,F,447.0
767,FWD,6L,61,C,Yes,7L,7.0,L,744.0
767,FWD,6L,61,C,Yes,8A,8.0,A,562.0
767,FWD,6L,61,C,Yes,8D,8.0,D,549.0
767,FWD,6L,61,C,Yes,8L,8.0,L,469.0
767,FWD,6L,61,C,Yes,9A,9.0,A,543.0
767,FWD,6L,61,C,Yes,9F,9.0,F,
767,FWD,6L,61,C,Yes,9L,9.0,L,
767,FWD,6L,61,C,Yes,10A,10.0,A,368.0
767,FWD,6L,61,C,Yes,10D,10.0,D,
767,FWD,6L,61,C,Yes,10L,10.0,L,
767,FWD,6L,61,C,Yes,16A,16.0,A,
767,FWD,6L,61,C,Yes,16B,16.0,B,220.0
767,FWD,6L,61,C,Yes,16D,16.0,D,221.0
767,FWD,6L,61,C,Yes,16E,16.0,E,311.0
767,FWD,6L,61,C,Yes,16F,16.0,F,310.0
767,FWD,6L,61,C,Yes,16K,16.0,K,297.0
767,FWD,6L,61,C,Yes,16L,16.0,L,0.0
767,FWD,6L,61,C,Yes,17B,17.0,B,0.0
767,FWD,6L,61,C,Yes,17K,17.0,K,0.0
767,FWD,6L,61,C,Yes,18L,18.0,L,0.0
777,AFT,47B,1,B,No,45A,45.0,A,2047.0
777,AFT,47B,1,B,No,45C,45.0,C,648.0
777,AFT,47B,1,B,No,45D,45.0,D,244.0
777,AFT,47B,1,B,No,45E,45.0,E,338.0
777,AFT,47B,1,B,No,45F,45.0,F,0.0
777,AFT,47B,1,B,No,45G,45.0,G,0.0
777,AFT,47B,1,B,No,45J,45.0,J,840.0
777,AFT,47B,1,B,No,45L,45.0,L,1324.0
777,AFT,47B,1,B,No,46A,46.0,A,3795.0
777,AFT,47B,1,B,No,46B,46.0,B,3655.0
777,AFT,47B,1,B,No,46C,46.0,C,1004.0
777,AFT,47B,1,B,No,46D,46.0,D,351.0
777,AFT,47B,1,B,No,46E,46.0,E,474.0
777,AFT,47B,1,B,No,46F,46.0,F,392.0
777,AFT,47B,1,B,No,46G,46.0,G,260.0
777,AFT,47B,1,B,No,46J,46.0,J,1433.0
777,AFT,47B,1,B,No,46K,46.0,K,4306.0
777,AFT,47B,1,B,No,46L,46.0,L,3805.0
777,AFT,47B,1,B,No,47A,47.0,A,22580.0
777,AFT,47B,1,B,No,47C,47.0,C,41931.0
777,AFT,47B,1,B,No,47D,47.0,D,7091.0
777,AFT,47B,1,B,No,47E,47.0,E,7599.0
777,AFT,47B,1,B,No,47F,47.0,F,5997.0
777,AFT,47B,1,B,No,47G,47.0,G,1233.0
777,AFT,47B,1,B,No,47J,47.0,J,4154.0
777,AFT,47B,1,B,No,47L,47.0,L,9858.0
777,AFT,47B,1,B,No,48A,48.0,A,24208.0
777,AFT,47B,1,B,No,48B,48.0,B,22058.0
777,AFT,47B,1,B,No,48C,48.0,C,29822.0
777,AFT,47B,1,B,No,48D,48.0,D,25668.0
777,AFT,47B,1,B,No,48E,48.0,E,44926.0
777,AFT,47B,1,B,No,48F,48.0,F,16635.0
777,AFT,47B,1,B,No,48G,48.0,G,14423.0
777,AFT,47B,1,B,No,48J,48.0,J,11618.0
777,AFT,47B,1,B,No,48K,48.0,K,12737.0
777,AFT,47B,1,B,No,48L,48.0,L,15611.0
777,AFT,47B,1,B,No,49A,49.0,A,21295.0
777,AFT,47B,1,B,No,49C,49.0,C,27641.0
777,AFT,47B,1,B,No,49E,49.0,E,29346.0
777,AFT,47B,1,B,No,49F,49.0,F,14269.0
777,AFT,47B,1,B,No,49J,49.0,J,13783.0
777,AFT,47B,1,B,No,49L,49.0,L,15084.0
777,AFT,47B,2,B,No,45A,45.0,A,1468.0
777,AFT,47B,2,B,No,45C,45.0,C,400.0
777,AFT,47B,2,B,No,45D,45.0,D,221.0
777,AFT,47B,2,B,No,45E,45.0,E,263.0
777,AFT,47B,2,B,No,45F,45.0,F,0.0
777,AFT,47B,2,B,No,45G,45.0,G,0.0
777,AFT,47B,2,B,No,45J,45.0,J,1007.0
777,AFT,47B,2,B,No,45L,45.0,L,1653.0
777,AFT,47B,2,B,No,46A,46.0,A,2550.0
777,AFT,47B,2,B,No,46B,46.0,B,2203.0
777,AFT,47B,2,B,No,46C,46.0,C,1080.0
777,AFT,47B,2,B,No,46D,46.0,D,382.0
777,AFT,47B,2,B,No,46E,46.0,E,626.0
777,AFT,47B,2,B,No,46F,46.0,F,348.0
777,AFT,47B,2,B,No,46G,46.0,G,311.0
777,AFT,47B,2,B,No,46J,46.0,J,1354.0
777,AFT,47B,2,B,No,46K,46.0,K,4661.0
777,AFT,47B,2,B,No,46L,46.0,L,4709.0
777,AFT,47B,2,B,No,47A,47.0,A,21107.0
777,AFT,47B,2,B,No,47C,47.0,C,30353.0
777,AFT,47B,2,B,No,47D,47.0,D,4320.0
777,AFT,47B,2,B,No,47E,47.0,E,5803.0
777,AFT,47B,2,B,No,47F,47.0,F,3096.0
777,AFT,47B,2,B,No,47G,47.0,G,788.0
777,AFT,47B,2,B,No,47J,47.0,J,5537.0
777,AFT,47B,2,B,No,47L,47.0,L,9921.0
777,AFT,47B,2,B,No,48A,48.0,A,19908.0
777,AFT,47B,2,B,No,48B,48.0,B,19833.0
777,AFT,47B,2,B,No,48C,48.0,C,17769.0
777,AFT,47B,2,B,No,48D,48.0,D,17127.0
777,AFT,47B,2,B,No,48E,48.0,E,23970.0
777,AFT,47B,2,B,No,48F,48.0,F,22202.0
777,AFT,47B,2,B,No,48G,48.0,G,20801.0
777,AFT,47B,2,B,No,48J,48.0,J,14294.0
777,AFT,47B,2,B,No,48K,48.0,K,12403.0
777,AFT,47B,2,B,No,48L,48.0,L,15731.0
777,AFT,47B,2,B,No,49A,49.0,A,17697.0
777,AFT,47B,2,B,No,49C,49.0,C,23506.0
777,AFT,47B,2,B,No,49E,49.0,E,27714.0
777,AFT,47B,2,B,No,49F,49.0,F,16381.0
777,AFT,47B,2,B,No,49J,49.0,J,20653.0
777,AFT,47B,2,B,No,49L,49.0,L,17512.0
777,AFT,47B,3,B,No,45A,45.0,A,1069.0
777,AFT,47B,3,B,No,45C,45.0,C,716.0
777,AFT,47B,3,B,No,45D,45.0,D,0.0
777,AFT,47B,3,B,No,45E,45.0,E,0.0
777,AFT,47B,3,B,No,45F,45.0,F,0.0
777,AFT,47B,3,B,No,45G,45.0,G,0.0
777,AFT,47B,3,B,No,45J,45.0,J,346.0
777,AFT,47B,3,B,No,45L,45.0,L,935.0
777,AFT,47B,3,B,No,46A,46.0,A,3330.0
777,AFT,47B,3,B,No,46B,46.0,B,4510.0
777,AFT,47B,3,B,No,46C,46.0,C,2652.0
777,AFT,47B,3,B,No,46D,46.0,D,252.0
777,AFT,47B,3,B,No,46E,46.0,E,356.0
777,AFT,47B,3,B,No,46F,46.0,F,236.0
777,AFT,47B,3,B,No,46G,46.0,G,0.0
777,AFT,47B,3,B,No,46J,46.0,J,1119.0
777,AFT,47B,3,B,No,46K,46.0,K,3631.0
777,AFT,47B,3,B,No,46L,46.0,L,3457.0
777,AFT,47B,3,B,No,47A,47.0,A,72481.0
777,AFT,47B,3,B,No,47C,47.0,C,73644.0
777,AFT,47B,3,B,No,47D,47.0,D,5336.0
777,AFT,47B,3,B,No,47E,47.0,E,3242.0
777,AFT,47B,3,B,No,47F,47.0,F,2578.0
777,AFT,47B,3,B,No,47G,47.0,G,1798.0
777,AFT,47B,3,B,No,47J,47.0,J,3197.0
777,AFT,47B,3,B,No,47L,47.0,L,6833.0
777,AFT,47B,3,B,No,48A,48.0,A,26877.0
777,AFT,47B,3,B,No,48B,48.0,B,22169.0
777,AFT,47B,3,B,No,48C,48.0,C,28017.0
777,AFT,47B,3,B,No,48D,48.0,D,18524.0
777,AFT,47B,3,B,No,48E,48.0,E,37255.0
777,AFT,47B,3,B,No,48F,48.0,F,17987.0
777,AFT,47B,3,B,No,48G,48.0,G,11097.0
777,AFT,47B,3,B,No,48J,48.0,J,9582.0
777,AFT,47B,3,B,No,48K,48.0,K,10391.0
777,AFT,47B,3,B,No,48L,48.0,L,12807.0
777,AFT,47B,3,B,No,49A,49.0,A,22442.0
777,AFT,47B,3,B,No,49C,49.0,C,28729.0
777,AFT,47B,3,B,No,49E,49.0,E,28915.0
777,AFT,47B,3,B,No,49F,49.0,F,21234.0
777,AFT,47B,3,B,No,49J,49.0,J,18622.0
777,AFT,47B,3,B,No,49L,49.0,L,14368.0
777,AFT,47B,4,B,Yes,45A,45.0,A,714.0
777,AFT,47B,4,B,Yes,45C,45.0,C,342.0
777,AFT,47B,4,B,Yes,45D,45.0,D,0.0
777,AFT,47B,4,B,Yes,45E,45.0,E,0.0
777,AFT,47B,4,B,Yes,45F,45.0,F,0.0
777,AFT,47B,4,B,Yes,45G,45.0,G,0.0
777,AFT,47B,4,B,Yes,45J,45.0,J,303.0
777,AFT,47B,4,B,Yes,45L,45.0,L,765.0
777,AFT,47B,4,B,Yes,46A,46.0,A,871.0
777,AFT,47B,4,B,Yes,46B,46.0,B,1175.0
777,AFT,47B,4,B,Yes,46C,46.0,C,936.0
777,AFT,47B,4,B,Yes,46D,46.0,D,0.0
777,AFT,47B,4,B,Yes,46E,46.0,E,279.0
777,AFT,47B,4,B,Yes,46F,46.0,F,0.0
777,AFT,47B,4,B,Yes,46G,46.0,G,0.0
777,AFT,47B,4,B,Yes,46J,46.0,J,425.0
777,AFT,47B,4,B,Yes,46K,46.0,K,1794.0
777,AFT,47B,4,B,Yes,46L,46.0,L,1564.0
777,AFT,47B,4,B,Yes,47A,47.0,A,7227.0
777,AFT,47B,4,B,Yes,47C,47.0,C,7997.0
777,AFT,47B,4,B,Yes,47D,47.0,D,1589.0
777,AFT,47B,4,B,Yes,47E,47.0,E,2478.0
777,AFT,47B,4,B,Yes,47F,47.0,F,1816.0
777,AFT,47B,4,B,Yes,47G,47.0,G,1302.0
777,AFT,47B,4,B,Yes,47J,47.0,J,2301.0
777,AFT,47B,4,B,Yes,47L,47.0,L,3529.0
777,AFT,47B,4,B,Yes,48A,48.0,A,10704.0
777,AFT,47B,4,B,Yes,48B,48.0,B,11556.0
777,AFT,47B,4,B,Yes,48C,48.0,C,12303.0
777,AFT,47B,4,B,Yes,48D,48.0,D,10803.0
777,AFT,47B,4,B,Yes,48E,48.0,E,18878.0
777,AFT,47B,4,B,Yes,48F,48.0,F,23028.0
777,AFT,47B,4,B,Yes,48G,48.0,G,17147.0
777,AFT,47B,4,B,Yes,48J,48.0,J,7115.0
777,AFT,47B,4,B,Yes,48K,48.0,K,9038.0
777,AFT,47B,4,B,Yes,48L,48.0,L,9737.0
777,AFT,47B,4,B,Yes,49A,49.0,A,11988.0
777,AFT,47B,4,B,Yes,49C,49.0,C,16620.0
777,AFT,47B,4,B,Yes,49E,49.0,E,20966.0
777,AFT,47B,4,B,Yes,49F,49.0,F,15790.0
777,AFT,47B,4,B,Yes,49J,49.0,J,18422.0
777,AFT,47B,4,B,Yes,49L,49.0,L,12040.0
777,AFT,47B,5,B,Yes,45A,45.0,A,626.0
777,AFT,47B,5,B,Yes,45C,45.0,C,311.0
777,AFT,47B,5,B,Yes,45D,45.0,D,0.0
777,AFT,47B,5,B,Yes,45E,45.0,E,0.0
777,AFT,47B,5,B,Yes,45F,45.0,F,0.0
777,AFT,47B,5,B,Yes,45G,45.0,G,0.0
777,AFT,47B,5,B,Yes,45J,45.0,J,348.0
777,AFT,47B,5,B,Yes,45L,45.0,L,856.0
777,AFT,47B,5,B,Yes,46A,46.0,A,697.0
777,AFT,47B,5,B,Yes,46B,46.0,B,1052.0
777,AFT,47B,5,B,Yes,46C,46.0,C,729.0
777,AFT,47B,5,B,Yes,46D,46.0,D,0.0
777,AFT,47B,5,B,Yes,46E,46.0,E,229.0
777,AFT,47B,5,B,Yes,46F,46.0,F,207.0
777,AFT,47B,5,B,Yes,46G,46.0,G,0.0
777,AFT,47B,5,B,Yes,46J,46.0,J,375.0
777,AFT,47B,5,B,Yes,46K,46.0,K,1694.0
777,AFT,47B,5,B,Yes,46L,46.0,L,1704.0
777,AFT,47B,5,B,Yes,47A,47.0,A,6735.0
777,AFT,47B,5,B,Yes,47C,47.0,C,8994.0
777,AFT,47B,5,B,Yes,47D,47.0,D,1253.0
777,AFT,47B,5,B,Yes,47E,47.0,E,1309.0
777,AFT,47B,5,B,Yes,47F,47.0,F,1713.0
777,AFT,47B,5,B,Yes,47G,47.0,G,2430.0
777,AFT,47B,5,B,Yes,47J,47.0,J,1758.0
777,AFT,47B,5,B,Yes,47L,47.0,L,3470.0
777,AFT,47B,5,B,Yes,48A,48.0,A,10486.0
777,AFT,47B,5,B,Yes,48B,48.0,B,8790.0
777,AFT,47B,5,B,Yes,48C,48.0,C,10072.0
777,AFT,47B,5,B,Yes,48D,48.0,D,10190.0
777,AFT,47B,5,B,Yes,48E,48.0,E,18034.0
777,AFT,47B,5,B,Yes,48F,48.0,F,19388.0
777,AFT,47B,5,B,Yes,48G,48.0,G,20558.0
777,AFT,47B,5,B,Yes,48J,48.0,J,10389.0
777,AFT,47B,5,B,Yes,48K,48.0,K,9183.0
777,AFT,47B,5,B,Yes,48L,48.0,L,18928.0
777,AFT,47B,5,B,Yes,49A,49.0,A,14135.0
777,AFT,47B,5,B,Yes,49C,49.0,C,16941.0
777,AFT,47B,5,B,Yes,49E,49.0,E,21974.0
777,AFT,47B,5,B,Yes,49F,49.0,F,11674.0
777,AFT,47B,5,B,Yes,49J,49.0,J,19225.0
777,AFT,47B,5,B,Yes,49L,49.0,L,13286.0
777,AFT,47B,6,B,Yes,45A,45.0,A,790.0
777,AFT,47B,6,B,Yes,45C,45.0,C,610.0
777,AFT,47B,6,B,Yes,45D,45.0,D,0.0
777,AFT,47B,6,B,Yes,45E,45.0,E,0.0
777,AFT,47B,6,B,Yes,45F,45.0,F,0.0
777,AFT,47B,6,B,Yes,45G,45.0,G,0.0
777,AFT,47B,6,B,Yes,45J,45.0,J,842.0
777,AFT,47B,6,B,Yes,45L,45.0,L,1921.0
777,AFT,47B,6,B,Yes,46A,46.0,A,2139.0
777,AFT,47B,6,B,Yes,46B,46.0,B,2890.0
777,AFT,47B,6,B,Yes,46C,46.0,C,2058.0
777,AFT,47B,6,B,Yes,46D,46.0,D,386.0
777,AFT,47B,6,B,Yes,46E,46.0,E,968.0
777,AFT,47B,6,B,Yes,46F,46.0,F,622.0
777,AFT,47B,6,B,Yes,46G,46.0,G,395.0
777,AFT,47B,6,B,Yes,46J,46.0,J,1265.0
777,AFT,47B,6,B,Yes,46K,46.0,K,4187.0
777,AFT,47B,6,B,Yes,46L,46.0,L,3637.0
777,AFT,47B,6,B,Yes,47A,47.0,A,11740.0
777,AFT,47B,6,B,Yes,47C,47.0,C,49887.0
777,AFT,47B,6,B,Yes,47D,47.0,D,5797.0
777,AFT,47B,6,B,Yes,47E,47.0,E,7226.0
777,AFT,47B,6,B,Yes,47F,47.0,F,5456.0
777,AFT,47B,6,B,Yes,47G,47.0,G,3782.0
777,AFT,47B,6,B,Yes,47J,47.0,J,6270.0
777,AFT,47B,6,B,Yes,47L,47.0,L,5906.0
777,AFT,47B,6,B,Yes,48A,48.0,A,19036.0
777,AFT,47B,6,B,Yes,48B,48.0,B,16552.0
777,AFT,47B,6,B,Yes,48C,48.0,C,18624.0
777,AFT,47B,6,B,Yes,48D,48.0,D,14897.0
777,AFT,47B,6,B,Yes,48E,48.0,E,24601.0
777,AFT,47B,6,B,Yes,48F,48.0,F,21757.0
777,AFT,47B,6,B,Yes,48G,48.0,G,14620.0
777,AFT,47B,6,B,Yes,48J,48.0,J,9711.0
777,AFT,47B,6,B,Yes,48K,48.0,K,8441.0
777,AFT,47B,6,B,Yes,48L,48.0,L,9573.0
777,AFT,47B,6,B,Yes,49A,49.0,A,14169.0
777,AFT,47B,6,B,Yes,49C,49.0,C,18537.0
777,AFT,47B,6,B,Yes,49E,49.0,E,19918.0
777,AFT,47B,6,B,Yes,49F,49.0,F,16302.0
777,AFT,47B,6,B,Yes,49J,49.0,J,18293.0
777,AFT,47B,6,B,Yes,49L,49.0,L,14998.0
777,AFT,47E,7,B,No,45A,45.0,A,1049.0
777,AFT,47E,7,B,No,45C,45.0,C,1686.0
777,AFT,47E,7,B,No,45D,45.0,D,0.0
777,AFT,47E,7,B,No,45E,45.0,E,404.0
777,AFT,47E,7,B,No,45F,45.0,F,0.0
777,AFT,47E,7,B,No,45G,45.0,G,0.0
777,AFT,47E,7,B,No,45J,45.0,J,589.0
777,AFT,47E,7,B,No,45L,45.0,L,955.0
777,AFT,47E,7,B,No,46A,46.0,A,4589.0
777,AFT,47E,7,B,No,46B,46.0,B,6408.0
777,AFT,47E,7,B,No,46C,46.0,C,14773.0
777,AFT,47E,7,B,No,46D,46.0,D,1980.0
777,AFT,47E,7,B,No,46E,46.0,E,5252.0
777,AFT,47E,7,B,No,46F,46.0,F,3192.0
777,AFT,47E,7,B,No,46G,46.0,G,1150.0
777,AFT,47E,7,B,No,46J,46.0,J,1338.0
777,AFT,47E,7,B,No,46K,46.0,K,2946.0
777,AFT,47E,7,B,No,46L,46.0,L,2633.0
777,AFT,47E,7,B,No,47A,47.0,A,8915.0
777,AFT,47E,7,B,No,47C,47.0,C,18878.0
777,AFT,47E,7,B,No,47D,47.0,D,93363.0
777,AFT,47E,7,B,No,47E,47.0,E,14021.0
777,AFT,47E,7,B,No,47F,47.0,F,14706.0
777,AFT,47E,7,B,No,47G,47.0,G,5037.0
777,AFT,47E,7,B,No,47J,47.0,J,3556.0
777,AFT,47E,7,B,No,47L,47.0,L,4675.0
777,AFT,47E,7,B,No,48A,48.0,A,11694.0
777,AFT,47E,7,B,No,48B,48.0,B,10548.0
777,AFT,47E,7,B,No,48C,48.0,C,27659.0
777,AFT,47E,7,B,No,48D,48.0,D,21064.0
777,AFT,47E,7,B,No,48E,48.0,E,26408.0
777,AFT,47E,7,B,No,48F,48.0,F,16205.0
777,AFT,47E,7,B,No,48G,48.0,G,12309.0
777,AFT,47E,7,B,No,48J,48.0,J,9293.0
777,AFT,47E,7,B,No,48K,48.0,K,9042.0
777,AFT,47E,7,B,No,48L,48.0,L,9850.0
777,AFT,47E,7,B,No,49A,49.0,A,13411.0
777,AFT,47E,7,B,No,49C,49.0,C,17327.0
777,AFT,47E,7,B,No,49E,49.0,E,16246.0
777,AFT,47E,7,B,No,49F,49.0,F,13542.0
777,AFT,47E,7,B,No,49J,49.0,J,11340.0
777,AFT,47E,7,B,No,49L,49.0,L,9070.0
777,AFT,47E,8,B,No,45A,45.0,A,1116.0
777,AFT,47E,8,B,No,45C,45.0,C,1535.0
777,AFT,47E,8,B,No,45D,45.0,D,0.0
777,AFT,47E,8,B,No,45E,45.0,E,247.0
777,AFT,47E,8,B,No,45F,45.0,F,0.0
777,AFT,47E,8,B,No,45G,45.0,G,0.0
777,AFT,47E,8,B,No,45J,45.0,J,326.0
777,AFT,47E,8,B,No,45L,45.0,L,531.0
777,AFT,47E,8,B,No,46A,46.0,A,6818.0
777,AFT,47E,8,B,No,46B,46.0,B,9606.0
777,AFT,47E,8,B,No,46C,46.0,C,19509.0
777,AFT,47E,8,B,No,46D,46.0,D,1976.0
777,AFT,47E,8,B,No,46E,46.0,E,2108.0
777,AFT,47E,8,B,No,46F,46.0,F,1342.0
777,AFT,47E,8,B,No,46G,46.0,G,823.0
777,AFT,47E,8,B,No,46J,46.0,J,521.0
777,AFT,47E,8,B,No,46K,46.0,K,1716.0
777,AFT,47E,8,B,No,46L,46.0,L,1922.0
777,AFT,47E,8,B,No,47A,47.0,A,15353.0
777,AFT,47E,8,B,No,47C,47.0,C,21663.0
777,AFT,47E,8,B,No,47D,47.0,D,91888.0
777,AFT,47E,8,B,No,47E,47.0,E,8168.0
777,AFT,47E,8,B,No,47F,47.0,F,10180.0
777,AFT,47E,8,B,No,47G,47.0,G,4152.0
777,AFT,47E,8,B,No,47J,47.0,J,1325.0
777,AFT,47E,8,B,No,47L,47.0,L,2160.0
777,AFT,47E,8,B,No,48A,48.0,A,17565.0
777,AFT,47E,8,B,No,48B,48.0,B,19955.0
777,AFT,47E,8,B,No,48C,48.0,C,31551.0
777,AFT,47E,8,B,No,48D,48.0,D,19367.0
777,AFT,47E,8,B,No,48E,48.0,E,24307.0
777,AFT,47E,8,B,No,48F,48.0,F,18153.0
777,AFT,47E,8,B,No,48G,48.0,G,13355.0
777,AFT,47E,8,B,No,48J,48.0,J,6083.0
777,AFT,47E,8,B,No,48K,48.0,K,4905.0
777,AFT,47E,8,B,No,48L,48.0,L,5358.0
777,AFT,47E,8,B,No,49A,49.0,A,12627.0
777,AFT,47E,8,B,No,49C,49.0,C,15856.0
777,AFT,47E,8,B,No,49E,49.0,E,16341.0
777,AFT,47E,8,B,No,49F,49.0,F,12155.0
777,AFT,47E,8,B,No,49J,49.0,J,8830.0
777,AFT,47E,8,B,No,49L,49.0,L,5518.0
777,AFT,47E,9,B,No,45A,45.0,A,1172.0
777,AFT,47E,9,B,No,45C,45.0,C,2850.0
777,AFT,47E,9,B,No,45D,45.0,D,0.0
777,AFT,47E,9,B,No,45E,45.0,E,419.0
777,AFT,47E,9,B,No,45F,45.0,F,0.0
777,AFT,47E,9,B,No,45G,45.0,G,0.0
777,AFT,47E,9,B,No,45J,45.0,J,365.0
777,AFT,47E,9,B,No,45L,45.0,L,641.0
777,AFT,47E,9,B,No,46A,46.0,A,9584.0
777,AFT,47E,9,B,No,46B,46.0,B,10516.0
777,AFT,47E,9,B,No,46C,46.0,C,16248.0
777,AFT,47E,9,B,No,46D,46.0,D,2607.0
777,AFT,47E,9,B,No,46E,46.0,E,1718.0
777,AFT,47E,9,B,No,46F,46.0,F,1021.0
777,AFT,47E,9,B,No,46G,46.0,G,874.0
777,AFT,47E,9,B,No,46J,46.0,J,766.0
777,AFT,47E,9,B,No,46K,46.0,K,1648.0
777,AFT,47E,9,B,No,46L,46.0,L,1833.0
777,AFT,47E,9,B,No,47A,47.0,A,11443.0
777,AFT,47E,9,B,No,47C,47.0,C,17277.0
777,AFT,47E,9,B,No,47D,47.0,D,76400.0
777,AFT,47E,9,B,No,47E,47.0,E,5508.0
777,AFT,47E,9,B,No,47F,47.0,F,7290.0
777,AFT,47E,9,B,No,47G,47.0,G,4094.0
777,AFT,47E,9,B,No,47J,47.0,J,1668.0
777,AFT,47E,9,B,No,47L,47.0,L,1973.0
777,AFT,47E,9,B,No,48A,48.0,A,11459.0
777,AFT,47E,9,B,No,48B,48.0,B,10289.0
777,AFT,47E,9,B,No,48C,48.0,C,21307.0
777,AFT,47E,9,B,No,48D,48.0,D,17572.0
777,AFT,47E,9,B,No,48E,48.0,E,21305.0
777,AFT,47E,9,B,No,48F,48.0,F,13736.0
777,AFT,47E,9,B,No,48G,48.0,G,10152.0
777,AFT,47E,9,B,No,48J,48.0,J,4146.0
777,AFT,47E,9,B,No,48K,48.0,K,4489.0
777,AFT,47E,9,B,No,48L,48.0,L,4900.0
777,AFT,47E,9,B,No,49A,49.0,A,10960.0
777,AFT,47E,9,B,No,49C,49.0,C,14072.0
777,AFT,47E,9,B,No,49E,49.0,E,14090.0
777,AFT,47E,9,B,No,49F,49.0,F,10785.0
777,AFT,47E,9,B,No,49J,49.0,J,7174.0
777,AFT,47E,9,B,No,49L,49.0,L,5702.0
777,AFT,47E,10,B,Yes,45A,45.0,A,616.0
777,AFT,47E,10,B,Yes,45C,45.0,C,335.0
777,AFT,47E,10,B,Yes,45D,45.0,D,0.0
777,AFT,47E,10,B,Yes,45E,45.0,E,226.0
777,AFT,47E,10,B,Yes,45F,45.0,F,0.0
777,AFT,47E,10,B,Yes,45G,45.0,G,0.0
777,AFT,47E,10,B,Yes,45J,45.0,J,0.0
777,AFT,47E,10,B,Yes,45L,45.0,L,338.0
777,AFT,47E,10,B,Yes,46A,46.0,A,630.0
777,AFT,47E,10,B,Yes,46B,46.0,B,764.0
777,AFT,47E,10,B,Yes,46C,46.0,C,1885.0
777,AFT,47E,10,B,Yes,46D,46.0,D,418.0
777,AFT,47E,10,B,Yes,46E,46.0,E,527.0
777,AFT,47E,10,B,Yes,46F,46.0,F,370.0
777,AFT,47E,10,B,Yes,46G,46.0,G,206.0
777,AFT,47E,10,B,Yes,46J,46.0,J,361.0
777,AFT,47E,10,B,Yes,46K,46.0,K,571.0
777,AFT,47E,10,B,Yes,46L,46.0,L,638.0
777,AFT,47E,10,B,Yes,47A,47.0,A,3801.0
777,AFT,47E,10,B,Yes,47C,47.0,C,5322.0
777,AFT,47E,10,B,Yes,47D,47.0,D,74966.0
777,AFT,47E,10,B,Yes,47E,47.0,E,1378.0
777,AFT,47E,10,B,Yes,47F,47.0,F,1953.0
777,AFT,47E,10,B,Yes,47G,47.0,G,1102.0
777,AFT,47E,10,B,Yes,47J,47.0,J,584.0
777,AFT,47E,10,B,Yes,47L,47.0,L,739.0
777,AFT,47E,10,B,Yes,48A,48.0,A,8882.0
777,AFT,47E,10,B,Yes,48B,48.0,B,8545.0
777,AFT,47E,10,B,Yes,48C,48.0,C,13891.0
777,AFT,47E,10,B,Yes,48D,48.0,D,17280.0
777,AFT,47E,10,B,Yes,48E,48.0,E,25859.0
777,AFT,47E,10,B,Yes,48F,48.0,F,14156.0
777,AFT,47E,10,B,Yes,48G,48.0,G,10264.0
777,AFT,47E,10,B,Yes,48J,48.0,J,3389.0
777,AFT,47E,10,B,Yes,48K,48.0,K,2656.0
777,AFT,47E,10,B,Yes,48L,48.0,L,2680.0
777,AFT,47E,10,B,Yes,49A,49.0,A,10859.0
777,AFT,47E,10,B,Yes,49C,49.0,C,17317.0
777,AFT,47E,10,B,Yes,49E,49.0,E,17115.0
777,AFT,47E,10,B,Yes,49F,49.0,F,9719.0
777,AFT,47E,10,B,Yes,49J,49.0,J,6163.0
777,AFT,47E,10,B,Yes,49L,49.0,L,4373.0
777,AFT,47E,11,B,Yes,45A,45.0,A,539.0
777,AFT,47E,11,B,Yes,45C,45.0,C,494.0
777,AFT,47E,11,B,Yes,45D,45.0,D,0.0
777,AFT,47E,11,B,Yes,45E,45.0,E,0.0
777,AFT,47E,11,B,Yes,45F,45.0,F,0.0
777,AFT,47E,11,B,Yes,45G,45.0,G,0.0
777,AFT,47E,11,B,Yes,45J,45.0,J,0.0
777,AFT,47E,11,B,Yes,45L,45.0,L,0.0
777,AFT,47E,11,B,Yes,46A,46.0,A,1160.0
777,AFT,47E,11,B,Yes,46B,46.0,B,1710.0
777,AFT,47E,11,B,Yes,46C,46.0,C,2415.0
777,AFT,47E,11,B,Yes,46D,46.0,D,338.0
777,AFT,47E,11,B,Yes,46E,46.0,E,379.0
777,AFT,47E,11,B,Yes,46F,46.0,F,277.0
777,AFT,47E,11,B,Yes,46G,46.0,G,0.0
777,AFT,47E,11,B,Yes,46J,46.0,J,262.0
777,AFT,47E,11,B,Yes,46K,46.0,K,423.0
777,AFT,47E,11,B,Yes,46L,46.0,L,574.0
777,AFT,47E,11,B,Yes,47A,47.0,A,5417.0
777,AFT,47E,11,B,Yes,47C,47.0,C,6805.0
777,AFT,47E,11,B,Yes,47D,47.0,D,74646.0
777,AFT,47E,11,B,Yes,47E,47.0,E,1260.0
777,AFT,47E,11,B,Yes,47F,47.0,F,1902.0
777,AFT,47E,11,B,Yes,47G,47.0,G,1705.0
777,AFT,47E,11,B,Yes,47J,47.0,J,413.0
777,AFT,47E,11,B,Yes,47L,47.0,L,776.0
777,AFT,47E,11,B,Yes,48A,48.0,A,10185.0
777,AFT,47E,11,B,Yes,48B,48.0,B,9544.0
777,AFT,47E,11,B,Yes,48C,48.0,C,18218.0
777,AFT,47E,11,B,Yes,48D,48.0,D,19427.0
777,AFT,47E,11,B,Yes,48E,48.0,E,17046.0
777,AFT,47E,11,B,Yes,48F,48.0,F,9546.0
777,AFT,47E,11,B,Yes,48G,48.0,G,7505.0
777,AFT,47E,11,B,Yes,48J,48.0,J,2817.0
777,AFT,47E,11,B,Yes,48K,48.0,K,2296.0
777,AFT,47E,11,B,Yes,48L,48.0,L,2603.0
777,AFT,47E,11,B,Yes,49A,49.0,A,12030.0
777,AFT,47E,11,B,Yes,49C,49.0,C,14925.0
777,AFT,47E,11,B,Yes,49E,49.0,E,14949.0
777,AFT,47E,11,B,Yes,49F,49.0,F,8686.0
777,AFT,47E,11,B,Yes,49J,49.0,J,7369.0
777,AFT,47E,11,B,Yes,49L,49.0,L,4054.0
777,AFT,47E,12,B,Yes,45A,45.0,A,367.0
777,AFT,47E,12,B,Yes,45C,45.0,C,480.0
777,AFT,47E,12,B,Yes,45D,45.0,D,0.0
777,AFT,47E,12,B,Yes,45E,45.0,E,0.0
777,AFT,47E,12,B,Yes,45F,45.0,F,0.0
777,AFT,47E,12,B,Yes,45G,45.0,G,0.0
777,AFT,47E,12,B,Yes,45J,45.0,J,0.0
777,AFT,47E,12,B,Yes,45L,45.0,L,307.0
777,AFT,47E,12,B,Yes,46A,46.0,A,891.0
777,AFT,47E,12,B,Yes,46B,46.0,B,1122.0
777,AFT,47E,12,B,Yes,46C,46.0,C,2029.0
777,AFT,47E,12,B,Yes,46D,46.0,D,0.0
777,AFT,47E,12,B,Yes,46E,46.0,E,253.0
777,AFT,47E,12,B,Yes,46F,46.0,F,231.0
777,AFT,47E,12,B,Yes,46G,46.0,G,246.0
777,AFT,47E,12,B,Yes,46J,46.0,J,205.0
777,AFT,47E,12,B,Yes,46K,46.0,K,425.0
777,AFT,47E,12,B,Yes,46L,46.0,L,546.0
777,AFT,47E,12,B,Yes,47A,47.0,A,6447.0
777,AFT,47E,12,B,Yes,47C,47.0,C,5617.0
777,AFT,47E,12,B,Yes,47D,47.0,D,47474.0
777,AFT,47E,12,B,Yes,47E,47.0,E,926.0
777,AFT,47E,12,B,Yes,47F,47.0,F,2207.0
777,AFT,47E,12,B,Yes,47G,47.0,G,988.0
777,AFT,47E,12,B,Yes,47J,47.0,J,297.0
777,AFT,47E,12,B,Yes,47L,47.0,L,506.0
777,AFT,47E,12,B,Yes,48A,48.0,A,10551.0
777,AFT,47E,12,B,Yes,48B,48.0,B,9820.0
777,AFT,47E,12,B,Yes,48C,48.0,C,14088.0
777,AFT,47E,12,B,Yes,48D,48.0,D,17520.0
777,AFT,47E,12,B,Yes,48E,48.0,E,21433.0
777,AFT,47E,12,B,Yes,48F,48.0,F,13731.0
777,AFT,47E,12,B,Yes,48G,48.0,G,6936.0
777,AFT,47E,12,B,Yes,48J,48.0,J,2089.0
777,AFT,47E,12,B,Yes,48K,48.0,K,1944.0
777,AFT,47E,12,B,Yes,48L,48.0,L,1800.0
777,AFT,47E,12,B,Yes,49A,49.0,A,12514.0
777,AFT,47E,12,B,Yes,49C,49.0,C,18225.0
777,AFT,47E,12,B,Yes,49E,49.0,E,16381.0
777,AFT,47E,12,B,Yes,49F,49.0,F,7497.0
777,AFT,47E,12,B,Yes,49J,49.0,J,7548.0
777,AFT,47E,12,B,Yes,49L,49.0,L,4815.0
777,AFT,47K,13,B,No,45A,45.0,A,1658.0
777,AFT,47K,13,B,No,45C,45.0,C,2204.0
777,AFT,47K,13,B,No,45D,45.0,D,261.0
777,AFT,47K,13,B,No,45E,45.0,E,276.0
777,AFT,47K,13,B,No,45F,45.0,F,313.0
777,AFT,47K,13,B,No,45G,45.0,G,438.0
777,AFT,47K,13,B,No,45J,45.0,J,773.0
777,AFT,47K,13,B,No,45L,45.0,L,1041.0
777,AFT,47K,13,B,No,46A,46.0,A,5515.0
777,AFT,47K,13,B,No,46B,46.0,B,5138.0
777,AFT,47K,13,B,No,46C,46.0,C,8514.0
777,AFT,47K,13,B,No,46D,46.0,D,1518.0
777,AFT,47K,13,B,No,46E,46.0,E,1485.0
777,AFT,47K,13,B,No,46F,46.0,F,2936.0
777,AFT,47K,13,B,No,46G,46.0,G,2708.0
777,AFT,47K,13,B,No,46J,46.0,J,1215.0
777,AFT,47K,13,B,No,46K,46.0,K,7951.0
777,AFT,47K,13,B,No,46L,46.0,L,5774.0
777,AFT,47K,13,B,No,47A,47.0,A,15780.0
777,AFT,47K,13,B,No,47C,47.0,C,14718.0
777,AFT,47K,13,B,No,47D,47.0,D,9917.0
777,AFT,47K,13,B,No,47E,47.0,E,11472.0
777,AFT,47K,13,B,No,47F,47.0,F,21996.0
777,AFT,47K,13,B,No,47G,47.0,G,23624.0
777,AFT,47K,13,B,No,47J,47.0,J,7117.0
777,AFT,47K,13,B,No,47L,47.0,L,26029.0
777,AFT,47K,13,B,No,48A,48.0,A,14537.0
777,AFT,47K,13,B,No,48B,48.0,B,13935.0
777,AFT,47K,13,B,No,48C,48.0,C,17672.0
777,AFT,47K,13,B,No,48D,48.0,D,19095.0
777,AFT,47K,13,B,No,48E,48.0,E,24913.0
777,AFT,47K,13,B,No,48F,48.0,F,24418.0
777,AFT,47K,13,B,No,48G,48.0,G,36832.0
777,AFT,47K,13,B,No,48J,48.0,J,23490.0
777,AFT,47K,13,B,No,48K,48.0,K,21061.0
777,AFT,47K,13,B,No,48L,48.0,L,28061.0
777,AFT,47K,13,B,No,49A,49.0,A,13016.0
777,AFT,47K,13,B,No,49C,49.0,C,16317.0
777,AFT,47K,13,B,No,49E,49.0,E,17749.0
777,AFT,47K,13,B,No,49F,49.0,F,29622.0
777,AFT,47K,13,B,No,49J,49.0,J,21450.0
777,AFT,47K,13,B,No,49L,49.0,L,33635.0
777,AFT,47K,14,B,No,45A,45.0,A,1237.0
777,AFT,47K,14,B,No,45C,45.0,C,1893.0
777,AFT,47K,14,B,No,45D,45.0,D,264.0
777,AFT,47K,14,B,No,45E,45.0,E,
777,AFT,47K,14,B,No,45F,45.0,F,307.0
777,AFT,47K,14,B,No,45G,45.0,G,311.0
777,AFT,47K,14,B,No,45J,45.0,J,732.0
777,AFT,47K,14,B,No,45L,45.0,L,1739.0
777,AFT,47K,14,B,No,46A,46.0,A,3211.0
777,AFT,47K,14,B,No,46B,46.0,B,3920.0
777,AFT,47K,14,B,No,46C,46.0,C,5364.0
777,AFT,47K,14,B,No,46D,46.0,D,657.0
777,AFT,47K,14,B,No,46E,46.0,E,854.0
777,AFT,47K,14,B,No,46F,46.0,F,1329.0
777,AFT,47K,14,B,No,46G,46.0,G,2297.0
777,AFT,47K,14,B,No,46J,46.0,J,1019.0
777,AFT,47K,14,B,No,46K,46.0,K,13572.0
777,AFT,47K,14,B,No,46L,46.0,L,35906.0
777,AFT,47K,14,B,No,47A,47.0,A,12927.0
777,AFT,47K,14,B,No,47C,47.0,C,12840.0
777,AFT,47K,14,B,No,47D,47.0,D,5286.0
777,AFT,47K,14,B,No,47E,47.0,E,5841.0
777,AFT,47K,14,B,No,47F,47.0,F,11714.0
777,AFT,47K,14,B,No,47G,47.0,G,19418.0
777,AFT,47K,14,B,No,47J,47.0,J,4159.0
777,AFT,47K,14,B,No,47L,47.0,L,8334.0
777,AFT,47K,14,B,No,48A,48.0,A,12942.0
777,AFT,47K,14,B,No,48B,48.0,B,12311.0
777,AFT,47K,14,B,No,48C,48.0,C,14973.0
777,AFT,47K,14,B,No,48D,48.0,D,15915.0
777,AFT,47K,14,B,No,48E,48.0,E,21607.0
777,AFT,47K,14,B,No,48F,48.0,F,23758.0
777,AFT,47K,14,B,No,48G,48.0,G,35582.0
777,AFT,47K,14,B,No,48J,48.0,J,21092.0
777,AFT,47K,14,B,No,48K,48.0,K,19337.0
777,AFT,47K,14,B,No,48L,48.0,L,22438.0
777,AFT,47K,14,B,No,49A,49.0,A,12295.0
777,AFT,47K,14,B,No,49C,49.0,C,18228.0
777,AFT,47K,14,B,No,49E,49.0,E,16683.0
777,AFT,47K,14,B,No,49F,49.0,F,
777,AFT,47K,14,B,No,49J,49.0,J,19601.0
777,AFT,47K,14,B,No,49L,49.0,L,29422.0
777,AFT,47K,15,B,No,45A,45.0,A,1732.0
777,AFT,47K,15,B,No,45C,45.0,C,1775.0
777,AFT,47K,15,B,No,45D,45.0,D,
777,AFT,47K,15,B,No,45E,45.0,E,1326.0
777,AFT,47K,15,B,No,45F,45.0,F,2984.0
777,AFT,47K,15,B,No,45G,45.0,G,4489.0
777,AFT,47K,15,B,No,45J,45.0,J,3672.0
777,AFT,47K,15,B,No,45L,45.0,L,3685.0
777,AFT,47K,15,B,No,46A,46.0,A,4295.0
777,AFT,47K,15,B,No,46B,46.0,B,3122.0
777,AFT,47K,15,B,No,46C,46.0,C,3175.0
777,AFT,47K,15,B,No,46D,46.0,D,5294.0
777,AFT,47K,15,B,No,46E,46.0,E,5445.0
777,AFT,47K,15,B,No,46F,46.0,F,8589.0
777,AFT,47K,15,B,No,46G,46.0,G,12055.0
777,AFT,47K,15,B,No,46J,46.0,J,5943.0
777,AFT,47K,15,B,No,46K,46.0,K,4994.0
777,AFT,47K,15,B,No,46L,46.0,L,5155.0
777,AFT,47K,15,B,No,47A,47.0,A,5239.0
777,AFT,47K,15,B,No,47C,47.0,C,4627.0
777,AFT,47K,15,B,No,47D,47.0,D,5353.0
777,AFT,47K,15,B,No,47E,47.0,E,6499.0
777,AFT,47K,15,B,No,47F,47.0,F,13013.0
777,AFT,47K,15,B,No,47G,47.0,G,29050.0
777,AFT,47K,15,B,No,47J,47.0,J,56829.0
777,AFT,47K,15,B,No,47L,47.0,L,24516.0
777,AFT,47K,15,B,No,48A,48.0,A,6724.0
777,AFT,47K,15,B,No,48B,48.0,B,7009.0
777,AFT,47K,15,B,No,48C,48.0,C,7049.0
777,AFT,47K,15,B,No,48D,48.0,D,9728.0
777,AFT,47K,15,B,No,48E,48.0,E,16248.0
777,AFT,47K,15,B,No,48F,48.0,F,17676.0
777,AFT,47K,15,B,No,48G,48.0,G,24889.0
777,AFT,47K,15,B,No,48J,48.0,J,40537.0
777,AFT,47K,15,B,No,48K,48.0,K,52928.0
777,AFT,47K,15,B,No,48L,48.0,L,56837.0
777,AFT,47K,15,B,No,49A,49.0,A,6896.0
777,AFT,47K,15,B,No,49C,49.0,C,8067.0
777,AFT,47K,15,B,No,49E,49.0,E,10745.0
777,AFT,47K,15,B,No,49F,49.0,F,26534.0
777,AFT,47K,15,B,No,49J,49.0,J,40655.0
777,AFT,47K,15,B,No,49L,49.0,L,39825.0
777,AFT,47K,16,B,No,45A,45.0,A,1588.0
777,AFT,47K,16,B,No,45C,45.0,C,1618.0
777,AFT,47K,16,B,No,45D,45.0,D,
777,AFT,47K,16,B,No,45E,45.0,E,1453.0
777,AFT,47K,16,B,No,45F,45.0,F,1717.0
777,AFT,47K,16,B,No,45G,45.0,G,2979.0
777,AFT,47K,16,B,No,45J,45.0,J,2830.0
777,AFT,47K,16,B,No,45L,45.0,L,3181.0
777,AFT,47K,16,B,No,46A,46.0,A,4229.0
777,AFT,47K,16,B,No,46B,46.0,B,2926.0
777,AFT,47K,16,B,No,46C,46.0,C,2747.0
777,AFT,47K,16,B,No,46D,46.0,D,3919.0
777,AFT,47K,16,B,No,46E,46.0,E,4030.0
777,AFT,47K,16,B,No,46F,46.0,F,6448.0
777,AFT,47K,16,B,No,46G,46.0,G,8491.0
777,AFT,47K,16,B,No,46J,46.0,J,5528.0
777,AFT,47K,16,B,No,46K,46.0,K,5278.0
777,AFT,47K,16,B,No,46L,46.0,L,6198.0
777,AFT,47K,16,B,No,47A,47.0,A,5191.0
777,AFT,47K,16,B,No,47C,47.0,C,3968.0
777,AFT,47K,16,B,No,47D,47.0,D,4881.0
777,AFT,47K,16,B,No,47E,47.0,E,6403.0
777,AFT,47K,16,B,No,47F,47.0,F,14790.0
777,AFT,47K,16,B,No,47G,47.0,G,19953.0
777,AFT,47K,16,B,No,47J,47.0,J,56095.0
777,AFT,47K,16,B,No,47L,47.0,L,22201.0
777,AFT,47K,16,B,No,48A,48.0,A,6797.0
777,AFT,47K,16,B,No,48B,48.0,B,6500.0
777,AFT,47K,16,B,No,48C,48.0,C,6950.0
777,AFT,47K,16,B,No,48D,48.0,D,10604.0
777,AFT,47K,16,B,No,48E,48.0,E,18830.0
777,AFT,47K,16,B,No,48F,48.0,F,20035.0
777,AFT,47K,16,B,No,48G,48.0,G,25257.0
777,AFT,47K,16,B,No,48J,48.0,J,49087.0
777,AFT,47K,16,B,No,48K,48.0,K,68208.0
777,AFT,47K,16,B,No,48L,48.0,L,61173.0
777,AFT,47K,16,B,No,49A,49.0,A,7249.0
777,AFT,47K,16,B,No,49C,49.0,C,7941.0
777,AFT,47K,16,B,No,49E,49.0,E,10621.0
777,AFT,47K,16,B,No,49F,49.0,F,29516.0
777,AFT,47K,16,B,No,49J,49.0,J,43609.0
777,AFT,47K,16,B,No,49L,49.0,L,45030.0
777,AFT,47K,17,B,No,45A,45.0,A,3896.0
777,AFT,47K,17,B,No,45C,45.0,C,3086.0
777,AFT,47K,17,B,No,45D,45.0,D,
777,AFT,47K,17,B,No,45E,45.0,E,2713.0
777,AFT,47K,17,B,No,45F,45.0,F,2621.0
777,AFT,47K,17,B,No,45G,45.0,G,2982.0
777,AFT,47K,17,B,No,45J,45.0,J,6662.0
777,AFT,47K,17,B,No,45L,45.0,L,4534.0
777,AFT,47K,17,B,No,46A,46.0,A,4743.0
777,AFT,47K,17,B,No,46B,46.0,B,4710.0
777,AFT,47K,17,B,No,46C,46.0,C,5310.0
777,AFT,47K,17,B,No,46D,46.0,D,5412.0
777,AFT,47K,17,B,No,46E,46.0,E,6433.0
777,AFT,47K,17,B,No,46F,46.0,F,7584.0
777,AFT,47K,17,B,No,46G,46.0,G,7720.0
777,AFT,47K,17,B,No,46J,46.0,J,15705.0
777,AFT,47K,17,B,No,46K,46.0,K,16625.0
777,AFT,47K,17,B,No,46L,46.0,L,14129.0
777,AFT,47K,17,B,No,47A,47.0,A,7447.0
777,AFT,47K,17,B,No,47C,47.0,C,8255.0
777,AFT,47K,17,B,No,47D,47.0,D,10682.0
777,AFT,47K,17,B,No,47E,47.0,E,14170.0
777,AFT,47K,17,B,No,47F,47.0,F,20694.0
777,AFT,47K,17,B,No,47G,47.0,G,24824.0
777,AFT,47K,17,B,No,47J,47.0,J,88851.0
777,AFT,47K,17,B,No,47L,47.0,L,128727.0
777,AFT,47K,17,B,No,48A,48.0,A,8466.0
777,AFT,47K,17,B,No,48B,48.0,B,9685.0
777,AFT,47K,17,B,No,48C,48.0,C,10170.0
777,AFT,47K,17,B,No,48D,48.0,D,12091.0
777,AFT,47K,17,B,No,48E,48.0,E,18527.0
777,AFT,47K,17,B,No,48F,48.0,F,19288.0
777,AFT,47K,17,B,No,48G,48.0,G,25454.0
777,AFT,47K,17,B,No,48J,48.0,J,61476.0
777,AFT,47K,17,B,No,48K,48.0,K,72442.0
777,AFT,47K,17,B,No,48L,48.0,L,85010.0
777,AFT,47K,17,B,No,49A,49.0,A,9350.0
777,AFT,47K,17,B,No,49C,49.0,C,11607.0
777,AFT,47K,17,B,No,49E,49.0,E,12751.0
777,AFT,47K,17,B,No,49F,49.0,F,24196.0
777,AFT,47K,17,B,No,49J,49.0,J,20207.0
777,AFT,47K,17,B,No,49L,49.0,L,28368.0
777,AFT,47K,18,B,No,45A,45.0,A,2593.0
777,AFT,47K,18,B,No,45C,45.0,C,3037.0
777,AFT,47K,18,B,No,45D,45.0,D,
777,AFT,47K,18,B,No,45E,45.0,E,2918.0
777,AFT,47K,18,B,No,45F,45.0,F,
777,AFT,47K,18,B,No,45G,45.0,G,
777,AFT,47K,18,B,No,45J,45.0,J,
777,AFT,47K,18,B,No,45L,45.0,L,
777,AFT,47K,18,B,No,46A,46.0,A,4276.0
777,AFT,47K,18,B,No,46B,46.0,B,3919.0
777,AFT,47K,18,B,No,46C,46.0,C,4700.0
777,AFT,47K,18,B,No,46D,46.0,D,5079.0
777,AFT,47K,18,B,No,46E,46.0,E,6412.0
777,AFT,47K,18,B,No,46F,46.0,F,8976.0
777,AFT,47K,18,B,No,46G,46.0,G,10885.0
777,AFT,47K,18,B,No,46J,46.0,J,23343.0
777,AFT,47K,18,B,No,46K,46.0,K,
777,AFT,47K,18,B,No,46L,46.0,L,21045.0
777,AFT,47K,18,B,No,47A,47.0,A,6219.0
777,AFT,47K,18,B,No,47C,47.0,C,6743.0
777,AFT,47K,18,B,No,47D,47.0,D,7994.0
777,AFT,47K,18,B,No,47E,47.0,E,10773.0
777,AFT,47K,18,B,No,47F,47.0,F,16052.0
777,AFT,47K,18,B,No,47G,47.0,G,21320.0
777,AFT,47K,18,B,No,47J,47.0,J,65977.0
777,AFT,47K,18,B,No,47L,47.0,L,101376.0
777,AFT,47K,18,B,No,48A,48.0,A,6578.0
777,AFT,47K,18,B,No,48B,48.0,B,7667.0
777,AFT,47K,18,B,No,48C,48.0,C,
777,AFT,47K,18,B,No,48D,48.0,D,9461.0
777,AFT,47K,18,B,No,48E,48.0,E,14906.0
777,AFT,47K,18,B,No,48F,48.0,F,16598.0
777,AFT,47K,18,B,No,48G,48.0,G,20879.0
777,AFT,47K,18,B,No,48J,48.0,J,50024.0
777,AFT,47K,18,B,No,48K,48.0,K,63912.0
777,AFT,47K,18,B,No,48L,48.0,L,76941.0
777,AFT,47K,18,B,No,49A,49.0,A,9350.0
777,AFT,47K,18,B,No,49C,49.0,C,
777,AFT,47K,18,B,No,49E,49.0,E,11261.0
777,AFT,47K,18,B,No,49F,49.0,F,20395.0
777,AFT,47K,18,B,No,49J,49.0,J,
777,AFT,47K,18,B,No,49L,49.0,L,26062.0
777,FWD-MID,11A,34,B,No,9A,9.0,A,2168.0
777,FWD-MID,11A,34,B,No,9D,9.0,D,4110.0
777,FWD-MID,11A,34,B,No,9G,9.0,G,1406.0
777,FWD-MID,11A,34,B,No,9L,9.0,L,1307.0
777,FWD-MID,11A,34,B,No,10A,10.0,A,4030.0
777,FWD-MID,11A,34,B,No,10D,10.0,D,4220.0
777,FWD-MID,11A,34,B,No,10G,10.0,G,2284.0
777,FWD-MID,11A,34,B,No,10L,10.0,L,2112.0
777,FWD-MID,11A,34,B,No,11D,11.0,D,3848.0
777,FWD-MID,11A,34,B,No,12A,12.0,A,51583.0
777,FWD-MID,11A,34,B,No,12D,12.0,D,
777,FWD-MID,11A,34,B,No,12G,12.0,G,914.0
777,FWD-MID,11A,34,B,No,12L,12.0,L,
777,FWD-MID,11A,34,B,No,15A,15.0,A,37811.0
777,FWD-MID,11A,34,B,No,15L,15.0,L,
777,FWD-MID,11A,34,B,No,20A,20.0,A,2604.0
777,FWD-MID,11A,34,B,No,20B,20.0,B,2455.0
777,FWD-MID,11A,34,B,No,20D,20.0,D,420.0
777,FWD-MID,11A,34,B,No,20E,20.0,E,416.0
777,FWD-MID,11A,34,B,No,20F,20.0,F,379.0
777,FWD-MID,11A,34,B,No,20G,20.0,G,289.0
777,FWD-MID,11A,34,B,No,20K,20.0,K,577.0
777,FWD-MID,11A,34,B,No,20L,20.0,L,538.0
777,FWD-MID,11A,34,B,No,21A,21.0,A,1913.0
777,FWD-MID,11A,34,B,No,21B,21.0,B,1980.0
777,FWD-MID,11A,34,B,No,21D,21.0,D,410.0
777,FWD-MID,11A,34,B,No,21E,21.0,E,360.0
777,FWD-MID,11A,34,B,No,21F,21.0,F,334.0
777,FWD-MID,11A,34,B,No,21G,21.0,G,419.0
777,FWD-MID,11A,34,B,No,21K,21.0,K,
777,FWD-MID,11A,34,B,No,21L,21.0,L,494.0
777,FWD-MID,11A,34,B,No,22A,22.0,A,1116.0
777,FWD-MID,11A,34,B,No,22D,22.0,D,433.0
777,FWD-MID,11A,34,B,No,22E,22.0,E,409.0
777,FWD-MID,11A,34,B,No,22F,22.0,F,444.0
777,FWD-MID,11A,34,B,No,22G,22.0,G,369.0
777,FWD-MID,11A,34,B,No,22L,22.0,L,267.0
777,FWD-MID,11A,34,B,No,11A,11.0,A,
777,FWD-MID,11A,34,B,No,11G,11.0,G,2287.0
777,FWD-MID,11A,34,B,No,11L,11.0,L,2087.0
777,FWD-MID,11A,35,B,No,9A,9.0,A,773.0
777,FWD-MID,11A,35,B,No,9D,9.0,D,1503.0
777,FWD-MID,11A,35,B,No,9G,9.0,G,682.0
777,FWD-MID,11A,35,B,No,9L,9.0,L,459.0
777,FWD-MID,11A,35,B,No,10A,10.0,A,1482.0
777,FWD-MID,11A,35,B,No,10D,10.0,D,1421.0
777,FWD-MID,11A,35,B,No,10G,10.0,G,776.0
777,FWD-MID,11A,35,B,No,10L,10.0,L,770.0
777,FWD-MID,11A,35,B,No,11D,11.0,D,1415.0
777,FWD-MID,11A,35,B,No,12A,12.0,A,29052.0
777,FWD-MID,11A,35,B,No,12D,12.0,D,
777,FWD-MID,11A,35,B,No,12G,12.0,G,422.0
777,FWD-MID,11A,35,B,No,12L,12.0,L,
777,FWD-MID,11A,35,B,No,15A,15.0,A,19688.0
777,FWD-MID,11A,35,B,No,15L,15.0,L,
777,FWD-MID,11A,35,B,No,20A,20.0,A,2239.0
777,FWD-MID,11A,35,B,No,20B,20.0,B,1772.0
777,FWD-MID,11A,35,B,No,20D,20.0,D,411.0
777,FWD-MID,11A,35,B,No,20E,20.0,E,0.0
777,FWD-MID,11A,35,B,No,20F,20.0,F,366.0
777,FWD-MID,11A,35,B,No,20G,20.0,G,247.0
777,FWD-MID,11A,35,B,No,20K,20.0,K,316.0
777,FWD-MID,11A,35,B,No,20L,20.0,L,269.0
777,FWD-MID,11A,35,B,No,21A,21.0,A,1441.0
777,FWD-MID,11A,35,B,No,21B,21.0,B,1334.0
777,FWD-MID,11A,35,B,No,21D,21.0,D,323.0
777,FWD-MID,11A,35,B,No,21E,21.0,E,326.0
777,FWD-MID,11A,35,B,No,21F,21.0,F,265.0
777,FWD-MID,11A,35,B,No,21G,21.0,G,243.0
777,FWD-MID,11A,35,B,No,21K,21.0,K,
777,FWD-MID,11A,35,B,No,21L,21.0,L,265.0
777,FWD-MID,11A,35,B,No,22A,22.0,A,1441.0
777,FWD-MID,11A,35,B,No,22D,22.0,D,367.0
777,FWD-MID,11A,35,B,No,22E,22.0,E,427.0
777,FWD-MID,11A,35,B,No,22F,22.0,F,377.0
777,FWD-MID,11A,35,B,No,22G,22.0,G,264.0
777,FWD-MID,11A,35,B,No,22L,22.0,L,338.0
777,FWD-MID,11A,35,B,No,11A,11.0,A,
777,FWD-MID,11A,35,B,No,11G,11.0,G,655.0
777,FWD-MID,11A,35,B,No,11L,11.0,L,721.0
777,FWD-MID,11A,36,B,No,9A,9.0,A,0.0
777,FWD-MID,11A,36,B,No,9D,9.0,D,345.0
777,FWD-MID,11A,36,B,No,9G,9.0,G,311.0
777,FWD-MID,11A,36,B,No,9L,9.0,L,0.0
777,FWD-MID,11A,36,B,No,10A,10.0,A,310.0
777,FWD-MID,11A,36,B,No,10D,10.0,D,644.0
777,FWD-MID,11A,36,B,No,10G,10.0,G,291.0
777,FWD-MID,11A,36,B,No,10L,10.0,L,0.0
777,FWD-MID,11A,36,B,No,11D,11.0,D,561.0
777,FWD-MID,11A,36,B,No,12A,12.0,A,7622.0
777,FWD-MID,11A,36,B,No,12D,12.0,D,
777,FWD-MID,11A,36,B,No,12G,12.0,G,244.0
777,FWD-MID,11A,36,B,No,12L,12.0,L,
777,FWD-MID,11A,36,B,No,15A,15.0,A,8011.0
777,FWD-MID,11A,36,B,No,15L,15.0,L,
777,FWD-MID,11A,36,B,No,20A,20.0,A,329.0
777,FWD-MID,11A,36,B,No,20B,20.0,B,208.0
777,FWD-MID,11A,36,B,No,20D,20.0,D,0.0
777,FWD-MID,11A,36,B,No,20E,20.0,E,0.0
777,FWD-MID,11A,36,B,No,20F,20.0,F,0.0
777,FWD-MID,11A,36,B,No,20G,20.0,G,0.0
777,FWD-MID,11A,36,B,No,20K,20.0,K,0.0
777,FWD-MID,11A,36,B,No,20L,20.0,L,0.0
777,FWD-MID,11A,36,B,No,21A,21.0,A,0.0
777,FWD-MID,11A,36,B,No,21B,21.0,B,0.0
777,FWD-MID,11A,36,B,No,21D,21.0,D,0.0
777,FWD-MID,11A,36,B,No,21E,21.0,E,0.0
777,FWD-MID,11A,36,B,No,21F,21.0,F,0.0
777,FWD-MID,11A,36,B,No,21G,21.0,G,0.0
777,FWD-MID,11A,36,B,No,21K,21.0,K,
777,FWD-MID,11A,36,B,No,21L,21.0,L,0.0
777,FWD-MID,11A,36,B,No,22A,22.0,A,0.0
777,FWD-MID,11A,36,B,No,22D,22.0,D,0.0
777,FWD-MID,11A,36,B,No,22E,22.0,E,0.0
777,FWD-MID,11A,36,B,No,22F,22.0,F,0.0
777,FWD-MID,11A,36,B,No,22G,22.0,G,0.0
777,FWD-MID,11A,36,B,No,22L,22.0,L,0.0
777,FWD-MID,11A,36,B,No,11A,11.0,A,
777,FWD-MID,11A,36,B,No,11G,11.0,G,544.0
777,FWD-MID,11A,36,B,No,11L,11.0,L,0.0
777,FWD-MID,11A,37,B,Yes,9A,9.0,A,681.0
777,FWD-MID,11A,37,B,Yes,9D,9.0,D,331.0
777,FWD-MID,11A,37,B,Yes,9G,9.0,G,0.0
777,FWD-MID,11A,37,B,Yes,9L,9.0,L,0.0
777,FWD-MID,11A,37,B,Yes,10A,10.0,A,1949.0
777,FWD-MID,11A,37,B,Yes,10D,10.0,D,622.0
777,FWD-MID,11A,37,B,Yes,10G,10.0,G,0.0
777,FWD-MID,11A,37,B,Yes,10L,10.0,L,0.0
777,FWD-MID,11A,37,B,Yes,11D,11.0,D,0.0
777,FWD-MID,11A,37,B,Yes,12A,12.0,A,362.0
777,FWD-MID,11A,37,B,Yes,12D,12.0,D,
777,FWD-MID,11A,37,B,Yes,12G,12.0,G,0.0
777,FWD-MID,11A,37,B,Yes,12L,12.0,L,
777,FWD-MID,11A,37,B,Yes,15A,15.0,A,0.0
777,FWD-MID,11A,37,B,Yes,15L,15.0,L,
777,FWD-MID,11A,37,B,Yes,20A,20.0,A,0.0
777,FWD-MID,11A,37,B,Yes,20B,20.0,B,0.0
777,FWD-MID,11A,37,B,Yes,20D,20.0,D,0.0
777,FWD-MID,11A,37,B,Yes,20E,20.0,E,0.0
777,FWD-MID,11A,37,B,Yes,20F,20.0,F,0.0
777,FWD-MID,11A,37,B,Yes,20G,20.0,G,0.0
777,FWD-MID,11A,37,B,Yes,20K,20.0,K,0.0
777,FWD-MID,11A,37,B,Yes,20L,20.0,L,0.0
777,FWD-MID,11A,37,B,Yes,21A,21.0,A,0.0
777,FWD-MID,11A,37,B,Yes,21B,21.0,B,0.0
777,FWD-MID,11A,37,B,Yes,21D,21.0,D,0.0
777,FWD-MID,11A,37,B,Yes,21E,21.0,E,0.0
777,FWD-MID,11A,37,B,Yes,21F,21.0,F,0.0
777,FWD-MID,11A,37,B,Yes,21G,21.0,G,0.0
777,FWD-MID,11A,37,B,Yes,21K,21.0,K,
777,FWD-MID,11A,37,B,Yes,21L,21.0,L,0.0
777,FWD-MID,11A,37,B,Yes,22A,22.0,A,0.0
777,FWD-MID,11A,37,B,Yes,22D,22.0,D,0.0
777,FWD-MID,11A,37,B,Yes,22E,22.0,E,0.0
777,FWD-MID,11A,37,B,Yes,22F,22.0,F,0.0
777,FWD-MID,11A,37,B,Yes,22G,22.0,G,0.0
777,FWD-MID,11A,37,B,Yes,22L,22.0,L,0.0
777,FWD-MID,11A,37,B,Yes,11A,11.0,A,
777,FWD-MID,11A,37,B,Yes,11G,11.0,G,0.0
777,FWD-MID,11A,37,B,Yes,11L,11.0,L,0.0
777,FWD-MID,11A,38,B,Yes,9A,9.0,A,704.0
777,FWD-MID,11A,38,B,Yes,9D,9.0,D,0.0
777,FWD-MID,11A,38,B,Yes,9G,9.0,G,0.0
777,FWD-MID,11A,38,B,Yes,9L,9.0,L,0.0
777,FWD-MID,11A,38,B,Yes,10A,10.0,A,3564.0
777,FWD-MID,11A,38,B,Yes,10D,10.0,D,0.0
777,FWD-MID,11A,38,B,Yes,10G,10.0,G,0.0
777,FWD-MID,11A,38,B,Yes,10L,10.0,L,0.0
777,FWD-MID,11A,38,B,Yes,11D,11.0,D,0.0
777,FWD-MID,11A,38,B,Yes,12A,12.0,A,314.0
777,FWD-MID,11A,38,B,Yes,12D,12.0,D,
777,FWD-MID,11A,38,B,Yes,12G,12.0,G,0.0
777,FWD-MID,11A,38,B,Yes,12L,12.0,L,
777,FWD-MID,11A,38,B,Yes,15A,15.0,A,0.0
777,FWD-MID,11A,38,B,Yes,15L,15.0,L,
777,FWD-MID,11A,38,B,Yes,20A,20.0,A,0.0
777,FWD-MID,11A,38,B,Yes,20B,20.0,B,0.0
777,FWD-MID,11A,38,B,Yes,20D,20.0,D,0.0
777,FWD-MID,11A,38,B,Yes,20E,20.0,E,0.0
777,FWD-MID,11A,38,B,Yes,20F,20.0,F,0.0
777,FWD-MID,11A,38,B,Yes,20G,20.0,G,0.0
777,FWD-MID,11A,38,B,Yes,20K,20.0,K,0.0
777,FWD-MID,11A,38,B,Yes,20L,20.0,L,0.0
777,FWD-MID,11A,38,B,Yes,21A,21.0,A,0.0
777,FWD-MID,11A,38,B,Yes,21B,21.0,B,0.0
777,FWD-MID,11A,38,B,Yes,21D,21.0,D,0.0
777,FWD-MID,11A,38,B,Yes,21E,21.0,E,0.0
777,FWD-MID,11A,38,B,Yes,21F,21.0,F,0.0
777,FWD-MID,11A,38,B,Yes,21G,21.0,G,0.0
777,FWD-MID,11A,38,B,Yes,21K,21.0,K,
777,FWD-MID,11A,38,B,Yes,21L,21.0,L,0.0
777,FWD-MID,11A,38,B,Yes,22A,22.0,A,0.0
777,FWD-MID,11A,38,B,Yes,22D,22.0,D,0.0
777,FWD-MID,11A,38,B,Yes,22E,22.0,E,0.0
777,FWD-MID,11A,38,B,Yes,22F,22.0,F,0.0
777,FWD-MID,11A,38,B,Yes,22G,22.0,G,0.0
777,FWD-MID,11A,38,B,Yes,22L,22.0,L,0.0
777,FWD-MID,11A,38,B,Yes,11A,11.0,A,
777,FWD-MID,11A,38,B,Yes,11G,11.0,G,0.0
777,FWD-MID,11A,38,B,Yes,11L,11.0,L,0.0
777,FWD-MID,11A,39,B,Yes,9A,9.0,A,446.0
777,FWD-MID,11A,39,B,Yes,9D,9.0,D,0.0
777,FWD-MID,11A,39,B,Yes,9G,9.0,G,0.0
777,FWD-MID,11A,39,B,Yes,9L,9.0,L,0.0
777,FWD-MID,11A,39,B,Yes,10A,10.0,A,1512.0
777,FWD-MID,11A,39,B,Yes,10D,10.0,D,334.0
777,FWD-MID,11A,39,B,Yes,10G,10.0,G,0.0
777,FWD-MID,11A,39,B,Yes,10L,10.0,L,0.0
777,FWD-MID,11A,39,B,Yes,11D,11.0,D,0.0
777,FWD-MID,11A,39,B,Yes,12A,12.0,A,640.0
777,FWD-MID,11A,39,B,Yes,12D,12.0,D,
777,FWD-MID,11A,39,B,Yes,12G,12.0,G,260.0
777,FWD-MID,11A,39,B,Yes,12L,12.0,L,
777,FWD-MID,11A,39,B,Yes,15A,15.0,A,0.0
777,FWD-MID,11A,39,B,Yes,15L,15.0,L,
777,FWD-MID,11A,39,B,Yes,20A,20.0,A,0.0
777,FWD-MID,11A,39,B,Yes,20B,20.0,B,0.0
777,FWD-MID,11A,39,B,Yes,20D,20.0,D,0.0
777,FWD-MID,11A,39,B,Yes,20E,20.0,E,0.0
777,FWD-MID,11A,39,B,Yes,20F,20.0,F,0.0
777,FWD-MID,11A,39,B,Yes,20G,20.0,G,0.0
777,FWD-MID,11A,39,B,Yes,20K,20.0,K,0.0
777,FWD-MID,11A,39,B,Yes,20L,20.0,L,0.0
777,FWD-MID,11A,39,B,Yes,21A,21.0,A,0.0
777,FWD-MID,11A,39,B,Yes,21B,21.0,B,0.0
777,FWD-MID,11A,39,B,Yes,21D,21.0,D,0.0
777,FWD-MID,11A,39,B,Yes,21E,21.0,E,0.0
777,FWD-MID,11A,39,B,Yes,21F,21.0,F,0.0
777,FWD-MID,11A,39,B,Yes,21G,21.0,G,0.0
777,FWD-MID,11A,39,B,Yes,21K,21.0,K,
777,FWD-MID,11A,39,B,Yes,21L,21.0,L,0.0
777,FWD-MID,11A,39,B,Yes,22A,22.0,A,0.0
777,FWD-MID,11A,39,B,Yes,22D,22.0,D,0.0
777,FWD-MID,11A,39,B,Yes,22E,22.0,E,0.0
777,FWD-MID,11A,39,B,Yes,22F,22.0,F,0.0
777,FWD-MID,11A,39,B,Yes,22G,22.0,G,0.0
777,FWD-MID,11A,39,B,Yes,22L,22.0,L,0.0
777,FWD-MID,11A,39,B,Yes,11A,11.0,A,
777,FWD-MID,11A,39,B,Yes,11G,11.0,G,0.0
777,FWD-MID,11A,39,B,Yes,11L,11.0,L,0.0
777,FWD-MID,11G,40,B,No,9A,9.0,A,2868.0
777,FWD-MID,11G,40,B,No,9D,9.0,D,7246.0
777,FWD-MID,11G,40,B,No,9G,9.0,G,1860.0
777,FWD-MID,11G,40,B,No,9L,9.0,L,2632.0
777,FWD-MID,11G,40,B,No,10A,10.0,A,5369.0
777,FWD-MID,11G,40,B,No,10D,10.0,D,13817.0
777,FWD-MID,11G,40,B,No,10G,10.0,G,18516.0
777,FWD-MID,11G,40,B,No,10L,10.0,L,4820.0
777,FWD-MID,11G,40,B,No,11D,11.0,D,23147.0
777,FWD-MID,11G,40,B,No,12A,12.0,A,15354.0
777,FWD-MID,11G,40,B,No,12D,12.0,D,
777,FWD-MID,11G,40,B,No,12G,12.0,G,15710.0
777,FWD-MID,11G,40,B,No,12L,12.0,L,
777,FWD-MID,11G,40,B,No,15A,15.0,A,6972.0
777,FWD-MID,11G,40,B,No,15L,15.0,L,
777,FWD-MID,11G,40,B,No,20A,20.0,A,1504.0
777,FWD-MID,11G,40,B,No,20B,20.0,B,0.0
777,FWD-MID,11G,40,B,No,20D,20.0,D,1161.0
777,FWD-MID,11G,40,B,No,20E,20.0,E,917.0
777,FWD-MID,11G,40,B,No,20F,20.0,F,745.0
777,FWD-MID,11G,40,B,No,20G,20.0,G,701.0
777,FWD-MID,11G,40,B,No,20K,20.0,K,1401.0
777,FWD-MID,11G,40,B,No,20L,20.0,L,2060.0
777,FWD-MID,11G,40,B,No,21A,21.0,A,754.0
777,FWD-MID,11G,40,B,No,21B,21.0,B,787.0
777,FWD-MID,11G,40,B,No,21D,21.0,D,805.0
777,FWD-MID,11G,40,B,No,21E,21.0,E,568.0
777,FWD-MID,11G,40,B,No,21F,21.0,F,604.0
777,FWD-MID,11G,40,B,No,21G,21.0,G,970.0
777,FWD-MID,11G,40,B,No,21K,21.0,K,
777,FWD-MID,11G,40,B,No,21L,21.0,L,2313.0
777,FWD-MID,11G,40,B,No,22A,22.0,A,561.0
777,FWD-MID,11G,40,B,No,22D,22.0,D,0.0
777,FWD-MID,11G,40,B,No,22E,22.0,E,558.0
777,FWD-MID,11G,40,B,No,22F,22.0,F,679.0
777,FWD-MID,11G,40,B,No,22G,22.0,G,302.0
777,FWD-MID,11G,40,B,No,22L,22.0,L,1444.0
777,FWD-MID,11G,40,B,No,11A,11.0,A,9902.0
777,FWD-MID,11G,40,B,No,11G,11.0,G,
777,FWD-MID,11G,40,B,No,11L,11.0,L,29222.0
777,FWD-MID,11G,41,B,No,9A,9.0,A,6150.0
777,FWD-MID,11G,41,B,No,9D,9.0,D,14057.0
777,FWD-MID,11G,41,B,No,9G,9.0,G,28174.0
777,FWD-MID,11G,41,B,No,9L,9.0,L,8766.0
777,FWD-MID,11G,41,B,No,10A,10.0,A,11838.0
777,FWD-MID,11G,41,B,No,10D,10.0,D,13414.0
777,FWD-MID,11G,41,B,No,10G,10.0,G,29284.0
777,FWD-MID,11G,41,B,No,10L,10.0,L,12708.0
777,FWD-MID,11G,41,B,No,11D,11.0,D,10597.0
777,FWD-MID,11G,41,B,No,12A,12.0,A,10076.0
777,FWD-MID,11G,41,B,No,12D,12.0,D,
777,FWD-MID,11G,41,B,No,12G,12.0,G,6889.0
777,FWD-MID,11G,41,B,No,12L,12.0,L,28705.0
777,FWD-MID,11G,41,B,No,15A,15.0,A,5100.0
777,FWD-MID,11G,41,B,No,15L,15.0,L,12590.0
777,FWD-MID,11G,41,B,No,20A,20.0,A,1882.0
777,FWD-MID,11G,41,B,No,20B,20.0,B,1234.0
777,FWD-MID,11G,41,B,No,20D,20.0,D,1246.0
777,FWD-MID,11G,41,B,No,20E,20.0,E,985.0
777,FWD-MID,11G,41,B,No,20F,20.0,F,1070.0
777,FWD-MID,11G,41,B,No,20G,20.0,G,1141.0
777,FWD-MID,11G,41,B,No,20K,20.0,K,5886.0
777,FWD-MID,11G,41,B,No,20L,20.0,L,5242.0
777,FWD-MID,11G,41,B,No,21A,21.0,A,2137.0
777,FWD-MID,11G,41,B,No,21B,21.0,B,1520.0
777,FWD-MID,11G,41,B,No,21D,21.0,D,1204.0
777,FWD-MID,11G,41,B,No,21E,21.0,E,1307.0
777,FWD-MID,11G,41,B,No,21F,21.0,F,1556.0
777,FWD-MID,11G,41,B,No,21G,21.0,G,2275.0
777,FWD-MID,11G,41,B,No,21K,21.0,K,
777,FWD-MID,11G,41,B,No,21L,21.0,L,4844.0
777,FWD-MID,11G,41,B,No,22A,22.0,A,1290.0
777,FWD-MID,11G,41,B,No,22D,22.0,D,808.0
777,FWD-MID,11G,41,B,No,22E,22.0,E,1261.0
777,FWD-MID,11G,41,B,No,22F,22.0,F,1526.0
777,FWD-MID,11G,41,B,No,22G,22.0,G,1140.0
777,FWD-MID,11G,41,B,No,22L,22.0,L,2933.0
777,FWD-MID,11G,41,B,No,11A,11.0,A,11781.0
777,FWD-MID,11G,41,B,No,11G,11.0,G,
777,FWD-MID,11G,41,B,No,11L,11.0,L,21371.0
777,FWD-MID,11G,42,B,No,9A,9.0,A,5847.0
777,FWD-MID,11G,42,B,No,9D,9.0,D,12639.0
777,FWD-MID,11G,42,B,No,9G,9.0,G,26862.0
777,FWD-MID,11G,42,B,No,9L,9.0,L,7151.0
777,FWD-MID,11G,42,B,No,10A,10.0,A,9799.0
777,FWD-MID,11G,42,B,No,10D,10.0,D,16065.0
777,FWD-MID,11G,42,B,No,10G,10.0,G,30572.0
777,FWD-MID,11G,42,B,No,10L,10.0,L,10201.0
777,FWD-MID,11G,42,B,No,11D,11.0,D,14876.0
777,FWD-MID,11G,42,B,No,12A,12.0,A,11934.0
777,FWD-MID,11G,42,B,No,12D,12.0,D,
777,FWD-MID,11G,42,B,No,12G,12.0,G,7914.0
777,FWD-MID,11G,42,B,No,12L,12.0,L,28802.0
777,FWD-MID,11G,42,B,No,15A,15.0,A,6423.0
777,FWD-MID,11G,42,B,No,15L,15.0,L,22060.0
777,FWD-MID,11G,42,B,No,20A,20.0,A,1303.0
777,FWD-MID,11G,42,B,No,20B,20.0,B,874.0
777,FWD-MID,11G,42,B,No,20D,20.0,D,1097.0
777,FWD-MID,11G,42,B,No,20E,20.0,E,851.0
777,FWD-MID,11G,42,B,No,20F,20.0,F,1045.0
777,FWD-MID,11G,42,B,No,20G,20.0,G,968.0
777,FWD-MID,11G,42,B,No,20K,20.0,K,3139.0
777,FWD-MID,11G,42,B,No,20L,20.0,L,4327.0
777,FWD-MID,11G,42,B,No,21A,21.0,A,1123.0
777,FWD-MID,11G,42,B,No,21B,21.0,B,913.0
777,FWD-MID,11G,42,B,No,21D,21.0,D,810.0
777,FWD-MID,11G,42,B,No,21E,21.0,E,660.0
777,FWD-MID,11G,42,B,No,21F,21.0,F,845.0
777,FWD-MID,11G,42,B,No,21G,21.0,G,1253.0
777,FWD-MID,11G,42,B,No,21K,21.0,K,
777,FWD-MID,11G,42,B,No,21L,21.0,L,3370.0
777,FWD-MID,11G,42,B,No,22A,22.0,A,964.0
777,FWD-MID,11G,42,B,No,22D,22.0,D,444.0
777,FWD-MID,11G,42,B,No,22E,22.0,E,795.0
777,FWD-MID,11G,42,B,No,22F,22.0,F,874.0
777,FWD-MID,11G,42,B,No,22G,22.0,G,657.0
777,FWD-MID,11G,42,B,No,22L,22.0,L,2436.0
777,FWD-MID,11G,42,B,No,11A,11.0,A,10830.0
777,FWD-MID,11G,42,B,No,11G,11.0,G,
777,FWD-MID,11G,42,B,No,11L,11.0,L,26485.0
777,FWD-MID,11G,43,B,Yes,9A,9.0,A,3277.0
777,FWD-MID,11G,43,B,Yes,9D,9.0,D,1502.0
777,FWD-MID,11G,43,B,Yes,9G,9.0,G,4160.0
777,FWD-MID,11G,43,B,Yes,9L,9.0,L,7511.0
777,FWD-MID,11G,43,B,Yes,10A,10.0,A,2837.0
777,FWD-MID,11G,43,B,Yes,10D,10.0,D,2421.0
777,FWD-MID,11G,43,B,Yes,10G,10.0,G,9377.0
777,FWD-MID,11G,43,B,Yes,10L,10.0,L,31485.0
777,FWD-MID,11G,43,B,Yes,11D,11.0,D,6589.0
777,FWD-MID,11G,43,B,Yes,12A,12.0,A,3526.0
777,FWD-MID,11G,43,B,Yes,12D,12.0,D,
777,FWD-MID,11G,43,B,Yes,12G,12.0,G,10954.0
777,FWD-MID,11G,43,B,Yes,12L,12.0,L,9319.0
777,FWD-MID,11G,43,B,Yes,15A,15.0,A,1846.0
777,FWD-MID,11G,43,B,Yes,15L,15.0,L,5623.0
777,FWD-MID,11G,43,B,Yes,20A,20.0,A,610.0
777,FWD-MID,11G,43,B,Yes,20B,20.0,B,374.0
777,FWD-MID,11G,43,B,Yes,20D,20.0,D,369.0
777,FWD-MID,11G,43,B,Yes,20E,20.0,E,296.0
777,FWD-MID,11G,43,B,Yes,20F,20.0,F,330.0
777,FWD-MID,11G,43,B,Yes,20G,20.0,G,474.0
777,FWD-MID,11G,43,B,Yes,20K,20.0,K,980.0
777,FWD-MID,11G,43,B,Yes,20L,20.0,L,1179.0
777,FWD-MID,11G,43,B,Yes,21A,21.0,A,541.0
777,FWD-MID,11G,43,B,Yes,21B,21.0,B,328.0
777,FWD-MID,11G,43,B,Yes,21D,21.0,D,325.0
777,FWD-MID,11G,43,B,Yes,21E,21.0,E,225.0
777,FWD-MID,11G,43,B,Yes,21F,21.0,F,214.0
777,FWD-MID,11G,43,B,Yes,21G,21.0,G,362.0
777,FWD-MID,11G,43,B,Yes,21K,21.0,K,
777,FWD-MID,11G,43,B,Yes,21L,21.0,L,907.0
777,FWD-MID,11G,43,B,Yes,22A,22.0,A,232.0
777,FWD-MID,11G,43,B,Yes,22D,22.0,D,0.0
777,FWD-MID,11G,43,B,Yes,22E,22.0,E,0.0
777,FWD-MID,11G,43,B,Yes,22F,22.0,F,0.0
777,FWD-MID,11G,43,B,Yes,22G,22.0,G,0.0
777,FWD-MID,11G,43,B,Yes,22L,22.0,L,411.0
777,FWD-MID,11G,43,B,Yes,11A,11.0,A,3657.0
777,FWD-MID,11G,43,B,Yes,11G,11.0,G,
777,FWD-MID,11G,43,B,Yes,11L,11.0,L,19358.0
777,FWD-MID,11G,44,B,Yes,9A,9.0,A,3036.0
777,FWD-MID,11G,44,B,Yes,9D,9.0,D,2435.0
777,FWD-MID,11G,44,B,Yes,9G,9.0,G,8669.0
777,FWD-MID,11G,44,B,Yes,9L,9.0,L,22594.0
777,FWD-MID,11G,44,B,Yes,10A,10.0,A,3.707
777,FWD-MID,11G,44,B,Yes,10D,10.0,D,4174.0
777,FWD-MID,11G,44,B,Yes,10G,10.0,G,24339.0
777,FWD-MID,11G,44,B,Yes,10L,10.0,L,36844.0
777,FWD-MID,11G,44,B,Yes,11D,11.0,D,6753.0
777,FWD-MID,11G,44,B,Yes,12A,12.0,A,3983.0
777,FWD-MID,11G,44,B,Yes,12D,12.0,D,
777,FWD-MID,11G,44,B,Yes,12G,12.0,G,12526.0
777,FWD-MID,11G,44,B,Yes,12L,12.0,L,8004.0
777,FWD-MID,11G,44,B,Yes,15A,15.0,A,3210.0
777,FWD-MID,11G,44,B,Yes,15L,15.0,L,7118.0
777,FWD-MID,11G,44,B,Yes,20A,20.0,A,2319.0
777,FWD-MID,11G,44,B,Yes,20B,20.0,B,1105.0
777,FWD-MID,11G,44,B,Yes,20D,20.0,D,1721.0
777,FWD-MID,11G,44,B,Yes,20E,20.0,E,1501.0
777,FWD-MID,11G,44,B,Yes,20F,20.0,F,1179.0
777,FWD-MID,11G,44,B,Yes,20G,20.0,G,1556.0
777,FWD-MID,11G,44,B,Yes,20K,20.0,K,1195.0
777,FWD-MID,11G,44,B,Yes,20L,20.0,L,2827.0
777,FWD-MID,11G,44,B,Yes,21A,21.0,A,1319.0
777,FWD-MID,11G,44,B,Yes,21B,21.0,B,908.0
777,FWD-MID,11G,44,B,Yes,21D,21.0,D,755.0
777,FWD-MID,11G,44,B,Yes,21E,21.0,E,575.0
777,FWD-MID,11G,44,B,Yes,21F,21.0,F,573.0
777,FWD-MID,11G,44,B,Yes,21G,21.0,G,1100.0
777,FWD-MID,11G,44,B,Yes,21K,21.0,K,
777,FWD-MID,11G,44,B,Yes,21L,21.0,L,1920.0
777,FWD-MID,11G,44,B,Yes,22A,22.0,A,335.0
777,FWD-MID,11G,44,B,Yes,22D,22.0,D,341.0
777,FWD-MID,11G,44,B,Yes,22E,22.0,E,490.0
777,FWD-MID,11G,44,B,Yes,22F,22.0,F,626.0
777,FWD-MID,11G,44,B,Yes,22G,22.0,G,408.0
777,FWD-MID,11G,44,B,Yes,22L,22.0,L,1335.0
777,FWD-MID,11G,44,B,Yes,11A,11.0,A,4014.0
777,FWD-MID,11G,44,B,Yes,11G,11.0,G,
777,FWD-MID,11G,44,B,Yes,11L,11.0,L,13575.0
777,FWD-MID,11G,45,B,Yes,9A,9.0,A,3246.0
777,FWD-MID,11G,45,B,Yes,9D,9.0,D,2198.0
777,FWD-MID,11G,45,B,Yes,9G,9.0,G,8381.0
777,FWD-MID,11G,45,B,Yes,9L,9.0,L,19425.0
777,FWD-MID,11G,45,B,Yes,10A,10.0,A,5772.0
777,FWD-MID,11G,45,B,Yes,10D,10.0,D,4995.0
777,FWD-MID,11G,45,B,Yes,10G,10.0,G,22686.0
777,FWD-MID,11G,45,B,Yes,10L,10.0,L,32372.0
777,FWD-MID,11G,45,B,Yes,11D,11.0,D,7468.0
777,FWD-MID,11G,45,B,Yes,12A,12.0,A,4954.0
777,FWD-MID,11G,45,B,Yes,12D,12.0,D,
777,FWD-MID,11G,45,B,Yes,12G,12.0,G,14986.0
777,FWD-MID,11G,45,B,Yes,12L,12.0,L,9420.0
777,FWD-MID,11G,45,B,Yes,15A,15.0,A,4226.0
777,FWD-MID,11G,45,B,Yes,15L,15.0,L,8991.0
777,FWD-MID,11G,45,B,Yes,20A,20.0,A,2786.0
777,FWD-MID,11G,45,B,Yes,20B,20.0,B,1854.0
777,FWD-MID,11G,45,B,Yes,20D,20.0,D,2382.0
777,FWD-MID,11G,45,B,Yes,20E,20.0,E,1949.0
777,FWD-MID,11G,45,B,Yes,20F,20.0,F,2259.0
777,FWD-MID,11G,45,B,Yes,20G,20.0,G,2110.0
777,FWD-MID,11G,45,B,Yes,20K,20.0,K,2017.0
777,FWD-MID,11G,45,B,Yes,20L,20.0,L,3892.0
777,FWD-MID,11G,45,B,Yes,21A,21.0,A,2417.0
777,FWD-MID,11G,45,B,Yes,21B,21.0,B,1234.0
777,FWD-MID,11G,45,B,Yes,21D,21.0,D,1191.0
777,FWD-MID,11G,45,B,Yes,21E,21.0,E,1013.0
777,FWD-MID,11G,45,B,Yes,21F,21.0,F,895.0
777,FWD-MID,11G,45,B,Yes,21G,21.0,G,2269.0
777,FWD-MID,11G,45,B,Yes,21K,21.0,K,
777,FWD-MID,11G,45,B,Yes,21L,21.0,L,2911.0
777,FWD-MID,11G,45,B,Yes,22A,22.0,A,1119.0
777,FWD-MID,11G,45,B,Yes,22D,22.0,D,624.0
777,FWD-MID,11G,45,B,Yes,22E,22.0,E,759.0
777,FWD-MID,11G,45,B,Yes,22F,22.0,F,1049.0
777,FWD-MID,11G,45,B,Yes,22G,22.0,G,761.0
777,FWD-MID,11G,45,B,Yes,22L,22.0,L,1356.0
777,FWD-MID,11G,45,B,Yes,11A,11.0,A,5019.0
777,FWD-MID,11G,45,B,Yes,11G,11.0,G,
777,FWD-MID,11G,45,B,Yes,11L,11.0,L,14592.0
777,FWD-MID,11L,46,B,No,9A,9.0,A,0.0
777,FWD-MID,11L,46,B,No,9D,9.0,D,0.0
777,FWD-MID,11L,46,B,No,9G,9.0,G,0.0
777,FWD-MID,11L,46,B,No,9L,9.0,L,0.0
777,FWD-MID,11L,46,B,No,10A,10.0,A,0.0
777,FWD-MID,11L,46,B,No,10D,10.0,D,0.0
777,FWD-MID,11L,46,B,No,10G,10.0,G,0.0
777,FWD-MID,11L,46,B,No,10L,10.0,L,0.0
777,FWD-MID,11L,46,B,No,11D,11.0,D,0.0
777,FWD-MID,11L,46,B,No,12A,12.0,A,0.0
777,FWD-MID,11L,46,B,No,12D,12.0,D,
777,FWD-MID,11L,46,B,No,12G,12.0,G,0.0
777,FWD-MID,11L,46,B,No,12L,12.0,L,0.0
777,FWD-MID,11L,46,B,No,15A,15.0,A,0.0
777,FWD-MID,11L,46,B,No,15L,15.0,L,0.0
777,FWD-MID,11L,46,B,No,20A,20.0,A,0.0
777,FWD-MID,11L,46,B,No,20B,20.0,B,0.0
777,FWD-MID,11L,46,B,No,20D,20.0,D,0.0
777,FWD-MID,11L,46,B,No,20E,20.0,E,0.0
777,FWD-MID,11L,46,B,No,20F,20.0,F,0.0
777,FWD-MID,11L,46,B,No,20G,20.0,G,0.0
777,FWD-MID,11L,46,B,No,20K,20.0,K,0.0
777,FWD-MID,11L,46,B,No,20L,20.0,L,0.0
777,FWD-MID,11L,46,B,No,21A,21.0,A,0.0
777,FWD-MID,11L,46,B,No,21B,21.0,B,0.0
777,FWD-MID,11L,46,B,No,21D,21.0,D,0.0
777,FWD-MID,11L,46,B,No,21E,21.0,E,0.0
777,FWD-MID,11L,46,B,No,21F,21.0,F,0.0
777,FWD-MID,11L,46,B,No,21G,21.0,G,0.0
777,FWD-MID,11L,46,B,No,21K,21.0,K,
777,FWD-MID,11L,46,B,No,21L,21.0,L,0.0
777,FWD-MID,11L,46,B,No,22A,22.0,A,0.0
777,FWD-MID,11L,46,B,No,22D,22.0,D,0.0
777,FWD-MID,11L,46,B,No,22E,22.0,E,0.0
777,FWD-MID,11L,46,B,No,22F,22.0,F,0.0
777,FWD-MID,11L,46,B,No,22G,22.0,G,0.0
777,FWD-MID,11L,46,B,No,22L,22.0,L,0.0
777,FWD-MID,11L,46,B,No,11A,11.0,A,0.0
777,FWD-MID,11L,46,B,No,11G,11.0,G,0.0
777,FWD-MID,11L,46,B,No,11L,11.0,L,
777,FWD-MID,11L,47,B,No,9A,9.0,A,0.0
777,FWD-MID,11L,47,B,No,9D,9.0,D,0.0
777,FWD-MID,11L,47,B,No,9G,9.0,G,0.0
777,FWD-MID,11L,47,B,No,9L,9.0,L,0.0
777,FWD-MID,11L,47,B,No,10A,10.0,A,0.0
777,FWD-MID,11L,47,B,No,10D,10.0,D,0.0
777,FWD-MID,11L,47,B,No,10G,10.0,G,0.0
777,FWD-MID,11L,47,B,No,10L,10.0,L,0.0
777,FWD-MID,11L,47,B,No,11D,11.0,D,10755.0
777,FWD-MID,11L,47,B,No,12A,12.0,A,0.0
777,FWD-MID,11L,47,B,No,12D,12.0,D,
777,FWD-MID,11L,47,B,No,12G,12.0,G,0.0
777,FWD-MID,11L,47,B,No,12L,12.0,L,0.0
777,FWD-MID,11L,47,B,No,15A,15.0,A,0.0
777,FWD-MID,11L,47,B,No,15L,15.0,L,0.0
777,FWD-MID,11L,47,B,No,20A,20.0,A,0.0
777,FWD-MID,11L,47,B,No,20B,20.0,B,0.0
777,FWD-MID,11L,47,B,No,20D,20.0,D,0.0
777,FWD-MID,11L,47,B,No,20E,20.0,E,0.0
777,FWD-MID,11L,47,B,No,20F,20.0,F,0.0
777,FWD-MID,11L,47,B,No,20G,20.0,G,0.0
777,FWD-MID,11L,47,B,No,20K,20.0,K,0.0
777,FWD-MID,11L,47,B,No,20L,20.0,L,0.0
777,FWD-MID,11L,47,B,No,21A,21.0,A,0.0
777,FWD-MID,11L,47,B,No,21B,21.0,B,0.0
777,FWD-MID,11L,47,B,No,21D,21.0,D,0.0
777,FWD-MID,11L,47,B,No,21E,21.0,E,0.0
777,FWD-MID,11L,47,B,No,21F,21.0,F,0.0
777,FWD-MID,11L,47,B,No,21G,21.0,G,0.0
777,FWD-MID,11L,47,B,No,21K,21.0,K,
777,FWD-MID,11L,47,B,No,21L,21.0,L,0.0
777,FWD-MID,11L,47,B,No,22A,22.0,A,0.0
777,FWD-MID,11L,47,B,No,22D,22.0,D,0.0
777,FWD-MID,11L,47,B,No,22E,22.0,E,0.0
777,FWD-MID,11L,47,B,No,22F,22.0,F,0.0
777,FWD-MID,11L,47,B,No,22G,22.0,G,0.0
777,FWD-MID,11L,47,B,No,22L,22.0,L,0.0
777,FWD-MID,11L,47,B,No,11A,11.0,A,0.0
777,FWD-MID,11L,47,B,No,11G,11.0,G,0.0
777,FWD-MID,11L,47,B,No,11L,11.0,L,
777,FWD-MID,11L,48,B,No,9A,9.0,A,0.0
777,FWD-MID,11L,48,B,No,9D,9.0,D,0.0
777,FWD-MID,11L,48,B,No,9G,9.0,G,0.0
777,FWD-MID,11L,48,B,No,9L,9.0,L,0.0
777,FWD-MID,11L,48,B,No,10A,10.0,A,0.0
777,FWD-MID,11L,48,B,No,10D,10.0,D,0.0
777,FWD-MID,11L,48,B,No,10G,10.0,G,0.0
777,FWD-MID,11L,48,B,No,10L,10.0,L,0.0
777,FWD-MID,11L,48,B,No,11D,11.0,D,0.0
777,FWD-MID,11L,48,B,No,12A,12.0,A,0.0
777,FWD-MID,11L,48,B,No,12D,12.0,D,
777,FWD-MID,11L,48,B,No,12G,12.0,G,0.0
777,FWD-MID,11L,48,B,No,12L,12.0,L,0.0
777,FWD-MID,11L,48,B,No,15A,15.0,A,0.0
777,FWD-MID,11L,48,B,No,15L,15.0,L,411.0
777,FWD-MID,11L,48,B,No,20A,20.0,A,0.0
777,FWD-MID,11L,48,B,No,20B,20.0,B,0.0
777,FWD-MID,11L,48,B,No,20D,20.0,D,0.0
777,FWD-MID,11L,48,B,No,20E,20.0,E,0.0
777,FWD-MID,11L,48,B,No,20F,20.0,F,0.0
777,FWD-MID,11L,48,B,No,20G,20.0,G,0.0
777,FWD-MID,11L,48,B,No,20K,20.0,K,0.0
777,FWD-MID,11L,48,B,No,20L,20.0,L,0.0
777,FWD-MID,11L,48,B,No,21A,21.0,A,0.0
777,FWD-MID,11L,48,B,No,21B,21.0,B,0.0
777,FWD-MID,11L,48,B,No,21D,21.0,D,0.0
777,FWD-MID,11L,48,B,No,21E,21.0,E,0.0
777,FWD-MID,11L,48,B,No,21F,21.0,F,0.0
777,FWD-MID,11L,48,B,No,21G,21.0,G,0.0
777,FWD-MID,11L,48,B,No,21K,21.0,K,
777,FWD-MID,11L,48,B,No,21L,21.0,L,0.0
777,FWD-MID,11L,48,B,No,22A,22.0,A,0.0
777,FWD-MID,11L,48,B,No,22D,22.0,D,0.0
777,FWD-MID,11L,48,B,No,22E,22.0,E,0.0
777,FWD-MID,11L,48,B,No,22F,22.0,F,0.0
777,FWD-MID,11L,48,B,No,22G,22.0,G,0.0
777,FWD-MID,11L,48,B,No,22L,22.0,L,0.0
777,FWD-MID,11L,48,B,No,11A,11.0,A,0.0
777,FWD-MID,11L,48,B,No,11G,11.0,G,0.0
777,FWD-MID,11L,48,B,No,11L,11.0,L,
777,FWD-MID,11L,49,B,Yes,9A,9.0,A,0.0
777,FWD-MID,11L,49,B,Yes,9D,9.0,D,0.0
777,FWD-MID,11L,49,B,Yes,9G,9.0,G,0.0
777,FWD-MID,11L,49,B,Yes,9L,9.0,L,0.0
777,FWD-MID,11L,49,B,Yes,10A,10.0,A,0.0
777,FWD-MID,11L,49,B,Yes,10D,10.0,D,0.0
777,FWD-MID,11L,49,B,Yes,10G,10.0,G,0.0
777,FWD-MID,11L,49,B,Yes,10L,10.0,L,0.0
777,FWD-MID,11L,49,B,Yes,11D,11.0,D,0.0
777,FWD-MID,11L,49,B,Yes,12A,12.0,A,0.0
777,FWD-MID,11L,49,B,Yes,12D,12.0,D,
777,FWD-MID,11L,49,B,Yes,12G,12.0,G,0.0
777,FWD-MID,11L,49,B,Yes,12L,12.0,L,0.0
777,FWD-MID,11L,49,B,Yes,15A,15.0,A,0.0
777,FWD-MID,11L,49,B,Yes,15L,15.0,L,0.0
777,FWD-MID,11L,49,B,Yes,20A,20.0,A,0.0
777,FWD-MID,11L,49,B,Yes,20B,20.0,B,0.0
777,FWD-MID,11L,49,B,Yes,20D,20.0,D,0.0
777,FWD-MID,11L,49,B,Yes,20E,20.0,E,0.0
777,FWD-MID,11L,49,B,Yes,20F,20.0,F,0.0
777,FWD-MID,11L,49,B,Yes,20G,20.0,G,0.0
777,FWD-MID,11L,49,B,Yes,20K,20.0,K,0.0
777,FWD-MID,11L,49,B,Yes,20L,20.0,L,0.0
777,FWD-MID,11L,49,B,Yes,21A,21.0,A,0.0
777,FWD-MID,11L,49,B,Yes,21B,21.0,B,0.0
777,FWD-MID,11L,49,B,Yes,21D,21.0,D,0.0
777,FWD-MID,11L,49,B,Yes,21E,21.0,E,0.0
777,FWD-MID,11L,49,B,Yes,21F,21.0,F,0.0
777,FWD-MID,11L,49,B,Yes,21G,21.0,G,0.0
777,FWD-MID,11L,49,B,Yes,21K,21.0,K,
777,FWD-MID,11L,49,B,Yes,21L,21.0,L,0.0
777,FWD-MID,11L,49,B,Yes,22A,22.0,A,0.0
777,FWD-MID,11L,49,B,Yes,22D,22.0,D,0.0
777,FWD-MID,11L,49,B,Yes,22E,22.0,E,0.0
777,FWD-MID,11L,49,B,Yes,22F,22.0,F,0.0
777,FWD-MID,11L,49,B,Yes,22G,22.0,G,0.0
777,FWD-MID,11L,49,B,Yes,22L,22.0,L,0.0
777,FWD-MID,11L,49,B,Yes,11A,11.0,A,0.0
777,FWD-MID,11L,49,B,Yes,11G,11.0,G,0.0
777,FWD-MID,11L,49,B,Yes,11L,11.0,L,
777,FWD-MID,11L,50,B,Yes,9A,9.0,A,0.0
777,FWD-MID,11L,50,B,Yes,9D,9.0,D,0.0
777,FWD-MID,11L,50,B,Yes,9G,9.0,G,0.0
777,FWD-MID,11L,50,B,Yes,9L,9.0,L,0.0
777,FWD-MID,11L,50,B,Yes,10A,10.0,A,0.0
777,FWD-MID,11L,50,B,Yes,10D,10.0,D,0.0
777,FWD-MID,11L,50,B,Yes,10G,10.0,G,0.0
777,FWD-MID,11L,50,B,Yes,10L,10.0,L,0.0
777,FWD-MID,11L,50,B,Yes,11D,11.0,D,0.0
777,FWD-MID,11L,50,B,Yes,12A,12.0,A,0.0
777,FWD-MID,11L,50,B,Yes,12D,12.0,D,
777,FWD-MID,11L,50,B,Yes,12G,12.0,G,0.0
777,FWD-MID,11L,50,B,Yes,12L,12.0,L,0.0
777,FWD-MID,11L,50,B,Yes,15A,15.0,A,0.0
777,FWD-MID,11L,50,B,Yes,15L,15.0,L,0.0
777,FWD-MID,11L,50,B,Yes,20A,20.0,A,0.0
777,FWD-MID,11L,50,B,Yes,20B,20.0,B,0.0
777,FWD-MID,11L,50,B,Yes,20D,20.0,D,0.0
777,FWD-MID,11L,50,B,Yes,20E,20.0,E,0.0
777,FWD-MID,11L,50,B,Yes,20F,20.0,F,0.0
777,FWD-MID,11L,50,B,Yes,20G,20.0,G,0.0
777,FWD-MID,11L,50,B,Yes,20K,20.0,K,0.0
777,FWD-MID,11L,50,B,Yes,20L,20.0,L,0.0
777,FWD-MID,11L,50,B,Yes,21A,21.0,A,0.0
777,FWD-MID,11L,50,B,Yes,21B,21.0,B,
777,FWD-MID,11L,50,B,Yes,21D,21.0,D,
777,FWD-MID,11L,50,B,Yes,21E,21.0,E,
777,FWD-MID,11L,50,B,Yes,21F,21.0,F,
777,FWD-MID,11L,50,B,Yes,21G,21.0,G,
777,FWD-MID,11L,50,B,Yes,21K,21.0,K,
777,FWD-MID,11L,50,B,Yes,21L,21.0,L,
777,FWD-MID,11L,50,B,Yes,22A,22.0,A,
777,FWD-MID,11L,50,B,Yes,22D,22.0,D,
777,FWD-MID,11L,50,B,Yes,22E,22.0,E,
777,FWD-MID,11L,50,B,Yes,22F,22.0,F,
777,FWD-MID,11L,50,B,Yes,22G,22.0,G,
777,FWD-MID,11L,50,B,Yes,22L,22.0,L,
777,FWD-MID,11L,50,B,Yes,11A,11.0,A,0.0
777,FWD-MID,11L,50,B,Yes,11G,11.0,G,0.0
777,FWD-MID,11L,50,B,Yes,11L,11.0,L,
777,FWD-MID,11L,51,B,Yes,9A,9.0,A,0.0
777,FWD-MID,11L,51,B,Yes,9D,9.0,D,0.0
777,FWD-MID,11L,51,B,Yes,9G,9.0,G,0.0
777,FWD-MID,11L,51,B,Yes,9L,9.0,L,0.0
777,FWD-MID,11L,51,B,Yes,10A,10.0,A,0.0
777,FWD-MID,11L,51,B,Yes,10D,10.0,D,0.0
777,FWD-MID,11L,51,B,Yes,10G,10.0,G,0.0
777,FWD-MID,11L,51,B,Yes,10L,10.0,L,0.0
777,FWD-MID,11L,51,B,Yes,11D,11.0,D,0.0
777,FWD-MID,11L,51,B,Yes,12A,12.0,A,0.0
777,FWD-MID,11L,51,B,Yes,12D,12.0,D,
777,FWD-MID,11L,51,B,Yes,12G,12.0,G,0.0
777,FWD-MID,11L,51,B,Yes,12L,12.0,L,0.0
777,FWD-MID,11L,51,B,Yes,15A,15.0,A,0.0
777,FWD-MID,11L,51,B,Yes,15L,15.0,L,0.0
777,FWD-MID,11L,51,B,Yes,20A,20.0,A,0.0
777,FWD-MID,11L,51,B,Yes,20B,20.0,B,0.0
777,FWD-MID,11L,51,B,Yes,20D,20.0,D,0.0
777,FWD-MID,11L,51,B,Yes,20E,20.0,E,0.0
777,FWD-MID,11L,51,B,Yes,20F,20.0,F,0.0
777,FWD-MID,11L,51,B,Yes,20G,20.0,G,0.0
777,FWD-MID,11L,51,B,Yes,20K,20.0,K,0.0
777,FWD-MID,11L,51,B,Yes,20L,20.0,L,0.0
777,FWD-MID,11L,51,B,Yes,21A,21.0,A,0.0
777,FWD-MID,11L,51,B,Yes,21B,21.0,B,
777,FWD-MID,11L,51,B,Yes,21D,21.0,D,
777,FWD-MID,11L,51,B,Yes,21E,21.0,E,
777,FWD-MID,11L,51,B,Yes,21F,21.0,F,
777,FWD-MID,11L,51,B,Yes,21G,21.0,G,
777,FWD-MID,11L,51,B,Yes,21K,21.0,K,
777,FWD-MID,11L,51,B,Yes,21L,21.0,L,
777,FWD-MID,11L,51,B,Yes,22A,22.0,A,
777,FWD-MID,11L,51,B,Yes,22D,22.0,D,
777,FWD-MID,11L,51,B,Yes,22E,22.0,E,
777,FWD-MID,11L,51,B,Yes,22F,22.0,F,
777,FWD-MID,11L,51,B,Yes,22G,22.0,G,
777,FWD-MID,11L,51,B,Yes,22L,22.0,L,
777,FWD-MID,11L,51,B,Yes,11A,11.0,A,0.0
777,FWD-MID,11L,51,B,Yes,11G,11.0,G,0.0
777,FWD-MID,11L,51,B,Yes,11L,11.0,L,
777,FWD,5A,52,B,No,1A,1.0,A,0.0
777,FWD,5A,52,B,No,1D,1.0,D,0.0
777,FWD,5A,52,B,No,1G,1.0,G,254.0
777,FWD,5A,52,B,No,1L,1.0,L,0.0
777,FWD,5A,52,B,No,2A,2.0,A,330.0
777,FWD,5A,52,B,No,2D,2.0,D,363.0
777,FWD,5A,52,B,No,2G,2.0,G,257.0
777,FWD,5A,52,B,No,2L,2.0,L,214.0
777,FWD,5A,52,B,No,3A,3.0,A,459.0
777,FWD,5A,52,B,No,3D,3.0,D,560.0
777,FWD,5A,52,B,No,3G,3.0,G,361.0
777,FWD,5A,52,B,No,3L,3.0,L,0.0
777,FWD,5A,52,B,No,4A,4.0,A,657.0
777,FWD,5A,52,B,No,4D,4.0,D,
777,FWD,5A,52,B,No,4G,4.0,G,292.0
777,FWD,5A,52,B,No,4L,4.0,L,0.0
777,FWD,5A,52,B,No,5D,5.0,D,786.0
777,FWD,5A,52,B,No,6A,6.0,A,2463.0
777,FWD,5A,52,B,No,6D,6.0,D,989.0
777,FWD,5A,52,B,No,6G,6.0,G,351.0
777,FWD,5A,52,B,No,6L,6.0,L,271.0
777,FWD,5A,52,B,No,7D,7.0,D,508.0
777,FWD,5A,52,B,No,7G,7.0,G,494.0
777,FWD,5A,52,B,No,7L,7.0,L,0.0
777,FWD,5A,52,B,No,8A,8.0,A,559.0
777,FWD,5A,52,B,No,8D,8.0,D,277.0
777,FWD,5A,52,B,No,8G,8.0,G,233.0
777,FWD,5A,52,B,No,8L,8.0,L,0.0
777,FWD,5A,52,B,No,9A,9.0,A,0.0
777,FWD,5A,52,B,No,9D,9.0,D,0.0
777,FWD,5A,52,B,No,9G,9.0,G,0.0
777,FWD,5A,52,B,No,9L,9.0,L,0.0
777,FWD,5A,52,B,No,10A,10.0,A,0.0
777,FWD,5A,52,B,No,10D,10.0,D,0.0
777,FWD,5A,52,B,No,10G,10.0,G,0.0
777,FWD,5A,52,B,No,10L,10.0,L,0.0
777,FWD,5A,52,B,No,5A,5.0,A,
777,FWD,5A,52,B,No,5G,5.0,G,692.0
777,FWD,5A,52,B,No,5L,5.0,L,247.0
777,FWD,5A,52,B,No,7A,7.0,A,24886.0
777,FWD,5A,53,B,No,1A,1.0,A,0.0
777,FWD,5A,53,B,No,1D,1.0,D,0.0
777,FWD,5A,53,B,No,1G,1.0,G,311.0
777,FWD,5A,53,B,No,1L,1.0,L,289.0
777,FWD,5A,53,B,No,2A,2.0,A,352.0
777,FWD,5A,53,B,No,2D,2.0,D,463.0
777,FWD,5A,53,B,No,2G,2.0,G,335.0
777,FWD,5A,53,B,No,2L,2.0,L,0.0
777,FWD,5A,53,B,No,3A,3.0,A,688.0
777,FWD,5A,53,B,No,3D,3.0,D,740.0
777,FWD,5A,53,B,No,3G,3.0,G,537.0
777,FWD,5A,53,B,No,3L,3.0,L,0.0
777,FWD,5A,53,B,No,4A,4.0,A,871.0
777,FWD,5A,53,B,No,4D,4.0,D,
777,FWD,5A,53,B,No,4G,4.0,G,430.0
777,FWD,5A,53,B,No,4L,4.0,L,0.0
777,FWD,5A,53,B,No,5D,5.0,D,996.0
777,FWD,5A,53,B,No,6A,6.0,A,5759.0
777,FWD,5A,53,B,No,6D,6.0,D,1146.0
777,FWD,5A,53,B,No,6G,6.0,G,465.0
777,FWD,5A,53,B,No,6L,6.0,L,365.0
777,FWD,5A,53,B,No,7D,7.0,D,716.0
777,FWD,5A,53,B,No,7G,7.0,G,537.0
777,FWD,5A,53,B,No,7L,7.0,L,0.0
777,FWD,5A,53,B,No,8A,8.0,A,737.0
777,FWD,5A,53,B,No,8D,8.0,D,304.0
777,FWD,5A,53,B,No,8G,8.0,G,291.0
777,FWD,5A,53,B,No,8L,8.0,L,0.0
777,FWD,5A,53,B,No,9A,9.0,A,0.0
777,FWD,5A,53,B,No,9D,9.0,D,0.0
777,FWD,5A,53,B,No,9G,9.0,G,0.0
777,FWD,5A,53,B,No,9L,9.0,L,0.0
777,FWD,5A,53,B,No,10A,10.0,A,0.0
777,FWD,5A,53,B,No,10D,10.0,D,0.0
777,FWD,5A,53,B,No,10G,10.0,G,0.0
777,FWD,5A,53,B,No,10L,10.0,L,0.0
777,FWD,5A,53,B,No,5A,5.0,A,
777,FWD,5A,53,B,No,5G,5.0,G,924.0
777,FWD,5A,53,B,No,5L,5.0,L,433.0
777,FWD,5A,53,B,No,7A,7.0,A,17157.0
777,FWD,5A,54,B,No,1A,1.0,A,0.0
777,FWD,5A,54,B,No,1D,1.0,D,0.0
777,FWD,5A,54,B,No,1G,1.0,G,333.0
777,FWD,5A,54,B,No,1L,1.0,L,439.0
777,FWD,5A,54,B,No,2A,2.0,A,408.0
777,FWD,5A,54,B,No,2D,2.0,D,468.0
777,FWD,5A,54,B,No,2G,2.0,G,367.0
777,FWD,5A,54,B,No,2L,2.0,L,0.0
777,FWD,5A,54,B,No,3A,3.0,A,914.0
777,FWD,5A,54,B,No,3D,3.0,D,760.0
777,FWD,5A,54,B,No,3G,3.0,G,621.0
777,FWD,5A,54,B,No,3L,3.0,L,0.0
777,FWD,5A,54,B,No,4A,4.0,A,1000.0
777,FWD,5A,54,B,No,4D,4.0,D,
777,FWD,5A,54,B,No,4G,4.0,G,480.0
777,FWD,5A,54,B,No,4L,4.0,L,0.0
777,FWD,5A,54,B,No,5D,5.0,D,919.0
777,FWD,5A,54,B,No,6A,6.0,A,3018.0
777,FWD,5A,54,B,No,6D,6.0,D,880.0
777,FWD,5A,54,B,No,6G,6.0,G,367.0
777,FWD,5A,54,B,No,6L,6.0,L,305.0
777,FWD,5A,54,B,No,7D,7.0,D,422.0
777,FWD,5A,54,B,No,7G,7.0,G,292.0
777,FWD,5A,54,B,No,7L,7.0,L,0.0
777,FWD,5A,54,B,No,8A,8.0,A,903.0
777,FWD,5A,54,B,No,8D,8.0,D,215.0
777,FWD,5A,54,B,No,8G,8.0,G,0.0
777,FWD,5A,54,B,No,8L,8.0,L,0.0
777,FWD,5A,54,B,No,9A,9.0,A,0.0
777,FWD,5A,54,B,No,9D,9.0,D,0.0
777,FWD,5A,54,B,No,9G,9.0,G,0.0
777,FWD,5A,54,B,No,9L,9.0,L,0.0
777,FWD,5A,54,B,No,10A,10.0,A,248.0
777,FWD,5A,54,B,No,10D,10.0,D,0.0
777,FWD,5A,54,B,No,10G,10.0,G,0.0
777,FWD,5A,54,B,No,10L,10.0,L,0.0
777,FWD,5A,54,B,No,5A,5.0,A,
777,FWD,5A,54,B,No,5G,5.0,G,862.0
777,FWD,5A,54,B,No,5L,5.0,L,345.0
777,FWD,5A,54,B,No,7A,7.0,A,21132.0
777,FWD,5A,55,B,Yes,1A,1.0,A,0.0
777,FWD,5A,55,B,Yes,1D,1.0,D,0.0
777,FWD,5A,55,B,Yes,1G,1.0,G,404.0
777,FWD,5A,55,B,Yes,1L,1.0,L,321.0
777,FWD,5A,55,B,Yes,2A,2.0,A,420.0
777,FWD,5A,55,B,Yes,2D,2.0,D,467.0
777,FWD,5A,55,B,Yes,2G,2.0,G,345.0
777,FWD,5A,55,B,Yes,2L,2.0,L,337.0
777,FWD,5A,55,B,Yes,3A,3.0,A,1092.0
777,FWD,5A,55,B,Yes,3D,3.0,D,999.0
777,FWD,5A,55,B,Yes,3G,3.0,G,680.0
777,FWD,5A,55,B,Yes,3L,3.0,L,0.0
777,FWD,5A,55,B,Yes,4A,4.0,A,1632.0
777,FWD,5A,55,B,Yes,4D,4.0,D,
777,FWD,5A,55,B,Yes,4G,4.0,G,495.0
777,FWD,5A,55,B,Yes,4L,4.0,L,0.0
777,FWD,5A,55,B,Yes,5D,5.0,D,889.0
777,FWD,5A,55,B,Yes,6A,6.0,A,812.0
777,FWD,5A,55,B,Yes,6D,6.0,D,787.0
777,FWD,5A,55,B,Yes,6G,6.0,G,432.0
777,FWD,5A,55,B,Yes,6L,6.0,L,256.0
777,FWD,5A,55,B,Yes,7D,7.0,D,324.0
777,FWD,5A,55,B,Yes,7G,7.0,G,286.0
777,FWD,5A,55,B,Yes,7L,7.0,L,0.0
777,FWD,5A,55,B,Yes,8A,8.0,A,921.0
777,FWD,5A,55,B,Yes,8D,8.0,D,231.0
777,FWD,5A,55,B,Yes,8G,8.0,G,0.0
777,FWD,5A,55,B,Yes,8L,8.0,L,0.0
777,FWD,5A,55,B,Yes,9A,9.0,A,0.0
777,FWD,5A,55,B,Yes,9D,9.0,D,0.0
777,FWD,5A,55,B,Yes,9G,9.0,G,0.0
777,FWD,5A,55,B,Yes,9L,9.0,L,0.0
777,FWD,5A,55,B,Yes,10A,10.0,A,0.0
777,FWD,5A,55,B,Yes,10D,10.0,D,0.0
777,FWD,5A,55,B,Yes,10G,10.0,G,0.0
777,FWD,5A,55,B,Yes,10L,10.0,L,0.0
777,FWD,5A,55,B,Yes,5A,5.0,A,
777,FWD,5A,55,B,Yes,5G,5.0,G,639.0
777,FWD,5A,55,B,Yes,5L,5.0,L,285.0
777,FWD,5A,55,B,Yes,7A,7.0,A,21391.0
777,FWD,5A,56,B,Yes,1A,1.0,A,0.0
777,FWD,5A,56,B,Yes,1D,1.0,D,0.0
777,FWD,5A,56,B,Yes,1G,1.0,G,254.0
777,FWD,5A,56,B,Yes,1L,1.0,L,244.0
777,FWD,5A,56,B,Yes,2A,2.0,A,267.0
777,FWD,5A,56,B,Yes,2D,2.0,D,286.0
777,FWD,5A,56,B,Yes,2G,2.0,G,206.0
777,FWD,5A,56,B,Yes,2L,2.0,L,0.0
777,FWD,5A,56,B,Yes,3A,3.0,A,407.0
777,FWD,5A,56,B,Yes,3D,3.0,D,360.0
777,FWD,5A,56,B,Yes,3G,3.0,G,316.0
777,FWD,5A,56,B,Yes,3L,3.0,L,242.0
777,FWD,5A,56,B,Yes,4A,4.0,A,412.0
777,FWD,5A,56,B,Yes,4D,4.0,D,
777,FWD,5A,56,B,Yes,4G,4.0,G,302.0
777,FWD,5A,56,B,Yes,4L,4.0,L,0.0
777,FWD,5A,56,B,Yes,5D,5.0,D,379.0
777,FWD,5A,56,B,Yes,6A,6.0,A,1121.0
777,FWD,5A,56,B,Yes,6D,6.0,D,483.0
777,FWD,5A,56,B,Yes,6G,6.0,G,0.0
777,FWD,5A,56,B,Yes,6L,6.0,L,0.0
777,FWD,5A,56,B,Yes,7D,7.0,D,0.0
777,FWD,5A,56,B,Yes,7G,7.0,G,0.0
777,FWD,5A,56,B,Yes,7L,7.0,L,0.0
777,FWD,5A,56,B,Yes,8A,8.0,A,1458.0
777,FWD,5A,56,B,Yes,8D,8.0,D,292.0
777,FWD,5A,56,B,Yes,8G,8.0,G,0.0
777,FWD,5A,56,B,Yes,8L,8.0,L,0.0
777,FWD,5A,56,B,Yes,9A,9.0,A,0.0
777,FWD,5A,56,B,Yes,9D,9.0,D,0.0
777,FWD,5A,56,B,Yes,9G,9.0,G,0.0
777,FWD,5A,56,B,Yes,9L,9.0,L,0.0
777,FWD,5A,56,B,Yes,10A,10.0,A,0.0
777,FWD,5A,56,B,Yes,10D,10.0,D,0.0
777,FWD,5A,56,B,Yes,10G,10.0,G,0.0
777,FWD,5A,56,B,Yes,10L,10.0,L,0.0
777,FWD,5A,56,B,Yes,5A,5.0,A,
777,FWD,5A,56,B,Yes,5G,5.0,G,314.0
777,FWD,5A,56,B,Yes,5L,5.0,L,251.0
777,FWD,5A,56,B,Yes,7A,7.0,A,20580.0
777,FWD,5A,57,B,Yes,1A,1.0,A,0.0
777,FWD,5A,57,B,Yes,1D,1.0,D,0.0
777,FWD,5A,57,B,Yes,1G,1.0,G,454.0
777,FWD,5A,57,B,Yes,1L,1.0,L,420.0
777,FWD,5A,57,B,Yes,2A,2.0,A,432.0
777,FWD,5A,57,B,Yes,2D,2.0,D,704.0
777,FWD,5A,57,B,Yes,2G,2.0,G,438.0
777,FWD,5A,57,B,Yes,2L,2.0,L,0.0
777,FWD,5A,57,B,Yes,3A,3.0,A,809.0
777,FWD,5A,57,B,Yes,3D,3.0,D,1118.0
777,FWD,5A,57,B,Yes,3G,3.0,G,836.0
777,FWD,5A,57,B,Yes,3L,3.0,L,528.0
777,FWD,5A,57,B,Yes,4A,4.0,A,1234.0
777,FWD,5A,57,B,Yes,4D,4.0,D,
777,FWD,5A,57,B,Yes,4G,4.0,G,585.0
777,FWD,5A,57,B,Yes,4L,4.0,L,0.0
777,FWD,5A,57,B,Yes,5D,5.0,D,1160.0
777,FWD,5A,57,B,Yes,6A,6.0,A,1886.0
777,FWD,5A,57,B,Yes,6D,6.0,D,603.0
777,FWD,5A,57,B,Yes,6G,6.0,G,284.0
777,FWD,5A,57,B,Yes,6L,6.0,L,299.0
777,FWD,5A,57,B,Yes,7D,7.0,D,266.0
777,FWD,5A,57,B,Yes,7G,7.0,G,295.0
777,FWD,5A,57,B,Yes,7L,7.0,L,214.0
777,FWD,5A,57,B,Yes,8A,8.0,A,2380.0
777,FWD,5A,57,B,Yes,8D,8.0,D,500.0
777,FWD,5A,57,B,Yes,8G,8.0,G,0.0
777,FWD,5A,57,B,Yes,8L,8.0,L,0.0
777,FWD,5A,57,B,Yes,9A,9.0,A,0.0
777,FWD,5A,57,B,Yes,9D,9.0,D,0.0
777,FWD,5A,57,B,Yes,9G,9.0,G,0.0
777,FWD,5A,57,B,Yes,9L,9.0,L,0.0
777,FWD,5A,57,B,Yes,10A,10.0,A,0.0
777,FWD,5A,57,B,Yes,10D,10.0,D,0.0
777,FWD,5A,57,B,Yes,10G,10.0,G,0.0
777,FWD,5A,57,B,Yes,10L,10.0,L,0.0
777,FWD,5A,57,B,Yes,5A,5.0,A,
777,FWD,5A,57,B,Yes,5G,5.0,G,1095.0
777,FWD,5A,57,B,Yes,5L,5.0,L,475.0
777,FWD,5A,57,B,Yes,7A,7.0,A,24184.0
777,FWD,5G,59,B,No,1A,1.0,A,4213.0
777,FWD,5G,59,B,No,1D,1.0,D,4952.0
777,FWD,5G,59,B,No,1G,1.0,G,7371.0
777,FWD,5G,59,B,No,1L,1.0,L,8345.0
777,FWD,5G,59,B,No,2A,2.0,A,6279.0
777,FWD,5G,59,B,No,2D,2.0,D,7522.0
777,FWD,5G,59,B,No,2G,2.0,G,9751.0
777,FWD,5G,59,B,No,2L,2.0,L,10701.0
777,FWD,5G,59,B,No,3A,3.0,A,12157.0
777,FWD,5G,59,B,No,3D,3.0,D,14527.0
777,FWD,5G,59,B,No,3G,3.0,G,20759.0
777,FWD,5G,59,B,No,3L,3.0,L,18947.0
777,FWD,5G,59,B,No,4A,4.0,A,13304.0
777,FWD,5G,59,B,No,4D,4.0,D,
777,FWD,5G,59,B,No,4G,4.0,G,38588.0
777,FWD,5G,59,B,No,4L,4.0,L,35679.0
777,FWD,5G,59,B,No,5D,5.0,D,13739.0
777,FWD,5G,59,B,No,6A,6.0,A,3308.0
777,FWD,5G,59,B,No,6D,6.0,D,4913.0
777,FWD,5G,59,B,No,6G,6.0,G,9529.0
777,FWD,5G,59,B,No,6L,6.0,L,7438.0
777,FWD,5G,59,B,No,7D,7.0,D,3030.0
777,FWD,5G,59,B,No,7G,7.0,G,2479.0
777,FWD,5G,59,B,No,7L,7.0,L,4124.0
777,FWD,5G,59,B,No,8A,8.0,A,279.0
777,FWD,5G,59,B,No,8D,8.0,D,376.0
777,FWD,5G,59,B,No,8G,8.0,G,951.0
777,FWD,5G,59,B,No,8L,8.0,L,518.0
777,FWD,5G,59,B,No,9A,9.0,A,0.0
777,FWD,5G,59,B,No,9D,9.0,D,0.0
777,FWD,5G,59,B,No,9G,9.0,G,0.0
777,FWD,5G,59,B,No,9L,9.0,L,0.0
777,FWD,5G,59,B,No,10A,10.0,A,0.0
777,FWD,5G,59,B,No,10D,10.0,D,0.0
777,FWD,5G,59,B,No,10G,10.0,G,0.0
777,FWD,5G,59,B,No,10L,10.0,L,0.0
777,FWD,5G,59,B,No,5A,5.0,A,6780.0
777,FWD,5G,59,B,No,5G,5.0,G,
777,FWD,5G,59,B,No,5L,5.0,L,27542.0
777,FWD,5G,59,B,No,7A,7.0,A,2561.0
777,FWD,5G,60,B,No,1A,1.0,A,5335.0
777,FWD,5G,60,B,No,1D,1.0,D,4911.0
777,FWD,5G,60,B,No,1G,1.0,G,7789.0
777,FWD,5G,60,B,No,1L,1.0,L,9170.0
777,FWD,5G,60,B,No,2A,2.0,A,6310.0
777,FWD,5G,60,B,No,2D,2.0,D,8354.0
777,FWD,5G,60,B,No,2G,2.0,G,10271.0
777,FWD,5G,60,B,No,2L,2.0,L,12493.0
777,FWD,5G,60,B,No,3A,3.0,A,12634.0
777,FWD,5G,60,B,No,3D,3.0,D,15039.0
777,FWD,5G,60,B,No,3G,3.0,G,23610.0
777,FWD,5G,60,B,No,3L,3.0,L,22184.0
777,FWD,5G,60,B,No,4A,4.0,A,14150.0
777,FWD,5G,60,B,No,4D,4.0,D,
777,FWD,5G,60,B,No,4G,4.0,G,44061.0
777,FWD,5G,60,B,No,4L,4.0,L,48865.0
777,FWD,5G,60,B,No,5D,5.0,D,13740.0
777,FWD,5G,60,B,No,6A,6.0,A,3317.0
777,FWD,5G,60,B,No,6D,6.0,D,5725.0
777,FWD,5G,60,B,No,6G,6.0,G,9569.0
777,FWD,5G,60,B,No,6L,6.0,L,7918.0
777,FWD,5G,60,B,No,7D,7.0,D,2541.0
777,FWD,5G,60,B,No,7G,7.0,G,2026.0
777,FWD,5G,60,B,No,7L,7.0,L,6901.0
777,FWD,5G,60,B,No,8A,8.0,A,311.0
777,FWD,5G,60,B,No,8D,8.0,D,417.0
777,FWD,5G,60,B,No,8G,8.0,G,711.0
777,FWD,5G,60,B,No,8L,8.0,L,599.0
777,FWD,5G,60,B,No,9A,9.0,A,0.0
777,FWD,5G,60,B,No,9D,9.0,D,0.0
777,FWD,5G,60,B,No,9G,9.0,G,0.0
777,FWD,5G,60,B,No,9L,9.0,L,0.0
777,FWD,5G,60,B,No,10A,10.0,A,0.0
777,FWD,5G,60,B,No,10D,10.0,D,0.0
777,FWD,5G,60,B,No,10G,10.0,G,0.0
777,FWD,5G,60,B,No,10L,10.0,L,0.0
777,FWD,5G,60,B,No,5A,5.0,A,6319.0
777,FWD,5G,60,B,No,5G,5.0,G,
777,FWD,5G,60,B,No,5L,5.0,L,32213.0
777,FWD,5G,60,B,No,7A,7.0,A,2846.0
777,FWD,5G,61,B,No,1A,1.0,A,4789.0
777,FWD,5G,61,B,No,1D,1.0,D,4886.0
777,FWD,5G,61,B,No,1G,1.0,G,6946.0
777,FWD,5G,61,B,No,1L,1.0,L,8222.0
777,FWD,5G,61,B,No,2A,2.0,A,6151.0
777,FWD,5G,61,B,No,2D,2.0,D,8337.0
777,FWD,5G,61,B,No,2G,2.0,G,8712.0
777,FWD,5G,61,B,No,2L,2.0,L,12429.0
777,FWD,5G,61,B,No,3A,3.0,A,12181.0
777,FWD,5G,61,B,No,3D,3.0,D,14849.0
777,FWD,5G,61,B,No,3G,3.0,G,25105.0
777,FWD,5G,61,B,No,3L,3.0,L,22783.0
777,FWD,5G,61,B,No,4A,4.0,A,14629.0
777,FWD,5G,61,B,No,4D,4.0,D,
777,FWD,5G,61,B,No,4G,4.0,G,44309.0
777,FWD,5G,61,B,No,4L,4.0,L,44111.0
777,FWD,5G,61,B,No,5D,5.0,D,16018.0
777,FWD,5G,61,B,No,6A,6.0,A,3235.0
777,FWD,5G,61,B,No,6D,6.0,D,5754.0
777,FWD,5G,61,B,No,6G,6.0,G,10411.0
777,FWD,5G,61,B,No,6L,6.0,L,10207.0
777,FWD,5G,61,B,No,7D,7.0,D,3716.0
777,FWD,5G,61,B,No,7G,7.0,G,3663.0
777,FWD,5G,61,B,No,7L,7.0,L,7708.0
777,FWD,5G,61,B,No,8A,8.0,A,564.0
777,FWD,5G,61,B,No,8D,8.0,D,663.0
777,FWD,5G,61,B,No,8G,8.0,G,1400.0
777,FWD,5G,61,B,No,8L,8.0,L,1097.0
777,FWD,5G,61,B,No,9A,9.0,A,0.0
777,FWD,5G,61,B,No,9D,9.0,D,0.0
777,FWD,5G,61,B,No,9G,9.0,G,0.0
777,FWD,5G,61,B,No,9L,9.0,L,235.0
777,FWD,5G,61,B,No,10A,10.0,A,0.0
777,FWD,5G,61,B,No,10D,10.0,D,0.0
777,FWD,5G,61,B,No,10G,10.0,G,0.0
777,FWD,5G,61,B,No,10L,10.0,L,0.0
777,FWD,5G,61,B,No,5A,5.0,A,5845.0
777,FWD,5G,61,B,No,5G,5.0,G,
777,FWD,5G,61,B,No,5L,5.0,L,38236.0
777,FWD,5G,61,B,No,7A,7.0,A,2956.0
777,FWD,5L,62,B,No,1A,1.0,A,4901.0
777,FWD,5L,62,B,No,1D,1.0,D,4355.0
777,FWD,5L,62,B,No,1G,1.0,G,5804.0
777,FWD,5L,62,B,No,1L,1.0,L,6837.0
777,FWD,5L,62,B,No,2A,2.0,A,10625.0
777,FWD,5L,62,B,No,2D,2.0,D,7053.0
777,FWD,5L,62,B,No,2G,2.0,G,9801.0
777,FWD,5L,62,B,No,2L,2.0,L,9867.0
777,FWD,5L,62,B,No,3A,3.0,A,9942.0
777,FWD,5L,62,B,No,3D,3.0,D,11820.0
777,FWD,5L,62,B,No,3G,3.0,G,20568.0
777,FWD,5L,62,B,No,3L,3.0,L,16843.0
777,FWD,5L,62,B,No,4A,4.0,A,8807.0
777,FWD,5L,62,B,No,4D,4.0,D,
777,FWD,5L,62,B,No,4G,4.0,G,29758.0
777,FWD,5L,62,B,No,4L,4.0,L,35031.0
777,FWD,5L,62,B,No,5D,5.0,D,7180.0
777,FWD,5L,62,B,No,6A,6.0,A,1887.0
777,FWD,5L,62,B,No,6D,6.0,D,2684.0
777,FWD,5L,62,B,No,6G,6.0,G,4849.0
777,FWD,5L,62,B,No,6L,6.0,L,1605.0
777,FWD,5L,62,B,No,7D,7.0,D,1105.0
777,FWD,5L,62,B,No,7G,7.0,G,715.0
777,FWD,5L,62,B,No,7L,7.0,L,1540.0
777,FWD,5L,62,B,No,8A,8.0,A,0.0
777,FWD,5L,62,B,No,8D,8.0,D,0.0
777,FWD,5L,62,B,No,8G,8.0,G,338.0
777,FWD,5L,62,B,No,8L,8.0,L,227.0
777,FWD,5L,62,B,No,9A,9.0,A,0.0
777,FWD,5L,62,B,No,9D,9.0,D,0.0
777,FWD,5L,62,B,No,9G,9.0,G,0.0
777,FWD,5L,62,B,No,9L,9.0,L,0.0
777,FWD,5L,62,B,No,10A,10.0,A,0.0
777,FWD,5L,62,B,No,10D,10.0,D,0.0
777,FWD,5L,62,B,No,10G,10.0,G,0.0
777,FWD,5L,62,B,No,10L,10.0,L,0.0
777,FWD,5L,62,B,No,5A,5.0,A,4162.0
777,FWD,5L,62,B,No,5G,5.0,G,8464.0
777,FWD,5L,62,B,No,5L,5.0,L,
777,FWD,5L,62,B,No,7A,7.0,A,884.0
777,FWD,5L,63,B,No,1A,1.0,A,3864.0
777,FWD,5L,63,B,No,1D,1.0,D,2790.0
777,FWD,5L,63,B,No,1G,1.0,G,2903.0
777,FWD,5L,63,B,No,1L,1.0,L,1811.0
777,FWD,5L,63,B,No,2A,2.0,A,6531.0
777,FWD,5L,63,B,No,2D,2.0,D,4061.0
777,FWD,5L,63,B,No,2G,2.0,G,3074.0
777,FWD,5L,63,B,No,2L,2.0,L,3743.0
777,FWD,5L,63,B,No,3A,3.0,A,6091.0
777,FWD,5L,63,B,No,3D,3.0,D,7207.0
777,FWD,5L,63,B,No,3G,3.0,G,11363.0
777,FWD,5L,63,B,No,3L,3.0,L,7127.0
777,FWD,5L,63,B,No,4A,4.0,A,5496.0
777,FWD,5L,63,B,No,4D,4.0,D,
777,FWD,5L,63,B,No,4G,4.0,G,15097.0
777,FWD,5L,63,B,No,4L,4.0,L,10632.0
777,FWD,5L,63,B,No,5D,5.0,D,3338.0
777,FWD,5L,63,B,No,6A,6.0,A,1454.0
777,FWD,5L,63,B,No,6D,6.0,D,1710.0
777,FWD,5L,63,B,No,6G,6.0,G,2736.0
777,FWD,5L,63,B,No,6L,6.0,L,2596.0
777,FWD,5L,63,B,No,7D,7.0,D,1193.0
777,FWD,5L,63,B,No,7G,7.0,G,
777,FWD,5L,63,B,No,7L,7.0,L,3950.0
777,FWD,5L,63,B,No,8A,8.0,A,284.0
777,FWD,5L,63,B,No,8D,8.0,D,453.0
777,FWD,5L,63,B,No,8G,8.0,G,1265.0
777,FWD,5L,63,B,No,8L,8.0,L,859.0
777,FWD,5L,63,B,No,9A,9.0,A,0.0
777,FWD,5L,63,B,No,9D,9.0,D,0.0
777,FWD,5L,63,B,No,9G,9.0,G,0.0
777,FWD,5L,63,B,No,9L,9.0,L,0.0
777,FWD,5L,63,B,No,10A,10.0,A,0.0
777,FWD,5L,63,B,No,10D,10.0,D,0.0
777,FWD,5L,63,B,No,10G,10.0,G,0.0
777,FWD,5L,63,B,No,10L,10.0,L,0.0
777,FWD,5L,63,B,No,5A,5.0,A,2536.0
777,FWD,5L,63,B,No,5G,5.0,G,3788.0
777,FWD,5L,63,B,No,5L,5.0,L,
777,FWD,5L,63,B,No,7A,7.0,A,1099.0
777,FWD,5L,64,B,No,1A,1.0,A,
777,FWD,5L,64,B,No,1D,1.0,D,
777,FWD,5L,64,B,No,1G,1.0,G,4118.0
777,FWD,5L,64,B,No,1L,1.0,L,
777,FWD,5L,64,B,No,2A,2.0,A,9249.0
777,FWD,5L,64,B,No,2D,2.0,D,5415.0
777,FWD,5L,64,B,No,2G,2.0,G,
777,FWD,5L,64,B,No,2L,2.0,L,
777,FWD,5L,64,B,No,3A,3.0,A,8186.0
777,FWD,5L,64,B,No,3D,3.0,D,10419.0
777,FWD,5L,64,B,No,3G,3.0,G,
777,FWD,5L,64,B,No,3L,3.0,L,
777,FWD,5L,64,B,No,4A,4.0,A,8790.0
777,FWD,5L,64,B,No,4D,4.0,D,
777,FWD,5L,64,B,No,4G,4.0,G,26105.0
777,FWD,5L,64,B,No,4L,4.0,L,
777,FWD,5L,64,B,No,5D,5.0,D,5065.0
777,FWD,5L,64,B,No,6A,6.0,A,
777,FWD,5L,64,B,No,6D,6.0,D,
777,FWD,5L,64,B,No,6G,6.0,G,
777,FWD,5L,64,B,No,6L,6.0,L,4134.0
777,FWD,5L,64,B,No,7D,7.0,D,1811.0
777,FWD,5L,64,B,No,7G,7.0,G,
777,FWD,5L,64,B,No,7L,7.0,L,
777,FWD,5L,64,B,No,8A,8.0,A,
777,FWD,5L,64,B,No,8D,8.0,D,
777,FWD,5L,64,B,No,8G,8.0,G,769.0
777,FWD,5L,64,B,No,8L,8.0,L,407.0
777,FWD,5L,64,B,No,9A,9.0,A,0.0
777,FWD,5L,64,B,No,9D,9.0,D,0.0
777,FWD,5L,64,B,No,9G,9.0,G,0.0
777,FWD,5L,64,B,No,9L,9.0,L,0.0
777,FWD,5L,64,B,No,10A,10.0,A,0.0
777,FWD,5L,64,B,No,10D,10.0,D,0.0
777,FWD,5L,64,B,No,10G,10.0,G,0.0
777,FWD,5L,64,B,No,10L,10.0,L,
777,FWD,5L,64,B,No,5A,5.0,A,
777,FWD,5L,64,B,No,5G,5.0,G,
777,FWD,5L,64,B,No,5L,5.0,L,
777,FWD,5L,64,B,No,7A,7.0,A,319.0
777,MID-AFT,33B,19,B,No,31A,31.0,A,0.0
777,MID-AFT,33B,19,B,No,31B,31.0,B,0.0
777,MID-AFT,33B,19,B,No,31C,31.0,C,
777,MID-AFT,33B,19,B,No,31E,31.0,E,
777,MID-AFT,33B,19,B,No,31F,31.0,F,0.0
777,MID-AFT,33B,19,B,No,31J,31.0,J,628.0
777,MID-AFT,33B,19,B,No,31K,31.0,K,623.0
777,MID-AFT,33B,19,B,No,31L,31.0,L,682.0
777,MID-AFT,33B,19,B,No,32A,32.0,A,367.0
777,MID-AFT,33B,19,B,No,32C,32.0,C,429.0
777,MID-AFT,33B,19,B,No,32D,32.0,D,263.0
777,MID-AFT,33B,19,B,No,32E,32.0,E,0.0
777,MID-AFT,33B,19,B,No,32F,32.0,F,285.0
777,MID-AFT,33B,19,B,No,32G,32.0,G,269.0
777,MID-AFT,33B,19,B,No,32J,32.0,J,584.0
777,MID-AFT,33B,19,B,No,32L,32.0,L,1042.0
777,MID-AFT,33B,19,B,No,33A,33.0,A,313923.0
777,MID-AFT,33B,19,B,No,33B,33.0,B,1524.0
777,MID-AFT,33B,19,B,No,33C,33.0,C,9696.0
777,MID-AFT,33B,19,B,No,33D,33.0,D,1524.0
777,MID-AFT,33B,19,B,No,33E,33.0,E,629.0
777,MID-AFT,33B,19,B,No,33F,33.0,F,767.0
777,MID-AFT,33B,19,B,No,33G,33.0,G,672.0
777,MID-AFT,33B,19,B,No,33J,33.0,J,822.0
777,MID-AFT,33B,19,B,No,33K,33.0,K,1716.0
777,MID-AFT,33B,19,B,No,33L,33.0,L,1961.0
777,MID-AFT,33B,19,B,No,34A,34.0,A,38658.0
777,MID-AFT,33B,19,B,No,34C,34.0,C,
777,MID-AFT,33B,19,B,No,34D,34.0,D,3523.0
777,MID-AFT,33B,19,B,No,34E,34.0,E,4279.0
777,MID-AFT,33B,19,B,No,34F,34.0,F,4333.0
777,MID-AFT,33B,19,B,No,34G,34.0,G,2904.0
777,MID-AFT,33B,19,B,No,34J,34.0,J,1319.0
777,MID-AFT,33B,19,B,No,34L,34.0,L,2181.0
777,MID-AFT,33B,19,B,No,35A,35.0,A,14584.0
777,MID-AFT,33B,19,B,No,35B,35.0,B,12894.0
777,MID-AFT,33B,19,B,No,35C,35.0,C,7045.0
777,MID-AFT,33B,19,B,No,35D,35.0,D,7198.0
777,MID-AFT,33B,19,B,No,35E,35.0,E,7360.0
777,MID-AFT,33B,19,B,No,35G,35.0,G,3606.0
777,MID-AFT,33B,19,B,No,35J,35.0,J,3875.0
777,MID-AFT,33B,19,B,No,35K,35.0,K,3223.0
777,MID-AFT,33B,19,B,No,35L,35.0,L,3487.0
777,MID-AFT,33B,20,B,No,31A,31.0,A,0.0
777,MID-AFT,33B,20,B,No,31B,31.0,B,0.0
777,MID-AFT,33B,20,B,No,31C,31.0,C,
777,MID-AFT,33B,20,B,No,31E,31.0,E,
777,MID-AFT,33B,20,B,No,31F,31.0,F,0.0
777,MID-AFT,33B,20,B,No,31J,31.0,J,355.0
777,MID-AFT,33B,20,B,No,31K,31.0,K,501.0
777,MID-AFT,33B,20,B,No,31L,31.0,L,379.0
777,MID-AFT,33B,20,B,No,32A,32.0,A,1310.0
777,MID-AFT,33B,20,B,No,32C,32.0,C,853.0
777,MID-AFT,33B,20,B,No,32D,32.0,D,391.0
777,MID-AFT,33B,20,B,No,32E,32.0,E,440.0
777,MID-AFT,33B,20,B,No,32F,32.0,F,375.0
777,MID-AFT,33B,20,B,No,32G,32.0,G,322.0
777,MID-AFT,33B,20,B,No,32J,32.0,J,446.0
777,MID-AFT,33B,20,B,No,32L,32.0,L,559.0
777,MID-AFT,33B,20,B,No,33A,33.0,A,216446.0
777,MID-AFT,33B,20,B,No,33B,33.0,B,11601.0
777,MID-AFT,33B,20,B,No,33C,33.0,C,26272.0
777,MID-AFT,33B,20,B,No,33D,33.0,D,11601.0
777,MID-AFT,33B,20,B,No,33E,33.0,E,1222.0
777,MID-AFT,33B,20,B,No,33F,33.0,F,1006.0
777,MID-AFT,33B,20,B,No,33G,33.0,G,755.0
777,MID-AFT,33B,20,B,No,33J,33.0,J,967.0
777,MID-AFT,33B,20,B,No,33K,33.0,K,1049.0
777,MID-AFT,33B,20,B,No,33L,33.0,L,1041.0
777,MID-AFT,33B,20,B,No,34A,34.0,A,47509.0
777,MID-AFT,33B,20,B,No,34C,34.0,C,
777,MID-AFT,33B,20,B,No,34D,34.0,D,2455.0
777,MID-AFT,33B,20,B,No,34E,34.0,E,2771.0
777,MID-AFT,33B,20,B,No,34F,34.0,F,2983.0
777,MID-AFT,33B,20,B,No,34G,34.0,G,2413.0
777,MID-AFT,33B,20,B,No,34J,34.0,J,1501.0
777,MID-AFT,33B,20,B,No,34L,34.0,L,1843.0
777,MID-AFT,33B,20,B,No,35A,35.0,A,13599.0
777,MID-AFT,33B,20,B,No,35B,35.0,B,9582.0
777,MID-AFT,33B,20,B,No,35C,35.0,C,3464.0
777,MID-AFT,33B,20,B,No,35D,35.0,D,4176.0
777,MID-AFT,33B,20,B,No,35E,35.0,E,4060.0
777,MID-AFT,33B,20,B,No,35G,35.0,G,3186.0
777,MID-AFT,33B,20,B,No,35J,35.0,J,2432.0
777,MID-AFT,33B,20,B,No,35K,35.0,K,2047.0
777,MID-AFT,33B,20,B,No,35L,35.0,L,2088.0
777,MID-AFT,33B,21,B,No,31A,31.0,A,0.0
777,MID-AFT,33B,21,B,No,31B,31.0,B,0.0
777,MID-AFT,33B,21,B,No,31C,31.0,C,
777,MID-AFT,33B,21,B,No,31E,31.0,E,
777,MID-AFT,33B,21,B,No,31F,31.0,F,0.0
777,MID-AFT,33B,21,B,No,31J,31.0,J,294.0
777,MID-AFT,33B,21,B,No,31K,31.0,K,336.0
777,MID-AFT,33B,21,B,No,31L,31.0,L,269.0
777,MID-AFT,33B,21,B,No,32A,32.0,A,0.0
777,MID-AFT,33B,21,B,No,32C,32.0,C,309.0
777,MID-AFT,33B,21,B,No,32D,32.0,D,0.0
777,MID-AFT,33B,21,B,No,32E,32.0,E,0.0
777,MID-AFT,33B,21,B,No,32F,32.0,F,0.0
777,MID-AFT,33B,21,B,No,32G,32.0,G,0.0
777,MID-AFT,33B,21,B,No,32J,32.0,J,312.0
777,MID-AFT,33B,21,B,No,32L,32.0,L,535.0
777,MID-AFT,33B,21,B,No,33A,33.0,A,387549.0
777,MID-AFT,33B,21,B,No,33B,33.0,B,6351.0
777,MID-AFT,33B,21,B,No,33C,33.0,C,760.0
777,MID-AFT,33B,21,B,No,33D,33.0,D,6351.0
777,MID-AFT,33B,21,B,No,33E,33.0,E,232.0
777,MID-AFT,33B,21,B,No,33F,33.0,F,209.0
777,MID-AFT,33B,21,B,No,33G,33.0,G,245.0
777,MID-AFT,33B,21,B,No,33J,33.0,J,420.0
777,MID-AFT,33B,21,B,No,33K,33.0,K,868.0
777,MID-AFT,33B,21,B,No,33L,33.0,L,899.0
777,MID-AFT,33B,21,B,No,34A,34.0,A,52280.0
777,MID-AFT,33B,21,B,No,34C,34.0,C,
777,MID-AFT,33B,21,B,No,34D,34.0,D,568.0
777,MID-AFT,33B,21,B,No,34E,34.0,E,481.0
777,MID-AFT,33B,21,B,No,34F,34.0,F,624.0
777,MID-AFT,33B,21,B,No,34G,34.0,G,697.0
777,MID-AFT,33B,21,B,No,34J,34.0,J,488.0
777,MID-AFT,33B,21,B,No,34L,34.0,L,1018.0
777,MID-AFT,33B,21,B,No,35A,35.0,A,13925.0
777,MID-AFT,33B,21,B,No,35B,35.0,B,6592.0
777,MID-AFT,33B,21,B,No,35C,35.0,C,3171.0
777,MID-AFT,33B,21,B,No,35D,35.0,D,2323.0
777,MID-AFT,33B,21,B,No,35E,35.0,E,2960.0
777,MID-AFT,33B,21,B,No,35G,35.0,G,2138.0
777,MID-AFT,33B,21,B,No,35J,35.0,J,1514.0
777,MID-AFT,33B,21,B,No,35K,35.0,K,1806.0
777,MID-AFT,33B,21,B,No,35L,35.0,L,1508.0
777,MID-AFT,33B,22,B,Yes,31A,31.0,A,0.0
777,MID-AFT,33B,22,B,Yes,31B,31.0,B,282.0
777,MID-AFT,33B,22,B,Yes,31C,31.0,C,
777,MID-AFT,33B,22,B,Yes,31E,31.0,E,
777,MID-AFT,33B,22,B,Yes,31F,31.0,F,242.0
777,MID-AFT,33B,22,B,Yes,31J,31.0,J,1172.0
777,MID-AFT,33B,22,B,Yes,31K,31.0,K,1376.0
777,MID-AFT,33B,22,B,Yes,31L,31.0,L,1407.0
777,MID-AFT,33B,22,B,Yes,32A,32.0,A,602.0
777,MID-AFT,33B,22,B,Yes,32C,32.0,C,814.0
777,MID-AFT,33B,22,B,Yes,32D,32.0,D,364.0
777,MID-AFT,33B,22,B,Yes,32E,32.0,E,387.0
777,MID-AFT,33B,22,B,Yes,32F,32.0,F,466.0
777,MID-AFT,33B,22,B,Yes,32G,32.0,G,477.0
777,MID-AFT,33B,22,B,Yes,32J,32.0,J,977.0
777,MID-AFT,33B,22,B,Yes,32L,32.0,L,1801.0
777,MID-AFT,33B,22,B,Yes,33A,33.0,A,29213.0
777,MID-AFT,33B,22,B,Yes,33B,33.0,B,2573.0
777,MID-AFT,33B,22,B,Yes,33C,33.0,C,3795.0
777,MID-AFT,33B,22,B,Yes,33D,33.0,D,2573.0
777,MID-AFT,33B,22,B,Yes,33E,33.0,E,1727.0
777,MID-AFT,33B,22,B,Yes,33F,33.0,F,1421.0
777,MID-AFT,33B,22,B,Yes,33G,33.0,G,1139.0
777,MID-AFT,33B,22,B,Yes,33J,33.0,J,1498.0
777,MID-AFT,33B,22,B,Yes,33K,33.0,K,3134.0
777,MID-AFT,33B,22,B,Yes,33L,33.0,L,3159.0
777,MID-AFT,33B,22,B,Yes,34A,34.0,A,20412.0
777,MID-AFT,33B,22,B,Yes,34C,34.0,C,
777,MID-AFT,33B,22,B,Yes,34D,34.0,D,6403.0
777,MID-AFT,33B,22,B,Yes,34E,34.0,E,6303.0
777,MID-AFT,33B,22,B,Yes,34F,34.0,F,8463.0
777,MID-AFT,33B,22,B,Yes,34G,34.0,G,6728.0
777,MID-AFT,33B,22,B,Yes,34J,34.0,J,3404.0
777,MID-AFT,33B,22,B,Yes,34L,34.0,L,4016.0
777,MID-AFT,33B,22,B,Yes,35A,35.0,A,12719.0
777,MID-AFT,33B,22,B,Yes,35B,35.0,B,9266.0
777,MID-AFT,33B,22,B,Yes,35C,35.0,C,9896.0
777,MID-AFT,33B,22,B,Yes,35D,35.0,D,12004.0
777,MID-AFT,33B,22,B,Yes,35E,35.0,E,11376.0
777,MID-AFT,33B,22,B,Yes,35G,35.0,G,6664.0
777,MID-AFT,33B,22,B,Yes,35J,35.0,J,7982.0
777,MID-AFT,33B,22,B,Yes,35K,35.0,K,5716.0
777,MID-AFT,33B,22,B,Yes,35L,35.0,L,5368.0
777,MID-AFT,33B,23,B,Yes,31A,31.0,A,0.0
777,MID-AFT,33B,23,B,Yes,31B,31.0,B,200.0
777,MID-AFT,33B,23,B,Yes,31C,31.0,C,
777,MID-AFT,33B,23,B,Yes,31E,31.0,E,
777,MID-AFT,33B,23,B,Yes,31F,31.0,F,247.0
777,MID-AFT,33B,23,B,Yes,31J,31.0,J,763.0
777,MID-AFT,33B,23,B,Yes,31K,31.0,K,634.0
777,MID-AFT,33B,23,B,Yes,31L,31.0,L,751.0
777,MID-AFT,33B,23,B,Yes,32A,32.0,A,289.0
777,MID-AFT,33B,23,B,Yes,32C,32.0,C,590.0
777,MID-AFT,33B,23,B,Yes,32D,32.0,D,367.0
777,MID-AFT,33B,23,B,Yes,32E,32.0,E,397.0
777,MID-AFT,33B,23,B,Yes,32F,32.0,F,528.0
777,MID-AFT,33B,23,B,Yes,32G,32.0,G,469.0
777,MID-AFT,33B,23,B,Yes,32J,32.0,J,1117.0
777,MID-AFT,33B,23,B,Yes,32L,32.0,L,1305.0
777,MID-AFT,33B,23,B,Yes,33A,33.0,A,95682.0
777,MID-AFT,33B,23,B,Yes,33B,33.0,B,1337.0
777,MID-AFT,33B,23,B,Yes,33C,33.0,C,3498.0
777,MID-AFT,33B,23,B,Yes,33D,33.0,D,1337.0
777,MID-AFT,33B,23,B,Yes,33E,33.0,E,1715.0
777,MID-AFT,33B,23,B,Yes,33F,33.0,F,1711.0
777,MID-AFT,33B,23,B,Yes,33G,33.0,G,1279.0
777,MID-AFT,33B,23,B,Yes,33J,33.0,J,2338.0
777,MID-AFT,33B,23,B,Yes,33K,33.0,K,2810.0
777,MID-AFT,33B,23,B,Yes,33L,33.0,L,2471.0
777,MID-AFT,33B,23,B,Yes,34A,34.0,A,44009.0
777,MID-AFT,33B,23,B,Yes,34C,34.0,C,
777,MID-AFT,33B,23,B,Yes,34D,34.0,D,5361.0
777,MID-AFT,33B,23,B,Yes,34E,34.0,E,5139.0
777,MID-AFT,33B,23,B,Yes,34F,34.0,F,6551.0
777,MID-AFT,33B,23,B,Yes,34G,34.0,G,6497.0
777,MID-AFT,33B,23,B,Yes,34J,34.0,J,3810.0
777,MID-AFT,33B,23,B,Yes,34L,34.0,L,3742.0
777,MID-AFT,33B,23,B,Yes,35A,35.0,A,16715.0
777,MID-AFT,33B,23,B,Yes,35B,35.0,B,9151.0
777,MID-AFT,33B,23,B,Yes,35C,35.0,C,11175.0
777,MID-AFT,33B,23,B,Yes,35D,35.0,D,10643.0
777,MID-AFT,33B,23,B,Yes,35E,35.0,E,10783.0
777,MID-AFT,33B,23,B,Yes,35G,35.0,G,7652.0
777,MID-AFT,33B,23,B,Yes,35J,35.0,J,6305.0
777,MID-AFT,33B,23,B,Yes,35K,35.0,K,5916.0
777,MID-AFT,33B,23,B,Yes,35L,35.0,L,4991.0
777,MID-AFT,33B,24,B,Yes,31A,31.0,A,0.0
777,MID-AFT,33B,24,B,Yes,31B,31.0,B,238.0
777,MID-AFT,33B,24,B,Yes,31C,31.0,C,
777,MID-AFT,33B,24,B,Yes,31E,31.0,E,
777,MID-AFT,33B,24,B,Yes,31F,31.0,F,0.0
777,MID-AFT,33B,24,B,Yes,31J,31.0,J,540.0
777,MID-AFT,33B,24,B,Yes,31K,31.0,K,537.0
777,MID-AFT,33B,24,B,Yes,31L,31.0,L,579.0
777,MID-AFT,33B,24,B,Yes,32A,32.0,A,442.0
777,MID-AFT,33B,24,B,Yes,32C,32.0,C,818.0
777,MID-AFT,33B,24,B,Yes,32D,32.0,D,416.0
777,MID-AFT,33B,24,B,Yes,32E,32.0,E,427.0
777,MID-AFT,33B,24,B,Yes,32F,32.0,F,450.0
777,MID-AFT,33B,24,B,Yes,32G,32.0,G,374.0
777,MID-AFT,33B,24,B,Yes,32J,32.0,J,657.0
777,MID-AFT,33B,24,B,Yes,32L,32.0,L,973.0
777,MID-AFT,33B,24,B,Yes,33A,33.0,A,21930.0
777,MID-AFT,33B,24,B,Yes,33B,33.0,B,1123.0
777,MID-AFT,33B,24,B,Yes,33C,33.0,C,1860.0
777,MID-AFT,33B,24,B,Yes,33D,33.0,D,1123.0
777,MID-AFT,33B,24,B,Yes,33E,33.0,E,
777,MID-AFT,33B,24,B,Yes,33F,33.0,F,1218.0
777,MID-AFT,33B,24,B,Yes,33G,33.0,G,1066.0
777,MID-AFT,33B,24,B,Yes,33J,33.0,J,2006.0
777,MID-AFT,33B,24,B,Yes,33K,33.0,K,2107.0
777,MID-AFT,33B,24,B,Yes,33L,33.0,L,2139.0
777,MID-AFT,33B,24,B,Yes,34A,34.0,A,29903.0
777,MID-AFT,33B,24,B,Yes,34C,34.0,C,
777,MID-AFT,33B,24,B,Yes,34D,34.0,D,3484.0
777,MID-AFT,33B,24,B,Yes,34E,34.0,E,3731.0
777,MID-AFT,33B,24,B,Yes,34F,34.0,F,3696.0
777,MID-AFT,33B,24,B,Yes,34G,34.0,G,3811.0
777,MID-AFT,33B,24,B,Yes,34J,34.0,J,2410.0
777,MID-AFT,33B,24,B,Yes,34L,34.0,L,3180.0
777,MID-AFT,33B,24,B,Yes,35A,35.0,A,13011.0
777,MID-AFT,33B,24,B,Yes,35B,35.0,B,8926.0
777,MID-AFT,33B,24,B,Yes,35C,35.0,C,9370.0
777,MID-AFT,33B,24,B,Yes,35D,35.0,D,9945.0
777,MID-AFT,33B,24,B,Yes,35E,35.0,E,9921.0
777,MID-AFT,33B,24,B,Yes,35G,35.0,G,6414.0
777,MID-AFT,33B,24,B,Yes,35J,35.0,J,5597.0
777,MID-AFT,33B,24,B,Yes,35K,35.0,K,4565.0
777,MID-AFT,33B,24,B,Yes,35L,35.0,L,3559.0
777,MID-AFT,33E,25,B,No,31A,31.0,A,0.0
777,MID-AFT,33E,25,B,No,31B,31.0,B,486.0
777,MID-AFT,33E,25,B,No,31C,31.0,C,
777,MID-AFT,33E,25,B,No,31E,31.0,E,
777,MID-AFT,33E,25,B,No,31F,31.0,F,905.0
777,MID-AFT,33E,25,B,No,31J,31.0,J,1841.0
777,MID-AFT,33E,25,B,No,31K,31.0,K,1860.0
777,MID-AFT,33E,25,B,No,31L,31.0,L,2800.0
777,MID-AFT,33E,25,B,No,32A,32.0,A,1382.0
777,MID-AFT,33E,25,B,No,32C,32.0,C,5978.0
777,MID-AFT,33E,25,B,No,32D,32.0,D,3164.0
777,MID-AFT,33E,25,B,No,32E,32.0,E,3957.0
777,MID-AFT,33E,25,B,No,32F,32.0,F,3180.0
777,MID-AFT,33E,25,B,No,32G,32.0,G,2710.0
777,MID-AFT,33E,25,B,No,32J,32.0,J,3955.0
777,MID-AFT,33E,25,B,No,32L,32.0,L,4537.0
777,MID-AFT,33E,25,B,No,33A,33.0,A,9202.0
777,MID-AFT,33E,25,B,No,33B,33.0,B,3264.0
777,MID-AFT,33E,25,B,No,33C,33.0,C,30824.0
777,MID-AFT,33E,25,B,No,33D,33.0,D,3264.0
777,MID-AFT,33E,25,B,No,33E,33.0,E,
777,MID-AFT,33E,25,B,No,33F,33.0,F,20687.0
777,MID-AFT,33E,25,B,No,33G,33.0,G,11013.0
777,MID-AFT,33E,25,B,No,33J,33.0,J,11856.0
777,MID-AFT,33E,25,B,No,33K,33.0,K,9226.0
777,MID-AFT,33E,25,B,No,33L,33.0,L,9559.0
777,MID-AFT,33E,25,B,No,34A,34.0,A,17550.0
777,MID-AFT,33E,25,B,No,34C,34.0,C,
777,MID-AFT,33E,25,B,No,34D,34.0,D,32408.0
777,MID-AFT,33E,25,B,No,34E,34.0,E,29148.0
777,MID-AFT,33E,25,B,No,34F,34.0,F,26277.0
777,MID-AFT,33E,25,B,No,34G,34.0,G,18419.0
777,MID-AFT,33E,25,B,No,34J,34.0,J,12729.0
777,MID-AFT,33E,25,B,No,34L,34.0,L,11198.0
777,MID-AFT,33E,25,B,No,35A,35.0,A,14191.0
777,MID-AFT,33E,25,B,No,35B,35.0,B,11880.0
777,MID-AFT,33E,25,B,No,35C,35.0,C,16461.0
777,MID-AFT,33E,25,B,No,35D,35.0,D,23160.0
777,MID-AFT,33E,25,B,No,35E,35.0,E,22048.0
777,MID-AFT,33E,25,B,No,35G,35.0,G,16664.0
777,MID-AFT,33E,25,B,No,35J,35.0,J,15202.0
777,MID-AFT,33E,25,B,No,35K,35.0,K,11178.0
777,MID-AFT,33E,25,B,No,35L,35.0,L,10133.0
777,MID-AFT,33E,26,B,No,31A,31.0,A,0.0
777,MID-AFT,33E,26,B,No,31B,31.0,B,0.0
777,MID-AFT,33E,26,B,No,31C,31.0,C,
777,MID-AFT,33E,26,B,No,31E,31.0,E,
777,MID-AFT,33E,26,B,No,31F,31.0,F,533.0
777,MID-AFT,33E,26,B,No,31J,31.0,J,1961.0
777,MID-AFT,33E,26,B,No,31K,31.0,K,727.0
777,MID-AFT,33E,26,B,No,31L,31.0,L,1579.0
777,MID-AFT,33E,26,B,No,32A,32.0,A,718.0
777,MID-AFT,33E,26,B,No,32C,32.0,C,3927.0
777,MID-AFT,33E,26,B,No,32D,32.0,D,1497.0
777,MID-AFT,33E,26,B,No,32E,32.0,E,1496.0
777,MID-AFT,33E,26,B,No,32F,32.0,F,1745.0
777,MID-AFT,33E,26,B,No,32G,32.0,G,1926.0
777,MID-AFT,33E,26,B,No,32J,32.0,J,3253.0
777,MID-AFT,33E,26,B,No,32L,32.0,L,4637.0
777,MID-AFT,33E,26,B,No,33A,33.0,A,5464.0
777,MID-AFT,33E,26,B,No,33B,33.0,B,2452.0
777,MID-AFT,33E,26,B,No,33C,33.0,C,23978.0
777,MID-AFT,33E,26,B,No,33D,33.0,D,2452.0
777,MID-AFT,33E,26,B,No,33E,33.0,E,
777,MID-AFT,33E,26,B,No,33F,33.0,F,15942.0
777,MID-AFT,33E,26,B,No,33G,33.0,G,9017.0
777,MID-AFT,33E,26,B,No,33J,33.0,J,9153.0
777,MID-AFT,33E,26,B,No,33K,33.0,K,9121.0
777,MID-AFT,33E,26,B,No,33L,33.0,L,9328.0
777,MID-AFT,33E,26,B,No,34A,34.0,A,9338.0
777,MID-AFT,33E,26,B,No,34C,34.0,C,
777,MID-AFT,33E,26,B,No,34D,34.0,D,41778.0
777,MID-AFT,33E,26,B,No,34E,34.0,E,34339.0
777,MID-AFT,33E,26,B,No,34F,34.0,F,27199.0
777,MID-AFT,33E,26,B,No,34G,34.0,G,18728.0
777,MID-AFT,33E,26,B,No,34J,34.0,J,11563.0
777,MID-AFT,33E,26,B,No,34L,34.0,L,10129.0
777,MID-AFT,33E,26,B,No,35A,35.0,A,16705.0
777,MID-AFT,33E,26,B,No,35B,35.0,B,15340.0
777,MID-AFT,33E,26,B,No,35C,35.0,C,21977.0
777,MID-AFT,33E,26,B,No,35D,35.0,D,28598.0
777,MID-AFT,33E,26,B,No,35E,35.0,E,23244.0
777,MID-AFT,33E,26,B,No,35G,35.0,G,17221.0
777,MID-AFT,33E,26,B,No,35J,35.0,J,16401.0
777,MID-AFT,33E,26,B,No,35K,35.0,K,11673.0
777,MID-AFT,33E,26,B,No,35L,35.0,L,10066.0
777,MID-AFT,33E,27,B,No,31A,31.0,A,0.0
777,MID-AFT,33E,27,B,No,31B,31.0,B,226.0
777,MID-AFT,33E,27,B,No,31C,31.0,C,
777,MID-AFT,33E,27,B,No,31E,31.0,E,
777,MID-AFT,33E,27,B,No,31F,31.0,F,478.0
777,MID-AFT,33E,27,B,No,31J,31.0,J,703.0
777,MID-AFT,33E,27,B,No,31K,31.0,K,412.0
777,MID-AFT,33E,27,B,No,31L,31.0,L,965.0
777,MID-AFT,33E,27,B,No,32A,32.0,A,615.0
777,MID-AFT,33E,27,B,No,32C,32.0,C,3262.0
777,MID-AFT,33E,27,B,No,32D,32.0,D,2448.0
777,MID-AFT,33E,27,B,No,32E,32.0,E,2936.0
777,MID-AFT,33E,27,B,No,32F,32.0,F,3745.0
777,MID-AFT,33E,27,B,No,32G,32.0,G,2177.0
777,MID-AFT,33E,27,B,No,32J,32.0,J,3659.0
777,MID-AFT,33E,27,B,No,32L,32.0,L,3602.0
777,MID-AFT,33E,27,B,No,33A,33.0,A,8284.0
777,MID-AFT,33E,27,B,No,33B,33.0,B,2013.0
777,MID-AFT,33E,27,B,No,33C,33.0,C,79489.0
777,MID-AFT,33E,27,B,No,33D,33.0,D,2013.0
777,MID-AFT,33E,27,B,No,33E,33.0,E,
777,MID-AFT,33E,27,B,No,33F,33.0,F,12978.0
777,MID-AFT,33E,27,B,No,33G,33.0,G,8843.0
777,MID-AFT,33E,27,B,No,33J,33.0,J,10609.0
777,MID-AFT,33E,27,B,No,33K,33.0,K,8702.0
777,MID-AFT,33E,27,B,No,33L,33.0,L,9104.0
777,MID-AFT,33E,27,B,No,34A,34.0,A,25923.0
777,MID-AFT,33E,27,B,No,34C,34.0,C,
777,MID-AFT,33E,27,B,No,34D,34.0,D,29062.0
777,MID-AFT,33E,27,B,No,34E,34.0,E,27409.0
777,MID-AFT,33E,27,B,No,34F,34.0,F,26974.0
777,MID-AFT,33E,27,B,No,34G,34.0,G,18430.0
777,MID-AFT,33E,27,B,No,34J,34.0,J,11915.0
777,MID-AFT,33E,27,B,No,34L,34.0,L,9665.0
777,MID-AFT,33E,27,B,No,35A,35.0,A,20610.0
777,MID-AFT,33E,27,B,No,35B,35.0,B,18745.0
777,MID-AFT,33E,27,B,No,35C,35.0,C,19439.0
777,MID-AFT,33E,27,B,No,35D,35.0,D,22557.0
777,MID-AFT,33E,27,B,No,35E,35.0,E,21477.0
777,MID-AFT,33E,27,B,No,35G,35.0,G,15435.0
777,MID-AFT,33E,27,B,No,35J,35.0,J,16799.0
777,MID-AFT,33E,27,B,No,35K,35.0,K,11796.0
777,MID-AFT,33E,27,B,No,35L,35.0,L,11162.0
777,MID-AFT,33E,28,B,Yes,31A,31.0,A,0.0
777,MID-AFT,33E,28,B,Yes,31B,31.0,B,331.0
777,MID-AFT,33E,28,B,Yes,31C,31.0,C,
777,MID-AFT,33E,28,B,Yes,31E,31.0,E,
777,MID-AFT,33E,28,B,Yes,31F,31.0,F,864.0
777,MID-AFT,33E,28,B,Yes,31J,31.0,J,1944.0
777,MID-AFT,33E,28,B,Yes,31K,31.0,K,1382.0
777,MID-AFT,33E,28,B,Yes,31L,31.0,L,2942.0
777,MID-AFT,33E,28,B,Yes,32A,32.0,A,1680.0
777,MID-AFT,33E,28,B,Yes,32C,32.0,C,6735.0
777,MID-AFT,33E,28,B,Yes,32D,32.0,D,3871.0
777,MID-AFT,33E,28,B,Yes,32E,32.0,E,5514.0
777,MID-AFT,33E,28,B,Yes,32F,32.0,F,4678.0
777,MID-AFT,33E,28,B,Yes,32G,32.0,G,3832.0
777,MID-AFT,33E,28,B,Yes,32J,32.0,J,5552.0
777,MID-AFT,33E,28,B,Yes,32L,32.0,L,5890.0
777,MID-AFT,33E,28,B,Yes,33A,33.0,A,21368.0
777,MID-AFT,33E,28,B,Yes,33B,33.0,B,4604.0
777,MID-AFT,33E,28,B,Yes,33C,33.0,C,97225.0
777,MID-AFT,33E,28,B,Yes,33D,33.0,D,4604.0
777,MID-AFT,33E,28,B,Yes,33E,33.0,E,
777,MID-AFT,33E,28,B,Yes,33F,33.0,F,14390.0
777,MID-AFT,33E,28,B,Yes,33G,33.0,G,12170.0
777,MID-AFT,33E,28,B,Yes,33J,33.0,J,12991.0
777,MID-AFT,33E,28,B,Yes,33K,33.0,K,10829.0
777,MID-AFT,33E,28,B,Yes,33L,33.0,L,11370.0
777,MID-AFT,33E,28,B,Yes,34A,34.0,A,28138.0
777,MID-AFT,33E,28,B,Yes,34C,34.0,C,
777,MID-AFT,33E,28,B,Yes,34D,34.0,D,42710.0
777,MID-AFT,33E,28,B,Yes,34E,34.0,E,35891.0
777,MID-AFT,33E,28,B,Yes,34F,34.0,F,30487.0
777,MID-AFT,33E,28,B,Yes,34G,34.0,G,20648.0
777,MID-AFT,33E,28,B,Yes,34J,34.0,J,13709.0
777,MID-AFT,33E,28,B,Yes,34L,34.0,L,13860.0
777,MID-AFT,33E,28,B,Yes,35A,35.0,A,20874.0
777,MID-AFT,33E,28,B,Yes,35B,35.0,B,17540.0
777,MID-AFT,33E,28,B,Yes,35C,35.0,C,22928.0
777,MID-AFT,33E,28,B,Yes,35D,35.0,D,26462.0
777,MID-AFT,33E,28,B,Yes,35E,35.0,E,22188.0
777,MID-AFT,33E,28,B,Yes,35G,35.0,G,18212.0
777,MID-AFT,33E,28,B,Yes,35J,35.0,J,18576.0
777,MID-AFT,33E,28,B,Yes,35K,35.0,K,13265.0
777,MID-AFT,33E,28,B,Yes,35L,35.0,L,13299.0
777,MID-AFT,33E,29,B,Yes,31A,31.0,A,0.0
777,MID-AFT,33E,29,B,Yes,31B,31.0,B,432.0
777,MID-AFT,33E,29,B,Yes,31C,31.0,C,
777,MID-AFT,33E,29,B,Yes,31E,31.0,E,
777,MID-AFT,33E,29,B,Yes,31F,31.0,F,517.0
777,MID-AFT,33E,29,B,Yes,31J,31.0,J,1996.0
777,MID-AFT,33E,29,B,Yes,31K,31.0,K,
777,MID-AFT,33E,29,B,Yes,31L,31.0,L,2252.0
777,MID-AFT,33E,29,B,Yes,32A,32.0,A,1263.0
777,MID-AFT,33E,29,B,Yes,32C,32.0,C,3005.0
777,MID-AFT,33E,29,B,Yes,32D,32.0,D,2636.0
777,MID-AFT,33E,29,B,Yes,32E,32.0,E,2300.0
777,MID-AFT,33E,29,B,Yes,32F,32.0,F,1627.0
777,MID-AFT,33E,29,B,Yes,32G,32.0,G,1563.0
777,MID-AFT,33E,29,B,Yes,32J,32.0,J,4331.0
777,MID-AFT,33E,29,B,Yes,32L,32.0,L,4556.0
777,MID-AFT,33E,29,B,Yes,33A,33.0,A,6870.0
777,MID-AFT,33E,29,B,Yes,33B,33.0,B,3844.0
777,MID-AFT,33E,29,B,Yes,33C,33.0,C,13502.0
777,MID-AFT,33E,29,B,Yes,33D,33.0,D,3844.0
777,MID-AFT,33E,29,B,Yes,33E,33.0,E,
777,MID-AFT,33E,29,B,Yes,33F,33.0,F,7667.0
777,MID-AFT,33E,29,B,Yes,33G,33.0,G,5549.0
777,MID-AFT,33E,29,B,Yes,33J,33.0,J,6833.0
777,MID-AFT,33E,29,B,Yes,33K,33.0,K,7570.0
777,MID-AFT,33E,29,B,Yes,33L,33.0,L,9579.0
777,MID-AFT,33E,29,B,Yes,34A,34.0,A,19834.0
777,MID-AFT,33E,29,B,Yes,34C,34.0,C,
777,MID-AFT,33E,29,B,Yes,34D,34.0,D,61306.0
777,MID-AFT,33E,29,B,Yes,34E,34.0,E,32949.0
777,MID-AFT,33E,29,B,Yes,34F,34.0,F,25368.0
777,MID-AFT,33E,29,B,Yes,34G,34.0,G,17618.0
777,MID-AFT,33E,29,B,Yes,34J,34.0,J,9716.0
777,MID-AFT,33E,29,B,Yes,34L,34.0,L,10347.0
777,MID-AFT,33E,29,B,Yes,35A,35.0,A,21510.0
777,MID-AFT,33E,29,B,Yes,35B,35.0,B,19493.0
777,MID-AFT,33E,29,B,Yes,35C,35.0,C,22014.0
777,MID-AFT,33E,29,B,Yes,35D,35.0,D,33013.0
777,MID-AFT,33E,29,B,Yes,35E,35.0,E,27030.0
777,MID-AFT,33E,29,B,Yes,35G,35.0,G,17265.0
777,MID-AFT,33E,29,B,Yes,35J,35.0,J,18478.0
777,MID-AFT,33E,29,B,Yes,35K,35.0,K,13105.0
777,MID-AFT,33E,29,B,Yes,35L,35.0,L,12829.0
777,MID-AFT,33E,30,B,Yes,31A,31.0,A,0.0
777,MID-AFT,33E,30,B,Yes,31B,31.0,B,444.0
777,MID-AFT,33E,30,B,Yes,31C,31.0,C,
777,MID-AFT,33E,30,B,Yes,31E,31.0,E,
777,MID-AFT,33E,30,B,Yes,31F,31.0,F,767.0
777,MID-AFT,33E,30,B,Yes,31J,31.0,J,2034.0
777,MID-AFT,33E,30,B,Yes,31K,31.0,K,
777,MID-AFT,33E,30,B,Yes,31L,31.0,L,2257.0
777,MID-AFT,33E,30,B,Yes,32A,32.0,A,1749.0
777,MID-AFT,33E,30,B,Yes,32C,32.0,C,4880.0
777,MID-AFT,33E,30,B,Yes,32D,32.0,D,2262.0
777,MID-AFT,33E,30,B,Yes,32E,32.0,E,2779.0
777,MID-AFT,33E,30,B,Yes,32F,32.0,F,3216.0
777,MID-AFT,33E,30,B,Yes,32G,32.0,G,2197.0
777,MID-AFT,33E,30,B,Yes,32J,32.0,J,3984.0
777,MID-AFT,33E,30,B,Yes,32L,32.0,L,4938.0
777,MID-AFT,33E,30,B,Yes,33A,33.0,A,12969.0
777,MID-AFT,33E,30,B,Yes,33B,33.0,B,6922.0
777,MID-AFT,33E,30,B,Yes,33C,33.0,C,39572.0
777,MID-AFT,33E,30,B,Yes,33D,33.0,D,6922.0
777,MID-AFT,33E,30,B,Yes,33E,33.0,E,
777,MID-AFT,33E,30,B,Yes,33F,33.0,F,12818.0
777,MID-AFT,33E,30,B,Yes,33G,33.0,G,7828.0
777,MID-AFT,33E,30,B,Yes,33J,33.0,J,10069.0
777,MID-AFT,33E,30,B,Yes,33K,33.0,K,10514.0
777,MID-AFT,33E,30,B,Yes,33L,33.0,L,10949.0
777,MID-AFT,33E,30,B,Yes,34A,34.0,A,37887.0
777,MID-AFT,33E,30,B,Yes,34C,34.0,C,
777,MID-AFT,33E,30,B,Yes,34D,34.0,D,48488.0
777,MID-AFT,33E,30,B,Yes,34E,34.0,E,31907.0
777,MID-AFT,33E,30,B,Yes,34F,34.0,F,28894.0
777,MID-AFT,33E,30,B,Yes,34G,34.0,G,19813.0
777,MID-AFT,33E,30,B,Yes,34J,34.0,J,12324.0
777,MID-AFT,33E,30,B,Yes,34L,34.0,L,11699.0
777,MID-AFT,33E,30,B,Yes,35A,35.0,A,26029.0
777,MID-AFT,33E,30,B,Yes,35B,35.0,B,22624.0
777,MID-AFT,33E,30,B,Yes,35C,35.0,C,24532.0
777,MID-AFT,33E,30,B,Yes,35D,35.0,D,29502.0
777,MID-AFT,33E,30,B,Yes,35E,35.0,E,23654.0
777,MID-AFT,33E,30,B,Yes,35G,35.0,G,18323.0
777,MID-AFT,33E,30,B,Yes,35J,35.0,J,18522.0
777,MID-AFT,33E,30,B,Yes,35K,35.0,K,13593.0
777,MID-AFT,33E,30,B,Yes,35L,35.0,L,12708.0
777,MID-AFT,33K,31,B,No,31A,31.0,A,0.0
777,MID-AFT,33K,31,B,No,31B,31.0,B,343.0
777,MID-AFT,33K,31,B,No,31C,31.0,C,
777,MID-AFT,33K,31,B,No,31E,31.0,E,
777,MID-AFT,33K,31,B,No,31F,31.0,F,1185.0
777,MID-AFT,33K,31,B,No,31J,31.0,J,3281.0
777,MID-AFT,33K,31,B,No,31K,31.0,K,
777,MID-AFT,33K,31,B,No,31L,31.0,L,2444.0
777,MID-AFT,33K,31,B,No,32A,32.0,A,1221.0
777,MID-AFT,33K,31,B,No,32C,32.0,C,4948.0
777,MID-AFT,33K,31,B,No,32D,32.0,D,3546.0
777,MID-AFT,33K,31,B,No,32E,32.0,E,3623.0
777,MID-AFT,33K,31,B,No,32F,32.0,F,6150.0
777,MID-AFT,33K,31,B,No,32G,32.0,G,6136.0
777,MID-AFT,33K,31,B,No,32J,32.0,J,6297.0
777,MID-AFT,33K,31,B,No,32L,32.0,L,6117.0
777,MID-AFT,33K,31,B,No,33A,33.0,A,5648.0
777,MID-AFT,33K,31,B,No,33B,33.0,B,4243.0
777,MID-AFT,33K,31,B,No,33C,33.0,C,7242.0
777,MID-AFT,33K,31,B,No,33D,33.0,D,4243.0
777,MID-AFT,33K,31,B,No,33E,33.0,E,
777,MID-AFT,33K,31,B,No,33F,33.0,F,11615.0
777,MID-AFT,33K,31,B,No,33G,33.0,G,16037.0
777,MID-AFT,33K,31,B,No,33J,33.0,J,16139.0
777,MID-AFT,33K,31,B,No,33K,33.0,K,13017.0
777,MID-AFT,33K,31,B,No,33L,33.0,L,56407.0
777,MID-AFT,33K,31,B,No,34A,34.0,A,8246.0
777,MID-AFT,33K,31,B,No,34C,34.0,C,
777,MID-AFT,33K,31,B,No,34D,34.0,D,10174.0
777,MID-AFT,33K,31,B,No,34E,34.0,E,10458.0
777,MID-AFT,33K,31,B,No,34F,34.0,F,16865.0
777,MID-AFT,33K,31,B,No,34G,34.0,G,19104.0
777,MID-AFT,33K,31,B,No,34J,34.0,J,15629.0
777,MID-AFT,33K,31,B,No,34L,34.0,L,17484.0
777,MID-AFT,33K,31,B,No,35A,35.0,A,7814.0
777,MID-AFT,33K,31,B,No,35B,35.0,B,7792.0
777,MID-AFT,33K,31,B,No,35C,35.0,C,8247.0
777,MID-AFT,33K,31,B,No,35D,35.0,D,9044.0
777,MID-AFT,33K,31,B,No,35E,35.0,E,9792.0
777,MID-AFT,33K,31,B,No,35G,35.0,G,19244.0
777,MID-AFT,33K,31,B,No,35J,35.0,J,20085.0
777,MID-AFT,33K,31,B,No,35K,35.0,K,12372.0
777,MID-AFT,33K,31,B,No,35L,35.0,L,12995.0
777,MID-AFT,33K,32,B,No,31A,31.0,A,0.0
777,MID-AFT,33K,32,B,No,31B,31.0,B,543.0
777,MID-AFT,33K,32,B,No,31C,31.0,C,
777,MID-AFT,33K,32,B,No,31E,31.0,E,
777,MID-AFT,33K,32,B,No,31F,31.0,F,976.0
777,MID-AFT,33K,32,B,No,31J,31.0,J,
777,MID-AFT,33K,32,B,No,31K,31.0,K,
777,MID-AFT,33K,32,B,No,31L,31.0,L,
777,MID-AFT,33K,32,B,No,32A,32.0,A,773.0
777,MID-AFT,33K,32,B,No,32C,32.0,C,4366.0
777,MID-AFT,33K,32,B,No,32D,32.0,D,2890.0
777,MID-AFT,33K,32,B,No,32E,32.0,E,2289.0
777,MID-AFT,33K,32,B,No,32F,32.0,F,
777,MID-AFT,33K,32,B,No,32G,32.0,G,
777,MID-AFT,33K,32,B,No,32J,32.0,J,5431.0
777,MID-AFT,33K,32,B,No,32L,32.0,L,
777,MID-AFT,33K,32,B,No,33A,33.0,A,5229.0
777,MID-AFT,33K,32,B,No,33B,33.0,B,3972.0
777,MID-AFT,33K,32,B,No,33C,33.0,C,8984.0
777,MID-AFT,33K,32,B,No,33D,33.0,D,3972.0
777,MID-AFT,33K,32,B,No,33E,33.0,E,
777,MID-AFT,33K,32,B,No,33F,33.0,F,13054.0
777,MID-AFT,33K,32,B,No,33G,33.0,G,15884.0
777,MID-AFT,33K,32,B,No,33J,33.0,J,8281.0
777,MID-AFT,33K,32,B,No,33K,33.0,K,13946.0
777,MID-AFT,33K,32,B,No,33L,33.0,L,29811.0
777,MID-AFT,33K,32,B,No,34A,34.0,A,11203.0
777,MID-AFT,33K,32,B,No,34C,34.0,C,
777,MID-AFT,33K,32,B,No,34D,34.0,D,9843.0
777,MID-AFT,33K,32,B,No,34E,34.0,E,
777,MID-AFT,33K,32,B,No,34F,34.0,F,
777,MID-AFT,33K,32,B,No,34G,34.0,G,
777,MID-AFT,33K,32,B,No,34J,34.0,J,12986.0
777,MID-AFT,33K,32,B,No,34L,34.0,L,
777,MID-AFT,33K,32,B,No,35A,35.0,A,10949.0
777,MID-AFT,33K,32,B,No,35B,35.0,B,10008.0
777,MID-AFT,33K,32,B,No,35C,35.0,C,11961.0
777,MID-AFT,33K,32,B,No,35D,35.0,D,9995.0
777,MID-AFT,33K,32,B,No,35E,35.0,E,10735.0
777,MID-AFT,33K,32,B,No,35G,35.0,G,22583.0
777,MID-AFT,33K,32,B,No,35J,35.0,J,
777,MID-AFT,33K,32,B,No,35K,35.0,K,13474.0
777,MID-AFT,33K,32,B,No,35L,35.0,L,15051.0
777,MID-AFT,33K,33,B,No,31A,31.0,A,0.0
777,MID-AFT,33K,33,B,No,31B,31.0,B,
777,MID-AFT,33K,33,B,No,31C,31.0,C,
777,MID-AFT,33K,33,B,No,31E,31.0,E,
777,MID-AFT,33K,33,B,No,31F,31.0,F,793.0
777,MID-AFT,33K,33,B,No,31J,31.0,J,
777,MID-AFT,33K,33,B,No,31K,31.0,K,
777,MID-AFT,33K,33,B,No,31L,31.0,L,
777,MID-AFT,33K,33,B,No,32A,32.0,A,
777,MID-AFT,33K,33,B,No,32C,32.0,C,
777,MID-AFT,33K,33,B,No,32D,32.0,D,2074.0
777,MID-AFT,33K,33,B,No,32E,32.0,E,2166.0
777,MID-AFT,33K,33,B,No,32F,32.0,F,
777,MID-AFT,33K,33,B,No,32G,32.0,G,
777,MID-AFT,33K,33,B,No,32J,32.0,J,4609.0
777,MID-AFT,33K,33,B,No,32L,32.0,L,
777,MID-AFT,33K,33,B,No,33A,33.0,A,
777,MID-AFT,33K,33,B,No,33B,33.0,B,
777,MID-AFT,33K,33,B,No,33C,33.0,C,
777,MID-AFT,33K,33,B,No,33D,33.0,D,
777,MID-AFT,33K,33,B,No,33E,33.0,E,
777,MID-AFT,33K,33,B,No,33F,33.0,F,13673.0
777,MID-AFT,33K,33,B,No,33G,33.0,G,16517.0
777,MID-AFT,33K,33,B,No,33J,33.0,J,
777,MID-AFT,33K,33,B,No,33K,33.0,K,6951.0
777,MID-AFT,33K,33,B,No,33L,33.0,L,
777,MID-AFT,33K,33,B,No,34A,34.0,A,
777,MID-AFT,33K,33,B,No,34C,34.0,C,
777,MID-AFT,33K,33,B,No,34D,34.0,D,6450.0
777,MID-AFT,33K,33,B,No,34E,34.0,E,
777,MID-AFT,33K,33,B,No,34F,34.0,F,
777,MID-AFT,33K,33,B,No,34G,34.0,G,
777,MID-AFT,33K,33,B,No,34J,34.0,J,
777,MID-AFT,33K,33,B,No,34L,34.0,L,
777,MID-AFT,33K,33,B,No,35A,35.0,A,
777,MID-AFT,33K,33,B,No,35B,35.0,B,
777,MID-AFT,33K,33,B,No,35C,35.0,C,
777,MID-AFT,33K,33,B,No,35D,35.0,D,
777,MID-AFT,33K,33,B,No,35E,35.0,E,
777,MID-AFT,33K,33,B,No,35G,35.0,G,10818.0
777,MID-AFT,33K,33,B,No,35J,35.0,J,
777,MID-AFT,33K,33,B,No,35K,35.0,K,10634.0
777,MID-AFT,33K,33,B,No,35L,35.0,L,
