isinfected,onset,schoolID,gradeID,classID,sex,classsize,nclasses,hh_loglr,sampleweight
1,80,1,5,2,1,34.0,2.0,-6.285927343341798,1.0
1,82,1,5,2,0,34.0,2.0,-6.269266786844766,1.0
1,84,1,3,1,1,32.0,2.0,-6.093781548838264,1.0
1,84,1,6,1,1,35.0,2.0,-inf,1.0
1,84,1,5,1,1,34.0,2.0,-inf,1.0
1,85,1,5,1,0,34.0,2.0,-6.007601581930663,1.0
1,97,1,3,2,0,32.0,2.0,-4.7251425238087394,1.0
1,111,1,2,2,0,33.5,2.0,-inf,1.0
1,113,1,1,2,1,28.5,2.0,-4.133536917261976,1.0
1,115,1,1,2,1,28.5,2.0,-4.5359608946498575,1.0
1,116,1,1,2,0,28.5,2.0,-inf,1.0
1,116,1,1,2,0,28.5,2.0,-4.54421753977242,1.0
1,117,1,1,2,0,28.5,2.0,-inf,1.0
1,118,1,1,2,0,28.5,2.0,-inf,1.0
1,118,1,1,2,0,28.5,2.0,-6.108547772434589,1.0
1,119,1,4,2,0,28.0,2.0,-inf,1.0
1,119,1,2,1,1,33.5,2.0,-4.608958746777816,1.0
1,126,1,4,2,0,28.0,2.0,-inf,1.0
1,130,1,5,1,1,34.0,2.0,-6.638822130704023,1.0
1,133,1,4,1,1,28.0,2.0,-5.279792306658457,1.0
1,135,1,4,1,1,28.0,2.0,-inf,1.0
1,135,1,4,1,1,28.0,2.0,-inf,1.0
1,136,1,4,1,1,28.0,2.0,-inf,1.0
1,137,1,4,1,0,28.0,2.0,-inf,1.0
1,137,1,4,1,0,28.0,2.0,-inf,1.0
1,138,1,4,1,1,28.0,2.0,-inf,1.0
1,139,1,4,1,0,28.0,2.0,-inf,1.0
1,141,1,4,1,1,28.0,2.0,-inf,1.0
1,144,1,3,2,0,32.0,2.0,-5.92623729909881,1.0
1,148,1,3,2,1,32.0,2.0,-7.851102506023514,1.0
1,77,2,5,4,1,29.2,5.0,-inf,1.0
1,78,2,5,4,1,29.2,5.0,-8.312205601847747,1.0
1,79,2,4,1,1,31.600000000000005,5.0,-inf,1.0
1,79,2,5,1,0,29.2,5.0,-inf,1.0
1,79,2,6,3,1,34.75,4.0,-inf,1.0
1,79,2,2,2,0,33.6,5.0,-6.542688103677112,1.0
1,79,2,5,4,1,29.2,5.0,-5.7280478208087215,1.0
1,79,2,6,3,0,34.75,4.0,-6.542688103677112,1.0
1,80,2,5,4,1,29.2,5.0,-inf,1.0
1,80,2,5,4,0,29.2,5.0,-inf,1.0
1,81,2,5,4,1,29.2,5.0,-6.360809033973596,1.0
1,81,2,6,3,1,34.75,4.0,-8.702016473970453,1.0
1,81,2,6,3,0,34.75,4.0,-inf,1.0
1,82,2,6,3,0,34.75,4.0,-7.647720076395309,1.0
1,82,2,6,4,0,34.75,4.0,-inf,1.0
1,82,2,6,3,0,34.75,4.0,-inf,1.0
1,82,2,4,1,1,31.600000000000005,5.0,-inf,1.0
1,82,2,6,2,0,34.75,4.0,-inf,1.0
1,83,2,4,2,1,31.600000000000005,5.0,-inf,1.0
1,83,2,6,3,0,34.75,4.0,-inf,1.0
1,83,2,5,3,1,29.2,5.0,-inf,1.0
1,84,2,6,2,0,34.75,4.0,-inf,1.0
1,84,2,3,1,1,32.8,5.0,-inf,1.0
1,84,2,3,4,1,32.8,5.0,-inf,1.0
1,84,2,3,4,1,32.8,5.0,-6.096912784371009,1.0
1,84,2,4,4,1,31.600000000000005,5.0,-inf,1.0
1,85,2,2,3,1,33.6,5.0,-5.196704068427766,1.0
1,85,2,6,4,1,34.75,4.0,-inf,1.0
1,86,2,4,4,1,31.600000000000005,5.0,-inf,1.0
1,86,2,2,3,0,33.6,5.0,-inf,1.0
1,86,2,2,3,1,33.6,5.0,-5.6882935001986485,1.0
1,86,2,6,4,1,34.75,4.0,-inf,1.0
1,86,2,4,1,1,31.600000000000005,5.0,-8.239473124968267,1.0
1,86,2,4,4,0,31.600000000000005,5.0,-inf,1.0
1,87,2,1,5,0,31.200000000000003,5.0,-7.512539581388145,1.0
1,87,2,6,1,1,34.75,4.0,-inf,1.0
1,94,2,1,3,0,31.200000000000003,5.0,-4.871319410010185,1.0
1,94,2,3,3,1,32.8,5.0,-inf,1.0
1,95,2,5,1,0,29.2,5.0,-4.847780065679981,1.0
1,96,2,4,4,0,31.600000000000005,5.0,-inf,1.0
1,97,2,6,3,0,34.75,4.0,-inf,1.0
1,98,2,1,3,0,31.200000000000003,5.0,-4.797589142564949,1.0
1,98,2,2,4,1,33.6,5.0,-4.604003621282361,1.0
1,103,2,4,2,1,31.600000000000005,5.0,-4.473632810333098,1.0
1,104,2,1,1,1,31.200000000000003,5.0,-3.833135364950505,1.0
1,104,2,4,5,1,31.600000000000005,5.0,-3.833135364950505,1.0
1,104,2,2,5,0,33.6,5.0,-4.014717740833412,1.0
1,105,2,6,1,1,34.75,4.0,-inf,1.0
1,106,2,1,5,0,31.200000000000003,5.0,-inf,1.0
1,106,2,1,3,1,31.200000000000003,5.0,-inf,1.0
1,107,2,2,2,0,33.6,5.0,-4.445775446215225,1.0
1,109,2,3,5,1,32.8,5.0,-3.9017015260395986,1.0
1,110,2,5,3,1,29.2,5.0,-4.575134383432491,1.0
1,110,2,6,2,1,34.75,4.0,-inf,1.0
1,111,2,4,2,0,31.600000000000005,5.0,-inf,1.0
1,112,2,1,1,0,31.200000000000003,5.0,-4.537627720391358,1.0
1,112,2,3,3,1,32.8,5.0,-4.5523853415088595,1.0
1,113,2,4,1,0,31.600000000000005,5.0,-inf,1.0
1,113,2,6,4,1,34.75,4.0,-inf,1.0
1,114,2,4,1,0,31.600000000000005,5.0,-inf,1.0
1,115,2,3,3,1,32.8,5.0,-inf,1.0
1,115,2,3,3,1,32.8,5.0,-4.5359608946498575,1.0
1,116,2,2,4,1,33.6,5.0,-inf,1.0
1,116,2,2,5,1,33.6,5.0,-inf,1.0
1,117,2,4,1,1,31.600000000000005,5.0,-4.5713234403522,1.0
1,117,2,1,5,1,31.200000000000003,5.0,-inf,1.0
1,118,2,4,1,0,31.600000000000005,5.0,-4.604227387004127,1.0
1,118,2,2,4,1,33.6,5.0,-inf,1.0
1,118,2,1,2,0,31.200000000000003,5.0,-4.573798020965451,1.0
1,119,2,2,1,1,33.6,5.0,-5.627575249432419,1.0
1,119,2,4,5,1,31.600000000000005,5.0,-5.627575249432419,1.0
1,119,2,6,1,1,34.75,4.0,-inf,1.0
1,119,2,4,1,1,31.600000000000005,5.0,-inf,1.0
1,119,2,2,5,1,33.6,5.0,-inf,1.0
1,120,2,1,2,0,31.200000000000003,5.0,-inf,1.0
1,120,2,6,1,0,34.75,4.0,-inf,1.0
1,120,2,6,1,1,34.75,4.0,-5.425460439372197,1.0
1,120,2,4,5,0,31.600000000000005,5.0,-inf,1.0
1,120,2,6,1,1,34.75,4.0,-inf,1.0
1,120,2,6,1,1,34.75,4.0,-inf,1.0
1,120,2,6,1,0,34.75,4.0,-inf,1.0
1,121,2,1,2,1,31.200000000000003,5.0,-inf,1.0
1,121,2,1,2,0,31.200000000000003,5.0,-inf,1.0
1,121,2,6,1,0,34.75,4.0,-inf,1.0
1,121,2,6,1,0,34.75,4.0,-6.253927952359525,1.0
1,121,2,6,1,1,34.75,4.0,-inf,1.0
1,122,2,1,2,0,31.200000000000003,5.0,-inf,1.0
1,122,2,2,5,0,33.6,5.0,-inf,1.0
1,123,2,6,1,1,34.75,4.0,-inf,1.0
1,123,2,6,1,0,34.75,4.0,-inf,1.0
1,123,2,6,1,1,34.75,4.0,-4.710248006208532,1.0
1,123,2,1,2,0,31.200000000000003,5.0,-inf,1.0
1,125,2,4,3,0,31.600000000000005,5.0,-inf,1.0
1,125,2,3,1,0,32.8,5.0,-inf,1.0
1,125,2,1,1,0,31.200000000000003,5.0,-inf,1.0
1,125,2,4,5,1,31.600000000000005,5.0,-inf,1.0
1,125,2,2,1,1,33.6,5.0,-inf,1.0
1,125,2,4,1,1,31.600000000000005,5.0,-4.8069787940675734,1.0
1,126,2,6,4,0,34.75,4.0,-4.855346576343102,1.0
1,126,2,1,2,1,31.200000000000003,5.0,-inf,1.0
1,126,2,3,5,1,32.8,5.0,-6.1844706056262755,1.0
1,126,2,3,2,1,32.8,5.0,-4.855346576343102,1.0
1,129,2,3,2,1,32.8,5.0,-inf,1.0
1,129,2,3,2,0,32.8,5.0,-inf,1.0
1,131,2,3,2,0,32.8,5.0,-inf,1.0
1,133,2,3,2,1,32.8,5.0,-inf,1.0
1,135,2,3,2,1,32.8,5.0,-inf,1.0
1,106,3,2,1,0,5.000000000000001,1.0,-4.292582565747269,1.0
1,111,3,2,1,1,5.000000000000001,1.0,-3.8704646661344655,1.0
1,112,3,5,1,1,7.0,1.0,-3.8612598087287706,1.0
1,113,3,1,1,1,4.000000000000001,1.0,-inf,1.0
1,113,3,2,1,1,5.000000000000001,1.0,-inf,1.0
1,116,3,6,1,1,8.0,1.0,-inf,1.0
1,62,4,2,1,0,25.0,1.0,-8.15109567516965,1.0
1,63,4,2,1,1,25.0,1.0,-inf,1.0
1,84,4,5,1,1,31.000000000000004,1.0,-5.916920236933789,1.0
1,97,4,6,1,1,29.0,1.0,-4.867412943032797,1.0
1,98,4,6,1,1,29.0,1.0,-6.376864945921225,1.0
1,99,4,6,1,1,29.0,1.0,-inf,1.0
1,112,4,2,1,1,25.0,1.0,-3.8612598087287706,1.0
1,110,4,2,1,0,25.0,1.0,-5.876322034841692,1.0
1,110,4,1,1,1,25.0,1.0,-inf,1.0
1,109,4,1,1,0,25.0,1.0,-inf,1.0
1,113,4,1,1,1,25.0,1.0,-inf,1.0
1,112,4,1,1,1,25.0,1.0,-inf,1.0
1,111,4,6,1,0,29.0,1.0,-inf,1.0
1,112,4,6,1,0,29.0,1.0,-4.5523853415088595,1.0
1,112,4,5,1,1,31.000000000000004,1.0,-4.5523853415088595,1.0
1,111,4,1,1,1,25.0,1.0,-inf,1.0
1,113,4,5,1,1,31.000000000000004,1.0,-inf,1.0
1,114,4,1,1,0,25.0,1.0,-5.284321334162541,1.0
1,117,4,3,1,1,27.0,1.0,-inf,1.0
1,119,4,3,1,1,27.0,1.0,-4.618808335583839,1.0
1,117,4,2,1,0,25.0,1.0,-inf,1.0
1,115,4,5,1,0,31.000000000000004,1.0,-5.804873889602239,1.0
1,118,4,5,1,1,31.000000000000004,1.0,-4.598091912186517,1.0
1,115,4,5,1,0,31.000000000000004,1.0,-inf,1.0
1,119,4,4,1,0,30.0,1.0,-4.607784604694179,1.0
1,113,4,5,1,0,31.000000000000004,1.0,-inf,1.0
1,119,4,5,1,0,31.000000000000004,1.0,-4.620862742857492,1.0
1,120,4,6,1,0,29.0,1.0,-inf,1.0
1,118,4,6,1,1,29.0,1.0,-inf,1.0
1,117,4,5,1,0,31.000000000000004,1.0,-inf,1.0
1,116,4,5,1,0,31.000000000000004,1.0,-inf,1.0
1,121,4,6,1,1,29.0,1.0,-4.668473055599553,1.0
1,121,4,3,1,1,27.0,1.0,-inf,1.0
1,113,4,5,1,0,31.000000000000004,1.0,-inf,1.0
1,124,4,6,1,1,29.0,1.0,-inf,1.0
1,146,4,1,1,0,25.0,1.0,-inf,1.0
1,124,4,6,1,1,29.0,1.0,-inf,1.0
1,124,4,3,1,1,27.0,1.0,-4.773930328565971,1.0
1,124,4,3,1,0,27.0,1.0,-6.079319886550385,1.0
1,119,4,3,1,1,27.0,1.0,-inf,1.0
1,125,4,4,1,1,30.0,1.0,-4.131194550455488,1.0
1,124,4,3,1,0,27.0,1.0,-5.85656473460966,1.0
1,125,4,3,1,0,27.0,1.0,-inf,1.0
1,123,4,3,1,1,27.0,1.0,-6.061250115654149,1.0
1,127,4,4,1,1,30.0,1.0,-4.0543549974161905,1.0
1,122,4,3,1,1,27.0,1.0,-inf,1.0
1,127,4,6,1,0,29.0,1.0,-4.925311861204534,1.0
1,121,4,3,1,1,27.0,1.0,-4.656248650880888,1.0
1,124,4,3,1,1,27.0,1.0,-5.694690483210408,1.0
1,128,4,4,1,1,30.0,1.0,-inf,1.0
1,123,4,6,1,1,29.0,1.0,-4.752232591546482,1.0
1,128,4,6,1,0,29.0,1.0,-inf,1.0
1,124,4,6,1,1,29.0,1.0,-4.764451801181315,1.0
1,139,4,2,1,0,25.0,1.0,-5.50455366332284,1.0
1,142,4,2,1,1,25.0,1.0,-5.990965868908785,1.0
1,144,4,2,1,1,25.0,1.0,-6.160344929094392,1.0
1,102,5,6,1,1,6.0,0.5,-4.433565482480228,1.0
1,109,5,3,1,1,6.0,0.5,-4.592913159241522,1.0
1,116,5,2,1,1,6.0,0.5,-inf,1.0
1,122,5,5,1,0,4.000000000000001,0.5,-4.4406876291163435,1.0
1,110,5,1,1,0,4.000000000000001,0.5,-3.741183811254097,1.0
1,121,5,2,1,1,6.0,0.5,-inf,1.0
1,130,5,1,1,1,4.000000000000001,0.5,-inf,1.0
1,141,6,3,1,1,24.0,2.0,-inf,1.0
1,114,6,3,1,1,24.0,2.0,-6.165551197528407,1.0
1,109,6,3,1,1,24.0,2.0,-5.362954498761184,1.0
1,118,6,3,1,1,24.0,2.0,-inf,1.0
1,129,6,3,2,1,24.0,2.0,-5.036363281869566,1.0
1,100,6,3,2,1,24.0,2.0,-inf,1.0
1,101,6,1,1,1,24.666666666666668,3.0,-4.196067737204524,1.0
1,106,6,4,2,0,25.333333333333332,3.0,-inf,1.0
1,104,6,6,2,0,35.0,2.0,-inf,1.0
1,105,6,1,3,0,24.666666666666668,3.0,-4.692554992919481,1.0
1,104,6,3,2,1,24.0,2.0,-inf,1.0
1,102,6,3,2,1,24.0,2.0,-inf,1.0
1,102,6,3,2,0,24.0,2.0,-inf,1.0
1,104,6,3,2,1,24.0,2.0,-4.479284999371186,1.0
1,103,6,6,2,0,35.0,2.0,-6.094445834963474,1.0
1,102,6,2,2,0,36.0,2.0,-4.830001686760083,1.0
1,105,6,2,2,1,36.0,2.0,-inf,1.0
1,104,6,3,2,1,24.0,2.0,-6.035204582524694,1.0
1,109,6,6,2,0,35.0,2.0,-5.872944856715986,1.0
1,107,6,2,2,0,36.0,2.0,-4.633924889554612,1.0
1,107,6,6,2,1,35.0,2.0,-6.244875821747556,1.0
1,107,6,6,2,1,35.0,2.0,-4.633924889554612,1.0
1,107,6,6,2,0,35.0,2.0,-inf,1.0
1,107,6,2,2,1,36.0,2.0,-inf,1.0
1,107,6,6,1,0,35.0,2.0,-inf,1.0
1,103,6,6,1,0,35.0,2.0,-6.141701764508318,1.0
1,105,6,6,2,0,35.0,2.0,-inf,1.0
1,108,6,6,2,1,35.0,2.0,-inf,1.0
1,106,6,3,2,1,24.0,2.0,-inf,1.0
1,103,6,6,2,0,35.0,2.0,-inf,1.0
1,109,6,4,3,1,25.333333333333332,3.0,-inf,1.0
1,108,6,4,3,1,25.333333333333332,3.0,-4.356708114290283,1.0
1,112,6,4,3,0,25.333333333333332,3.0,-3.8612598087287706,1.0
1,112,6,4,2,1,25.333333333333332,3.0,-4.537627720391358,1.0
1,111,6,4,2,0,25.333333333333332,3.0,-inf,1.0
1,111,6,4,2,1,25.333333333333332,3.0,-inf,1.0
1,109,6,4,2,0,25.333333333333332,3.0,-inf,1.0
1,109,6,4,2,1,25.333333333333332,3.0,-inf,1.0
1,109,6,4,1,0,25.333333333333332,3.0,-inf,1.0
1,109,6,4,1,0,25.333333333333332,3.0,-inf,1.0
1,110,6,4,1,1,25.333333333333332,3.0,-inf,1.0
1,111,6,4,1,1,25.333333333333332,3.0,-inf,1.0
1,105,6,4,1,0,25.333333333333332,3.0,-inf,1.0
1,107,6,4,1,1,25.333333333333332,3.0,-inf,1.0
1,111,6,4,1,1,25.333333333333332,3.0,-inf,1.0
1,107,6,4,1,0,25.333333333333332,3.0,-inf,1.0
1,108,6,4,1,1,25.333333333333332,3.0,-inf,1.0
1,110,6,4,3,0,25.333333333333332,3.0,-6.251158800621054,1.0
1,111,6,6,1,0,35.0,2.0,-4.561610150538866,1.0
1,109,6,4,1,1,25.333333333333332,3.0,-4.500050983870484,1.0
1,111,6,4,1,1,25.333333333333332,3.0,-inf,1.0
1,109,6,4,1,1,25.333333333333332,3.0,-inf,1.0
1,113,6,4,1,1,25.333333333333332,3.0,-inf,1.0
1,114,6,1,3,0,24.666666666666668,3.0,-4.532103879606418,1.0
1,115,6,1,2,0,24.666666666666668,3.0,-inf,1.0
1,110,6,4,2,1,25.333333333333332,3.0,-4.560711099633994,1.0
1,115,6,4,2,1,25.333333333333332,3.0,-inf,1.0
1,119,6,4,3,1,25.333333333333332,3.0,-inf,1.0
1,116,6,5,2,0,35.0,2.0,-inf,1.0
1,119,6,6,2,0,35.0,2.0,-inf,1.0
1,118,6,1,2,1,24.666666666666668,3.0,-5.845647047452163,1.0
1,114,6,4,2,0,25.333333333333332,3.0,-inf,1.0
1,134,6,6,1,0,35.0,2.0,-inf,1.0
1,116,6,5,2,1,35.0,2.0,-inf,1.0
1,115,6,5,2,0,35.0,2.0,-5.289092018752544,1.0
1,114,6,6,1,1,35.0,2.0,-4.274882431934133,1.0
1,121,6,5,2,1,35.0,2.0,-5.949063170067867,1.0
1,104,6,4,3,1,25.333333333333332,3.0,-5.523875119493125,1.0
1,123,6,1,2,0,24.666666666666668,3.0,-inf,1.0
1,128,6,1,3,1,24.666666666666668,3.0,-4.962039851663443,1.0
1,129,6,1,3,1,24.666666666666668,3.0,-5.0292012615296295,1.0
1,129,6,6,2,0,35.0,2.0,-6.412032768400088,1.0
1,133,6,2,2,1,36.0,2.0,-4.91053405642558,1.0
1,132,6,6,2,1,35.0,2.0,-inf,1.0
1,130,6,1,1,0,24.666666666666668,3.0,-5.08960553623997,1.0
1,133,6,1,1,0,24.666666666666668,3.0,-6.638529098475951,1.0
1,132,6,1,1,1,24.666666666666668,3.0,-inf,1.0
1,132,6,1,1,1,24.666666666666668,3.0,-inf,1.0
1,134,6,6,1,0,35.0,2.0,-5.357438316654376,1.0
1,132,6,6,1,0,35.0,2.0,-5.217939145067699,1.0
1,133,6,6,1,0,35.0,2.0,-inf,1.0
1,136,6,1,1,1,24.666666666666668,3.0,-inf,1.0
1,135,6,2,2,1,36.0,2.0,-inf,1.0
1,134,6,2,2,1,36.0,2.0,-inf,1.0
1,132,6,1,1,1,24.666666666666668,3.0,-inf,1.0
1,106,6,4,3,0,25.333333333333332,3.0,-inf,1.0
1,109,7,2,1,1,31.000000000000004,3.0,-4.578745846738343,1.0
1,118,7,5,1,1,29.75,4.0,-inf,1.0
1,120,7,6,1,0,28.25,4.0,-inf,1.0
1,116,7,6,4,1,28.25,4.0,-inf,1.0
1,116,7,6,1,1,28.25,4.0,-3.8677393383359355,1.0
1,97,7,4,4,0,28.5,4.0,-4.202113568655875,1.0
1,97,7,6,3,0,28.25,4.0,-4.7251425238087394,1.0
1,100,7,6,3,1,28.25,4.0,-6.583805756493704,1.0
1,83,7,1,3,1,28.0,4.0,-6.8099981955742335,1.0
1,98,7,1,1,0,28.0,4.0,-6.35524973066283,1.0
1,87,7,5,3,0,29.75,4.0,-5.838829964810262,1.0
1,84,7,5,1,1,29.75,4.0,-7.442329977134588,1.0
1,99,7,1,2,0,28.0,4.0,-inf,1.0
1,99,7,6,4,0,28.25,4.0,-4.203134355270537,1.0
1,99,7,6,1,0,28.25,4.0,-4.7301809850135115,1.0
1,101,7,4,1,1,28.5,4.0,-4.492697898282032,1.0
1,100,7,1,4,1,28.0,4.0,-inf,1.0
1,101,7,2,3,1,31.000000000000004,3.0,-4.8680718769468765,1.0
1,101,7,1,4,0,28.0,4.0,-inf,1.0
1,103,7,4,4,1,28.5,4.0,-inf,1.0
1,105,7,6,3,0,28.25,4.0,-inf,1.0
1,104,7,6,2,0,28.25,4.0,-6.013792159234249,1.0
1,103,7,4,3,0,28.5,4.0,-inf,1.0
1,101,7,4,3,1,28.5,4.0,-inf,1.0
1,104,7,4,3,1,28.5,4.0,-inf,1.0
1,104,7,4,3,0,28.5,4.0,-6.429263031406609,1.0
1,100,7,3,3,1,27.75,4.0,-4.681565968669536,1.0
1,106,7,4,3,0,28.5,4.0,-inf,1.0
1,104,7,4,3,1,28.5,4.0,-inf,1.0
1,106,7,4,3,0,28.5,4.0,-4.47666697799632,1.0
1,106,7,2,2,1,31.000000000000004,3.0,-3.9797584984383763,1.0
1,104,7,4,3,0,28.5,4.0,-inf,1.0
1,106,7,4,4,1,28.5,4.0,-3.9797584984383763,1.0
1,108,7,6,3,1,28.25,4.0,-inf,1.0
1,109,7,6,3,1,28.25,4.0,-inf,1.0
1,109,7,4,1,0,28.5,4.0,-4.396451734858464,1.0
1,112,7,4,2,1,28.5,4.0,-inf,1.0
1,113,7,3,1,1,27.75,4.0,-3.4598699307576766,1.0
1,112,7,4,1,0,28.5,4.0,-inf,1.0
1,111,7,2,2,1,31.000000000000004,3.0,-4.561610150538866,1.0
1,110,7,1,1,0,28.0,4.0,-inf,1.0
1,109,7,1,1,0,28.0,4.0,-inf,1.0
1,110,7,1,1,0,28.0,4.0,-5.853606305407545,1.0
1,111,7,1,1,0,28.0,4.0,-inf,1.0
1,111,7,1,1,1,28.0,4.0,-4.290224304988307,1.0
1,111,7,1,1,1,28.0,4.0,-inf,1.0
1,84,7,3,3,1,27.75,4.0,-inf,1.0
1,112,7,3,3,0,27.75,4.0,-4.354820922061069,1.0
1,112,7,6,4,0,28.25,4.0,-4.354820922061069,1.0
1,114,7,6,4,0,28.25,4.0,-inf,1.0
1,114,7,6,3,1,28.25,4.0,-inf,1.0
1,113,7,4,4,1,28.5,4.0,-4.532660144964977,1.0
1,114,7,3,2,0,27.75,4.0,-inf,1.0
1,87,7,5,3,0,29.75,4.0,-inf,1.0
1,98,7,6,1,1,28.25,4.0,-inf,1.0
1,85,7,5,4,1,29.75,4.0,-5.6350209812422705,1.0
1,104,7,6,4,0,28.25,4.0,-inf,1.0
1,113,7,1,1,1,28.0,4.0,-inf,1.0
1,115,7,6,2,1,28.25,4.0,-6.225143338721587,1.0
1,115,7,6,4,0,28.25,4.0,-inf,1.0
1,117,7,6,4,1,28.25,4.0,-4.556844684761684,1.0
1,118,7,6,2,1,28.25,4.0,-4.573798020965451,1.0
1,119,7,2,1,1,31.000000000000004,3.0,-6.231895457375034,1.0
1,118,7,4,2,0,28.5,4.0,-inf,1.0
1,117,7,1,3,1,28.0,4.0,-4.300378508960046,1.0
1,117,7,1,3,1,28.0,4.0,-inf,1.0
1,118,7,1,2,0,28.0,4.0,-inf,1.0
1,117,7,3,3,0,27.75,4.0,-inf,1.0
1,117,7,3,3,0,27.75,4.0,-inf,1.0
1,120,7,3,3,0,27.75,4.0,-4.365821795275017,1.0
1,117,7,3,2,1,27.75,4.0,-inf,1.0
1,121,7,1,3,1,28.0,4.0,-inf,1.0
1,122,7,6,4,0,28.25,4.0,-inf,1.0
1,123,7,3,3,1,27.75,4.0,-3.90253890345641,1.0
1,127,7,4,2,0,28.5,4.0,-4.728198631373253,1.0
1,129,7,4,2,1,28.5,4.0,-inf,1.0
1,132,7,4,4,0,28.5,4.0,-5.94506189769559,1.0
1,131,7,4,2,0,28.5,4.0,-inf,1.0
1,135,7,5,4,0,29.75,4.0,-6.991890545768037,1.0
1,137,7,5,4,1,29.75,4.0,-6.914901924534236,1.0
1,139,7,5,3,1,29.75,4.0,-5.740006971152981,1.0
1,138,7,5,4,0,29.75,4.0,-inf,1.0
1,140,7,5,3,1,29.75,4.0,-inf,1.0
1,138,7,3,4,0,27.75,4.0,-inf,1.0
1,140,7,3,4,0,27.75,4.0,-inf,1.0
1,136,7,3,4,1,27.75,4.0,-5.504547921666647,1.0
1,136,7,3,4,0,27.75,4.0,-inf,1.0
1,138,7,3,4,1,27.75,4.0,-inf,1.0
1,141,7,1,1,0,28.0,4.0,-inf,1.0
1,139,7,1,1,1,28.0,4.0,-7.4606373141349565,1.0
1,121,7,6,4,0,28.25,4.0,-inf,1.0
1,143,7,5,3,1,29.75,4.0,-inf,1.0
1,145,7,2,2,1,31.000000000000004,3.0,-6.249631504654238,1.0
1,145,7,4,1,0,28.5,4.0,-5.47026817518375,1.0
1,132,7,3,4,0,27.75,4.0,-4.828935326063181,1.0
1,147,7,1,2,1,28.0,4.0,-6.427874774852639,1.0
1,146,7,3,4,1,27.75,4.0,-inf,1.0
1,148,7,4,1,1,28.5,4.0,-8.197057424870563,1.0
1,99,8,6,5,1,30.0,5.0,-inf,1.0
1,98,8,6,5,1,30.0,5.0,-inf,1.0
1,98,8,2,2,0,31.75,4.0,-inf,1.0
1,96,8,1,2,0,32.0,4.0,-6.4864973146502445,1.0
1,97,8,5,3,0,33.5,4.0,-inf,1.0
1,95,8,6,4,1,30.0,5.0,-5.224245305261175,1.0
1,94,8,3,4,1,31.75,4.0,-5.293869527577748,1.0
1,97,8,1,3,0,32.0,4.0,-5.092378570625748,1.0
1,96,8,1,3,0,32.0,4.0,-4.85904689969252,1.0
1,98,8,1,1,0,32.0,4.0,-inf,1.0
1,98,8,2,4,1,31.75,4.0,-7.796936052099843,1.0
1,97,8,2,2,1,31.75,4.0,-5.105269828703426,1.0
1,97,8,5,4,0,33.5,4.0,-4.7251425238087394,1.0
1,78,8,5,3,0,33.5,4.0,-inf,1.0
1,61,8,4,2,0,31.250000000000004,4.0,-7.882547291335437,1.0
1,85,8,4,1,1,31.250000000000004,4.0,-6.007601581930663,1.0
1,83,8,5,1,1,33.5,4.0,-inf,1.0
1,99,8,1,2,1,32.0,4.0,-inf,1.0
1,98,8,1,3,1,32.0,4.0,-5.035154053254235,1.0
1,96,8,4,3,1,31.250000000000004,4.0,-5.161182082832064,1.0
1,85,8,3,3,0,31.75,4.0,-6.011014156071246,1.0
1,105,8,1,2,0,32.0,4.0,-4.692554992919481,1.0
1,105,8,3,4,0,31.75,4.0,-inf,1.0
1,106,8,4,4,0,31.250000000000004,4.0,-4.404460557214148,1.0
1,106,8,6,1,0,30.0,5.0,-4.413496905268088,1.0
1,107,8,1,3,0,32.0,4.0,-inf,1.0
1,116,8,6,4,1,30.0,5.0,-inf,1.0
1,108,8,3,4,0,31.75,4.0,-inf,1.0
1,110,8,4,4,1,31.250000000000004,4.0,-4.575134383432491,1.0
1,112,8,6,2,1,30.0,5.0,-3.8612598087287706,1.0
1,110,8,4,3,1,31.250000000000004,4.0,-4.567590023891352,1.0
1,113,8,6,4,0,30.0,5.0,-3.712912151964045,1.0
1,112,8,4,3,0,31.250000000000004,4.0,-inf,1.0
1,111,8,6,4,1,30.0,5.0,-4.290224304988307,1.0
1,111,8,4,4,0,31.250000000000004,4.0,-inf,1.0
1,110,8,4,4,0,31.250000000000004,4.0,-4.567590023891352,1.0
1,111,8,4,4,0,31.250000000000004,4.0,-inf,1.0
1,111,8,3,1,0,31.75,4.0,-inf,1.0
1,112,8,5,4,0,33.5,4.0,-inf,1.0
1,111,8,4,3,1,31.250000000000004,4.0,-inf,1.0
1,111,8,4,3,1,31.250000000000004,4.0,-inf,1.0
1,108,8,4,4,1,31.250000000000004,4.0,-5.896806274951331,1.0
1,109,8,4,4,0,31.250000000000004,4.0,-inf,1.0
1,111,8,4,4,0,31.250000000000004,4.0,-4.561610150538866,1.0
1,110,8,4,4,1,31.250000000000004,4.0,-inf,1.0
1,110,8,4,4,0,31.250000000000004,4.0,-inf,1.0
1,109,8,4,4,0,31.250000000000004,4.0,-inf,1.0
1,111,8,4,4,1,31.250000000000004,4.0,-inf,1.0
1,108,8,4,4,0,31.250000000000004,4.0,-inf,1.0
1,108,8,4,4,0,31.250000000000004,4.0,-inf,1.0
1,110,8,4,4,1,31.250000000000004,4.0,-inf,1.0
1,110,8,4,4,1,31.250000000000004,4.0,-4.560711099633994,1.0
1,109,8,4,4,0,31.250000000000004,4.0,-inf,1.0
1,108,8,4,4,1,31.250000000000004,4.0,-inf,1.0
1,110,8,4,4,1,31.250000000000004,4.0,-4.107467535059515,1.0
1,114,8,6,3,1,30.0,5.0,-4.532103879606418,1.0
1,112,8,6,3,1,30.0,5.0,-inf,1.0
1,112,8,4,4,1,31.250000000000004,4.0,-4.288943849462665,1.0
1,113,8,6,1,1,30.0,5.0,-4.539734070910852,1.0
1,111,8,5,2,1,33.5,4.0,-inf,1.0
1,111,8,3,4,0,31.75,4.0,-inf,1.0
1,115,8,1,2,0,32.0,4.0,-inf,1.0
1,113,8,4,1,0,31.250000000000004,4.0,-inf,1.0
1,114,8,4,1,0,31.250000000000004,4.0,-inf,1.0
1,113,8,4,1,1,31.250000000000004,4.0,-inf,1.0
1,113,8,4,1,0,31.250000000000004,4.0,-4.532660144964977,1.0
1,114,8,4,1,1,31.250000000000004,4.0,-5.850441380857394,1.0
1,113,8,4,1,1,31.250000000000004,4.0,-inf,1.0
1,114,8,6,1,1,30.0,5.0,-4.369385874504561,1.0
1,116,8,6,1,1,30.0,5.0,-inf,1.0
1,114,8,1,4,0,32.0,4.0,-4.539181727730224,1.0
1,112,8,4,4,0,31.250000000000004,4.0,-4.374911693646625,1.0
1,113,8,5,2,0,33.5,4.0,-inf,1.0
1,115,8,4,1,0,31.250000000000004,4.0,-inf,1.0
1,116,8,3,2,1,31.75,4.0,-inf,1.0
1,115,8,1,2,0,32.0,4.0,-inf,1.0
1,114,8,4,1,0,31.250000000000004,4.0,-inf,1.0
1,110,8,4,4,0,31.250000000000004,4.0,-5.869013611456175,1.0
1,113,8,4,2,1,31.250000000000004,4.0,-4.5474907157793245,1.0
1,112,8,6,5,1,30.0,5.0,-4.5523853415088595,1.0
1,115,8,1,4,0,32.0,4.0,-inf,1.0
1,116,8,1,2,0,32.0,4.0,-inf,1.0
1,116,8,1,2,0,32.0,4.0,-inf,1.0
1,117,8,5,4,1,33.5,4.0,-inf,1.0
1,118,8,1,2,0,32.0,4.0,-inf,1.0
1,118,8,1,2,0,32.0,4.0,-inf,1.0
1,116,8,1,2,1,32.0,4.0,-inf,1.0
1,118,8,1,4,1,32.0,4.0,-inf,1.0
1,117,8,1,3,1,32.0,4.0,-5.8273929854730575,1.0
1,119,8,5,4,1,33.5,4.0,-4.608958746777816,1.0
1,118,8,5,4,1,33.5,4.0,-4.391443344135755,1.0
1,119,8,4,1,1,31.250000000000004,4.0,-5.912934807610755,1.0
1,117,8,4,1,1,31.250000000000004,4.0,-4.394135433794535,1.0
1,115,8,4,1,1,31.250000000000004,4.0,-inf,1.0
1,118,8,4,1,0,31.250000000000004,4.0,-inf,1.0
1,119,8,3,3,1,31.75,4.0,-6.1309990642095205,1.0
1,119,8,6,4,1,30.0,5.0,-inf,1.0
1,117,8,1,1,1,32.0,4.0,-4.570104239541829,1.0
1,118,8,1,1,0,32.0,4.0,-inf,1.0
1,115,8,4,3,1,31.250000000000004,4.0,-6.169625083617576,1.0
1,119,8,2,3,0,31.75,4.0,-4.595018522289602,1.0
1,112,8,6,4,1,30.0,5.0,-4.280576580117121,1.0
1,115,8,6,5,1,30.0,5.0,-inf,1.0
1,116,8,6,5,1,30.0,5.0,-6.077204799539693,1.0
1,118,8,6,5,0,30.0,5.0,-inf,1.0
1,117,8,6,5,0,30.0,5.0,-5.849457072521987,1.0
1,118,8,6,5,1,30.0,5.0,-4.328943142913801,1.0
1,118,8,6,5,1,30.0,5.0,-inf,1.0
1,118,8,2,2,0,31.75,4.0,-inf,1.0
1,117,8,2,2,0,31.75,4.0,-4.549234406408402,1.0
1,121,8,6,4,0,30.0,5.0,-inf,1.0
1,121,8,3,1,1,31.75,4.0,-inf,1.0
1,121,8,3,2,1,31.75,4.0,-inf,1.0
1,116,8,5,4,1,33.5,4.0,-4.536510182434983,1.0
1,116,8,4,1,0,31.250000000000004,4.0,-inf,1.0
1,122,8,4,2,1,31.250000000000004,4.0,-inf,1.0
1,122,8,4,2,0,31.250000000000004,4.0,-4.4406876291163435,1.0
1,122,8,1,1,1,32.0,4.0,-5.963201937879223,1.0
1,121,8,3,2,0,31.75,4.0,-inf,1.0
1,122,8,3,2,1,31.75,4.0,-6.9742828929951255,1.0
1,122,8,3,2,0,31.75,4.0,-inf,1.0
1,121,8,3,2,1,31.75,4.0,-inf,1.0
1,120,8,3,2,0,31.75,4.0,-inf,1.0
1,120,8,3,2,0,31.75,4.0,-inf,1.0
1,123,8,3,2,0,31.75,4.0,-inf,1.0
1,122,8,6,5,0,30.0,5.0,-4.683486032217667,1.0
1,113,8,6,5,1,30.0,5.0,-6.064943618736287,1.0
1,123,8,1,3,1,32.0,4.0,-inf,1.0
1,122,8,3,2,1,31.75,4.0,-inf,1.0
1,123,8,2,4,1,31.75,4.0,-inf,1.0
1,123,8,3,3,0,31.75,4.0,-inf,1.0
1,123,8,3,3,0,31.75,4.0,-inf,1.0
1,124,8,3,2,1,31.75,4.0,-inf,1.0
1,126,8,4,3,1,31.250000000000004,4.0,-6.504234969725381,1.0
1,123,8,5,3,0,33.5,4.0,-4.7437369614751415,1.0
1,125,8,3,1,0,31.75,4.0,-4.126646979115944,1.0
1,125,8,1,1,1,32.0,4.0,-6.094516165685778,1.0
1,125,8,2,3,1,31.75,4.0,-inf,1.0
1,125,8,2,3,0,31.75,4.0,-4.416189531166662,1.0
1,122,8,2,3,1,31.75,4.0,-4.520817575975443,1.0
1,127,8,2,3,1,31.75,4.0,-6.612193436041368,1.0
1,123,8,2,3,0,31.75,4.0,-inf,1.0
1,123,8,2,3,1,31.75,4.0,-4.468998263823316,1.0
1,125,8,2,3,0,31.75,4.0,-4.126646979115944,1.0
1,123,8,2,3,1,31.75,4.0,-4.342654375065418,1.0
1,127,8,2,3,1,31.75,4.0,-4.917305268546337,1.0
1,125,8,4,2,1,31.250000000000004,4.0,-inf,1.0
1,125,8,6,4,0,30.0,5.0,-4.5571579910434465,1.0
1,125,8,3,2,1,31.75,4.0,-inf,1.0
1,126,8,3,2,0,31.75,4.0,-inf,1.0
1,124,8,3,2,1,31.75,4.0,-inf,1.0
1,120,8,3,2,1,31.75,4.0,-inf,1.0
1,122,8,2,2,1,31.75,4.0,-inf,1.0
1,127,8,2,3,1,31.75,4.0,-inf,1.0
1,127,8,2,3,1,31.75,4.0,-4.659478653578351,1.0
1,127,8,2,3,1,31.75,4.0,-inf,1.0
1,126,8,5,3,1,33.5,4.0,-inf,1.0
1,127,8,3,2,0,31.75,4.0,-inf,1.0
1,128,8,6,5,0,30.0,5.0,-5.685884849366456,1.0
1,130,8,2,3,1,31.75,4.0,-5.889409374779425,1.0
1,128,8,2,3,1,31.75,4.0,-4.966650041258858,1.0
1,128,8,2,3,0,31.75,4.0,-inf,1.0
1,128,8,4,3,1,31.250000000000004,4.0,-inf,1.0
1,131,8,6,1,1,30.0,5.0,-4.901544146014961,1.0
1,132,8,3,1,0,31.75,4.0,-inf,1.0
1,130,8,1,4,0,32.0,4.0,-inf,1.0
1,129,8,1,4,0,32.0,4.0,-inf,1.0
1,130,8,1,4,0,32.0,4.0,-4.307286654198675,1.0
1,133,8,1,4,1,32.0,4.0,-inf,1.0
1,131,8,1,4,1,32.0,4.0,-inf,1.0
1,131,8,1,4,1,32.0,4.0,-inf,1.0
1,133,8,5,1,0,33.5,4.0,-inf,1.0
1,133,8,3,3,1,31.75,4.0,-5.279792306658457,1.0
1,132,8,1,4,1,32.0,4.0,-5.211023981352925,1.0
1,129,8,1,4,1,32.0,4.0,-inf,1.0
1,128,8,1,4,0,32.0,4.0,-inf,1.0
1,139,8,1,4,1,32.0,4.0,-6.589641017433361,1.0
1,136,8,3,3,1,31.75,4.0,-inf,1.0
1,137,8,3,3,1,31.75,4.0,-inf,1.0
1,135,8,3,3,0,31.75,4.0,-inf,1.0
1,136,8,3,3,1,31.75,4.0,-5.496402023902141,1.0
1,136,8,3,3,0,31.75,4.0,-inf,1.0
1,136,8,3,3,0,31.75,4.0,-inf,1.0
1,142,8,5,4,1,33.5,4.0,-5.989551563437531,1.0
1,143,8,5,3,0,33.5,4.0,-inf,1.0
1,147,8,4,2,0,31.250000000000004,4.0,-inf,1.0
1,149,8,4,3,0,31.250000000000004,4.0,-inf,1.0
1,67,9,3,1,0,30.399999999999995,5.0,-inf,1.0
1,67,9,5,3,0,32.75,4.0,-inf,1.0
1,69,9,5,2,1,32.75,4.0,-inf,1.0
1,84,9,2,4,0,32.0,5.0,-inf,1.0
1,95,9,2,1,1,32.0,5.0,-4.789819155522333,1.0
1,98,9,6,1,1,30.0,5.0,-5.841834999080383,1.0
1,98,9,4,2,0,29.0,5.0,-4.857321399846927,1.0
1,97,9,2,5,0,32.0,5.0,-inf,1.0
1,100,9,3,3,1,30.399999999999995,5.0,-inf,1.0
1,101,9,5,1,1,32.75,4.0,-inf,1.0
1,102,9,2,4,1,32.0,5.0,-4.590397449112538,1.0
1,104,9,2,5,1,32.0,5.0,-inf,1.0
1,105,9,1,1,0,30.399999999999995,5.0,-inf,1.0
1,104,9,1,1,0,30.399999999999995,5.0,-inf,1.0
1,104,9,3,5,1,30.399999999999995,5.0,-inf,1.0
1,105,9,1,2,1,30.399999999999995,5.0,-inf,1.0
1,105,9,4,4,1,29.0,5.0,-6.334319568276639,1.0
1,105,9,5,2,0,32.75,4.0,-4.439905497585995,1.0
1,106,9,3,5,1,30.399999999999995,5.0,-4.404460557214148,1.0
1,107,9,4,1,0,29.0,5.0,-5.332692232504025,1.0
1,108,9,5,3,0,32.75,4.0,-3.9354435240833223,1.0
1,108,9,3,4,1,30.399999999999995,5.0,-inf,1.0
1,108,9,4,1,0,29.0,5.0,-inf,1.0
1,108,9,3,4,1,30.399999999999995,5.0,-4.614887875187916,1.0
1,108,9,3,5,0,30.399999999999995,5.0,-4.614887875187916,1.0
1,108,9,3,5,0,30.399999999999995,5.0,-5.874920009848315,1.0
1,108,9,3,5,1,30.399999999999995,5.0,-5.896806274951331,1.0
1,108,9,3,5,1,30.399999999999995,5.0,-inf,1.0
1,108,9,3,5,0,30.399999999999995,5.0,-inf,1.0
1,108,9,3,5,0,30.399999999999995,5.0,-inf,1.0
1,108,9,2,1,1,32.0,5.0,-inf,1.0
1,109,9,5,4,0,32.75,4.0,-4.592913159241522,1.0
1,108,9,3,5,0,30.399999999999995,5.0,-inf,1.0
1,109,9,3,5,1,30.399999999999995,5.0,-inf,1.0
1,109,9,3,5,1,30.399999999999995,5.0,-inf,1.0
1,110,9,6,3,1,30.0,5.0,-inf,1.0
1,110,9,2,5,0,32.0,5.0,-4.560711099633994,1.0
1,110,9,2,5,1,32.0,5.0,-inf,1.0
1,110,9,4,4,1,29.0,5.0,-inf,1.0
1,110,9,2,2,1,32.0,5.0,-inf,1.0
1,110,9,3,2,1,30.399999999999995,5.0,-inf,1.0
1,110,9,3,5,1,30.399999999999995,5.0,-4.580940190791971,1.0
1,110,9,4,1,1,29.0,5.0,-inf,1.0
1,110,9,3,3,1,30.399999999999995,5.0,-inf,1.0
1,110,9,1,1,0,30.399999999999995,5.0,-4.575134383432491,1.0
1,110,9,2,1,1,32.0,5.0,-5.261333785988312,1.0
1,111,9,2,1,1,32.0,5.0,-inf,1.0
1,111,9,2,2,0,32.0,5.0,-4.539303091373975,1.0
1,111,9,6,5,0,30.0,5.0,-inf,1.0
1,111,9,2,1,1,32.0,5.0,-5.850605734788356,1.0
1,111,9,2,1,1,32.0,5.0,-inf,1.0
1,111,9,4,3,0,29.0,5.0,-inf,1.0
1,111,9,3,2,0,30.399999999999995,5.0,-4.364300850094452,1.0
1,111,9,3,5,0,30.399999999999995,5.0,-inf,1.0
1,111,9,3,4,0,30.399999999999995,5.0,-4.578232430683045,1.0
1,111,9,5,1,1,32.75,4.0,-6.181268457745291,1.0
1,111,9,2,2,0,32.0,5.0,-6.181268457745291,1.0
1,111,9,2,2,0,32.0,5.0,-4.54698903519292,1.0
1,111,9,2,5,1,32.0,5.0,-inf,1.0
1,112,9,1,3,0,30.399999999999995,5.0,-4.537627720391358,1.0
1,112,9,6,2,1,30.0,5.0,-4.297428086394477,1.0
1,112,9,6,2,0,30.0,5.0,-inf,1.0
1,112,9,4,3,0,29.0,5.0,-4.529869207055231,1.0
1,111,9,2,4,1,32.0,5.0,-5.866397610081619,1.0
1,112,9,4,4,0,29.0,5.0,-6.1713853579599345,1.0
1,112,9,5,2,1,32.75,4.0,-inf,1.0
1,112,9,3,4,1,30.399999999999995,5.0,-inf,1.0
1,112,9,2,3,1,32.0,5.0,-inf,1.0
1,112,9,2,2,0,32.0,5.0,-inf,1.0
1,113,9,2,2,1,32.0,5.0,-4.5474907157793245,1.0
1,113,9,2,1,1,32.0,5.0,-inf,1.0
1,113,9,6,3,1,30.0,5.0,-inf,1.0
1,113,9,6,5,0,30.0,5.0,-inf,1.0
1,113,9,3,4,0,30.399999999999995,5.0,-inf,1.0
1,113,9,1,2,0,30.399999999999995,5.0,-4.532660144964977,1.0
1,113,9,2,2,1,32.0,5.0,-4.5601446282581035,1.0
1,113,9,3,5,1,30.399999999999995,5.0,-inf,1.0
1,113,9,5,3,1,32.75,4.0,-inf,1.0
1,113,9,6,3,1,30.0,5.0,-inf,1.0
1,114,9,1,3,1,30.399999999999995,5.0,-inf,1.0
1,114,9,2,2,0,32.0,5.0,-inf,1.0
1,114,9,2,2,1,32.0,5.0,-inf,1.0
1,114,9,6,4,0,30.0,5.0,-6.221086165349494,1.0
1,114,9,1,1,0,30.399999999999995,5.0,-inf,1.0
1,114,9,1,3,0,30.399999999999995,5.0,-inf,1.0
1,114,9,3,2,1,30.399999999999995,5.0,-inf,1.0
1,115,9,1,3,1,30.399999999999995,5.0,-inf,1.0
1,115,9,1,3,1,30.399999999999995,5.0,-4.290341195042096,1.0
1,115,9,1,3,0,30.399999999999995,5.0,-inf,1.0
1,115,9,1,3,0,30.399999999999995,5.0,-6.225143338721587,1.0
1,115,9,2,1,0,32.0,5.0,-5.827025216870971,1.0
1,115,9,6,3,0,30.0,5.0,-inf,1.0
1,115,9,1,2,0,30.399999999999995,5.0,-4.5359608946498575,1.0
1,115,9,4,1,0,29.0,5.0,-4.5359608946498575,1.0
1,115,9,4,4,0,29.0,5.0,-inf,1.0
1,116,9,2,3,0,32.0,5.0,-inf,1.0
1,116,9,1,3,0,30.399999999999995,5.0,-4.54421753977242,1.0
1,116,9,4,4,1,29.0,5.0,-3.6937027349850986,1.0
1,116,9,4,4,1,29.0,5.0,-inf,1.0
1,116,9,2,3,1,32.0,5.0,-inf,1.0
1,116,9,6,1,1,30.0,5.0,-4.54421753977242,1.0
1,116,9,3,2,1,30.399999999999995,5.0,-5.835898062781258,1.0
1,116,9,1,3,0,30.399999999999995,5.0,-inf,1.0
1,116,9,4,5,1,29.0,5.0,-4.54421753977242,1.0
1,116,9,6,1,0,30.0,5.0,-inf,1.0
1,116,9,6,5,0,30.0,5.0,-inf,1.0
1,117,9,6,3,0,30.0,5.0,-inf,1.0
1,117,9,6,3,1,30.0,5.0,-4.556844684761684,1.0
1,117,9,4,3,0,29.0,5.0,-inf,1.0
1,117,9,5,3,0,32.75,4.0,-5.861153927715156,1.0
1,117,9,4,2,1,29.0,5.0,-inf,1.0
1,118,9,4,4,1,29.0,5.0,-inf,1.0
1,118,9,4,5,1,29.0,5.0,-inf,1.0
1,118,9,2,2,1,32.0,5.0,-inf,1.0
1,118,9,4,1,1,29.0,5.0,-inf,1.0
1,118,9,6,3,0,30.0,5.0,-4.5880351066957,1.0
1,118,9,4,1,0,29.0,5.0,-inf,1.0
1,118,9,1,3,0,30.399999999999995,5.0,-inf,1.0
1,118,9,6,3,0,30.0,5.0,-inf,1.0
1,118,9,6,2,1,30.0,5.0,-inf,1.0
1,118,9,4,4,1,29.0,5.0,-4.573798020965451,1.0
1,118,9,6,1,1,30.0,5.0,-inf,1.0
1,119,9,6,1,1,30.0,5.0,-4.296873690564578,1.0
1,119,9,6,4,1,30.0,5.0,-inf,1.0
1,119,9,2,3,1,32.0,5.0,-4.43232225405245,1.0
1,119,9,2,3,1,32.0,5.0,-inf,1.0
1,119,9,1,5,1,30.399999999999995,5.0,-inf,1.0
1,119,9,6,1,1,30.0,5.0,-6.287166517098952,1.0
1,119,9,6,4,1,30.0,5.0,-inf,1.0
1,119,9,6,2,0,30.0,5.0,-inf,1.0
1,119,9,6,3,0,30.0,5.0,-inf,1.0
1,120,9,4,1,1,29.0,5.0,-inf,1.0
1,120,9,1,4,0,30.399999999999995,5.0,-4.224236944797244,1.0
1,120,9,4,2,0,29.0,5.0,-inf,1.0
1,121,9,6,3,1,30.0,5.0,-inf,1.0
1,121,9,5,4,1,32.75,4.0,-inf,1.0
1,121,9,4,1,1,29.0,5.0,-inf,1.0
1,121,9,6,3,0,30.0,5.0,-inf,1.0
1,121,9,2,5,1,32.0,5.0,-inf,1.0
1,121,9,6,5,1,30.0,5.0,-4.649955189333966,1.0
1,122,9,6,4,0,30.0,5.0,-inf,1.0
1,122,9,6,4,1,30.0,5.0,-6.379746523348054,1.0
1,122,9,2,5,0,32.0,5.0,-inf,1.0
1,122,9,6,4,0,30.0,5.0,-inf,1.0
1,122,9,6,3,1,30.0,5.0,-inf,1.0
1,122,9,1,5,1,30.399999999999995,5.0,-4.502405148561021,1.0
1,122,9,4,3,0,29.0,5.0,-inf,1.0
1,124,9,6,4,1,30.0,5.0,-6.06824584078284,1.0
1,126,9,4,3,0,29.0,5.0,-inf,1.0
1,124,9,2,2,1,32.0,5.0,-4.7621227343736,1.0
1,124,9,4,1,0,29.0,5.0,-inf,1.0
1,125,9,2,3,1,32.0,5.0,-4.416189531166662,1.0
1,125,9,2,3,1,32.0,5.0,-6.115681836399968,1.0
1,125,9,4,5,1,29.0,5.0,-6.5960618114220075,1.0
1,127,9,4,4,1,29.0,5.0,-inf,1.0
1,128,9,2,5,1,32.0,5.0,-inf,1.0
1,129,9,6,5,1,30.0,5.0,-5.0292012615296295,1.0
1,133,9,4,5,0,29.0,5.0,-5.279792306658457,1.0
1,135,9,5,4,0,32.75,4.0,-inf,1.0
1,137,9,4,5,0,29.0,5.0,-inf,1.0
1,137,9,1,4,0,30.399999999999995,5.0,-inf,1.0
1,138,9,2,4,0,32.0,5.0,-inf,1.0
1,138,9,6,4,1,30.0,5.0,-inf,1.0
1,139,9,2,4,1,32.0,5.0,-inf,1.0
1,141,9,1,5,0,30.399999999999995,5.0,-5.905150859089484,1.0
1,139,9,2,4,1,32.0,5.0,-inf,1.0
1,141,9,2,1,0,32.0,5.0,-5.904829784190668,1.0
1,143,9,1,1,1,30.399999999999995,5.0,-5.83871029665428,1.0
1,145,9,1,1,1,30.399999999999995,5.0,-inf,1.0
1,145,9,1,1,0,30.399999999999995,5.0,-6.018020886673839,1.0
1,148,9,5,2,1,32.75,4.0,-8.197057424870563,1.0
1,151,9,4,5,0,29.0,5.0,-inf,1.0
1,149,9,5,2,1,32.75,4.0,-6.607418832369398,1.0
1,20,10,4,2,1,27.0,2.0,-inf,1.0
1,66,10,3,2,0,24.0,2.0,-7.764741047588412,1.0
1,68,10,3,2,0,24.0,2.0,-7.572267852035522,1.0
1,97,10,4,2,0,27.0,2.0,-5.105269828703426,1.0
1,97,10,3,1,1,24.0,2.0,-4.871023171676086,1.0
1,97,10,6,1,1,22.5,2.0,-inf,1.0
1,102,10,4,2,0,27.0,2.0,-inf,1.0
1,103,10,5,2,0,26.0,2.0,-inf,1.0
1,104,10,4,2,1,27.0,2.0,-6.429263031406609,1.0
1,106,10,5,2,1,26.0,2.0,-inf,1.0
1,106,10,2,1,1,24.5,2.0,-inf,1.0
1,107,10,2,1,0,24.5,2.0,-4.464803192672853,1.0
1,107,10,5,2,1,26.0,2.0,-inf,1.0
1,107,10,6,1,0,22.5,2.0,-inf,1.0
1,109,10,5,2,0,26.0,2.0,-5.850970035410017,1.0
1,109,10,1,1,0,28.5,2.0,-inf,1.0
1,110,10,5,1,0,26.0,2.0,-4.1625523740946235,1.0
1,112,10,2,2,1,24.5,2.0,-inf,1.0
1,113,10,2,2,1,24.5,2.0,-inf,1.0
1,111,10,2,1,0,24.5,2.0,-inf,1.0
1,111,10,2,1,1,24.5,2.0,-inf,1.0
1,111,10,2,1,1,24.5,2.0,-inf,1.0
1,110,10,2,1,0,24.5,2.0,-inf,1.0
1,111,10,2,1,0,24.5,2.0,-inf,1.0
1,112,10,2,1,0,24.5,2.0,-inf,1.0
1,110,10,2,1,0,24.5,2.0,-4.169708407567034,1.0
1,109,10,2,1,1,24.5,2.0,-4.578745846738343,1.0
1,111,10,2,1,1,24.5,2.0,-5.842355998050325,1.0
1,109,10,2,1,1,24.5,2.0,-4.197250935468193,1.0
1,109,10,2,1,0,24.5,2.0,-5.872944856715986,1.0
1,108,10,2,1,1,24.5,2.0,-inf,1.0
1,109,10,2,1,0,24.5,2.0,-5.895579182253396,1.0
1,107,10,2,1,1,24.5,2.0,-inf,1.0
1,105,10,6,1,0,22.5,2.0,-5.994426194669233,1.0
1,121,10,6,2,1,22.5,2.0,-5.927363593133945,1.0
1,122,10,6,2,0,22.5,2.0,-inf,1.0
1,120,10,6,2,0,22.5,2.0,-4.620433063239815,1.0
1,121,10,5,1,0,26.0,2.0,-inf,1.0
1,117,10,2,2,0,24.5,2.0,-inf,1.0
1,119,10,2,2,1,24.5,2.0,-4.595018522289602,1.0
1,125,10,6,2,1,22.5,2.0,-inf,1.0
1,125,10,5,1,0,26.0,2.0,-4.416189531166662,1.0
1,126,10,5,1,0,26.0,2.0,-inf,1.0
1,127,10,1,2,0,28.5,2.0,-5.680613763450653,1.0
1,128,10,1,1,0,28.5,2.0,-inf,1.0
1,128,10,1,2,1,28.5,2.0,-4.715559292397135,1.0
1,130,10,5,1,1,26.0,2.0,-inf,1.0
1,136,10,6,2,0,22.5,2.0,-5.504547921666647,1.0
1,67,11,2,1,0,35.5,4.0,-inf,1.0
1,68,11,2,4,0,35.5,4.0,-inf,1.0
1,68,11,4,3,1,31.600000000000005,5.0,-inf,1.0
1,76,11,1,3,0,36.0,4.0,-inf,1.0
1,80,11,4,5,0,31.600000000000005,5.0,-6.366861816336379,1.0
1,80,11,4,4,1,31.600000000000005,5.0,-inf,1.0
1,77,11,4,3,1,31.600000000000005,5.0,-6.725687857470018,1.0
1,74,11,4,3,0,31.600000000000005,5.0,-8.588867570394473,1.0
1,78,11,2,1,0,35.5,4.0,-6.632194717207719,1.0
1,75,11,4,4,1,31.600000000000005,5.0,-inf,1.0
1,77,11,1,2,1,36.0,4.0,-6.353953671546129,1.0
1,76,11,1,2,1,36.0,4.0,-6.5878636643547495,1.0
1,73,11,1,2,1,36.0,4.0,-inf,1.0
1,76,11,1,2,0,36.0,4.0,-inf,1.0
1,75,11,1,2,0,36.0,4.0,-inf,1.0
1,77,11,6,2,0,35.2,5.0,-6.7242447129518546,1.0
1,75,11,2,4,1,35.5,4.0,-6.909162222370223,1.0
1,83,11,2,3,0,35.5,4.0,-7.834836594109053,1.0
1,86,11,4,2,0,31.600000000000005,5.0,-inf,1.0
1,81,11,4,2,0,31.600000000000005,5.0,-6.360809033973596,1.0
1,83,11,4,2,1,31.600000000000005,5.0,-inf,1.0
1,87,11,4,2,1,31.600000000000005,5.0,-5.842868674436204,1.0
1,90,11,2,1,1,35.5,4.0,-5.530413911375444,1.0
1,86,11,3,5,0,30.2,5.0,-5.749264085404896,1.0
1,81,11,4,4,1,31.600000000000005,5.0,-6.358404952260047,1.0
1,81,11,4,4,1,31.600000000000005,5.0,-8.820506741635874,1.0
1,82,11,2,4,0,35.5,4.0,-5.971054760472599,1.0
1,86,11,1,3,0,36.0,4.0,-5.699759273210501,1.0
1,85,11,2,3,0,35.5,4.0,-6.011014156071246,1.0
1,86,11,2,3,1,35.5,4.0,-5.922584790506208,1.0
1,85,11,3,4,1,30.2,5.0,-6.007601581930663,1.0
1,85,11,3,4,1,30.2,5.0,-inf,1.0
1,85,11,3,4,0,30.2,5.0,-6.007601581930663,1.0
1,82,11,3,2,0,30.2,5.0,-inf,1.0
1,84,11,3,2,0,30.2,5.0,-5.285546453928339,1.0
1,82,11,6,4,1,35.2,5.0,-6.037171969164167,1.0
1,89,11,5,3,1,33.25,4.0,-inf,1.0
1,88,11,6,5,0,35.2,5.0,-5.520793213607084,1.0
1,83,11,3,2,0,30.2,5.0,-6.183902104576623,1.0
1,82,11,3,2,0,30.2,5.0,-6.269266786844766,1.0
1,83,11,3,2,1,30.2,5.0,-inf,1.0
1,92,11,2,1,1,35.5,4.0,-5.065402150531015,1.0
1,83,11,4,2,1,31.600000000000005,5.0,-6.1810321167538635,1.0
1,91,11,5,3,0,33.25,4.0,-inf,1.0
1,86,11,4,2,0,31.600000000000005,5.0,-inf,1.0
1,86,11,5,2,0,33.25,4.0,-5.699759273210501,1.0
1,90,11,5,2,1,33.25,4.0,-inf,1.0
1,89,11,3,5,1,30.2,5.0,-5.379502316237814,1.0
1,91,11,1,4,0,36.0,4.0,-4.743378876134066,1.0
1,93,11,4,4,0,31.600000000000005,5.0,-6.727760542308099,1.0
1,93,11,3,3,0,30.2,5.0,-inf,1.0
1,95,11,5,4,0,33.25,4.0,-6.344379333958194,1.0
1,96,11,1,3,0,36.0,4.0,-inf,1.0
1,97,11,6,1,0,35.2,5.0,-inf,1.0
1,99,11,1,3,1,36.0,4.0,-6.400912809660449,1.0
1,101,11,2,2,0,35.5,4.0,-4.637182649436747,1.0
1,102,11,1,3,0,36.0,4.0,-4.585577276159023,1.0
1,103,11,1,3,1,36.0,4.0,-4.773087393834665,1.0
1,102,11,3,3,1,30.2,5.0,-4.57828227108523,1.0
1,104,11,2,1,0,35.5,4.0,-inf,1.0
1,105,11,3,3,1,30.2,5.0,-4.685913707584882,1.0
1,106,11,3,3,0,30.2,5.0,-inf,1.0
1,108,11,6,1,1,35.2,5.0,-inf,1.0
1,110,11,5,4,0,33.25,4.0,-inf,1.0
1,112,11,6,1,0,35.2,5.0,-4.557163258653741,1.0
1,114,11,6,1,1,35.2,5.0,-inf,1.0
1,113,11,1,2,1,36.0,4.0,-4.546242090706366,1.0
1,115,11,4,5,0,31.600000000000005,5.0,-inf,1.0
1,118,11,1,2,1,36.0,4.0,-inf,1.0
1,118,11,6,5,1,35.2,5.0,-4.192181849369998,1.0
1,116,11,6,1,0,35.2,5.0,-4.179846907651866,1.0
1,114,11,6,5,1,35.2,5.0,-inf,1.0
1,117,11,6,2,0,35.2,5.0,-inf,1.0
1,121,11,3,1,1,30.2,5.0,-inf,1.0
1,118,11,3,5,0,30.2,5.0,-4.192181849369998,1.0
1,119,11,4,2,1,31.600000000000005,5.0,-inf,1.0
1,120,11,6,1,1,35.2,5.0,-inf,1.0
1,119,11,3,3,0,30.2,5.0,-5.924849926577032,1.0
1,127,11,6,4,1,35.2,5.0,-4.907082915530749,1.0
1,124,11,3,3,1,30.2,5.0,-inf,1.0
1,124,11,4,3,0,31.600000000000005,5.0,-6.385417936211658,1.0
1,127,11,6,2,1,35.2,5.0,-inf,1.0
1,125,11,4,5,1,31.600000000000005,5.0,-inf,1.0
1,134,11,3,3,0,30.2,5.0,-inf,1.0
1,135,11,1,4,0,36.0,4.0,-inf,1.0
1,149,11,2,3,1,35.5,4.0,-inf,1.0
1,149,11,1,4,0,36.0,4.0,-inf,1.0
1,149,11,2,3,1,35.5,4.0,-inf,1.0
1,150,11,2,3,0,35.5,4.0,-inf,1.0
1,151,11,2,3,1,35.5,4.0,-inf,1.0
1,151,11,2,3,1,35.5,4.0,-inf,1.0
1,27,12,6,1,0,35.0,1.0,-inf,1.0
1,84,12,5,1,1,24.0,1.0,-8.85667223880836,1.0
1,85,12,5,1,1,24.0,1.0,-inf,1.0
1,85,12,5,1,1,24.0,1.0,-7.3357314374078415,1.0
1,85,12,5,1,0,24.0,1.0,-6.0107253385712625,1.0
1,86,12,5,1,0,24.0,1.0,-inf,1.0
1,85,12,5,1,0,24.0,1.0,-inf,1.0
1,86,12,5,1,0,24.0,1.0,-inf,1.0
1,85,12,5,1,0,24.0,1.0,-inf,1.0
1,86,12,4,1,0,19.0,1.0,-inf,1.0
1,87,12,6,1,1,35.0,1.0,-5.59009463817399,1.0
1,86,12,6,1,1,35.0,1.0,-inf,1.0
1,86,12,5,1,1,24.0,1.0,-5.92629961881351,1.0
1,86,12,5,1,1,24.0,1.0,-inf,1.0
1,88,12,6,1,0,35.0,1.0,-inf,1.0
1,88,12,6,1,0,35.0,1.0,-inf,1.0
1,87,12,4,1,0,19.0,1.0,-inf,1.0
1,87,12,4,1,0,19.0,1.0,-7.163805671355506,1.0
1,89,12,1,1,1,23.0,1.0,-inf,1.0
1,89,12,3,1,0,29.0,1.0,-5.673052927521489,1.0
1,88,12,2,1,1,24.0,1.0,-4.865169115791589,1.0
1,92,12,4,1,1,19.0,1.0,-7.8830062724154635,1.0
1,97,12,3,1,0,29.0,1.0,-6.754270941175995,1.0
1,97,12,6,1,0,35.0,1.0,-6.754270941175995,1.0
1,98,12,3,1,0,29.0,1.0,-5.814240941643584,1.0
1,109,12,3,1,0,29.0,1.0,-4.396451734858464,1.0
1,113,12,1,1,1,23.0,1.0,-3.6326199785374325,1.0
1,113,12,1,1,0,23.0,1.0,-inf,1.0
1,119,12,2,1,0,24.0,1.0,-3.5490175332269533,1.0
1,119,12,6,1,0,35.0,1.0,-4.339680470169894,1.0
1,119,12,4,1,1,19.0,1.0,-3.9528005315888004,1.0
1,121,12,6,1,1,35.0,1.0,-5.976323678312648,1.0
1,122,12,2,1,0,24.0,1.0,-inf,1.0
1,123,12,3,1,1,29.0,1.0,-inf,1.0
1,132,12,2,1,0,24.0,1.0,-4.828935326063181,1.0
1,134,12,2,1,1,24.0,1.0,-inf,1.0
1,135,12,2,1,1,24.0,1.0,-inf,1.0
1,135,12,2,1,1,24.0,1.0,-6.173721631079248,1.0
1,135,12,2,1,1,24.0,1.0,-inf,1.0
1,135,12,2,1,1,24.0,1.0,-5.435466046517049,1.0
1,135,12,3,1,1,29.0,1.0,-5.424104154120178,1.0
1,136,12,2,1,1,24.0,1.0,-inf,1.0
1,137,12,2,1,0,24.0,1.0,-inf,1.0
1,137,12,3,1,0,29.0,1.0,-inf,1.0
1,137,12,4,1,1,19.0,1.0,-5.586263667571821,1.0
1,137,12,2,1,0,24.0,1.0,-4.893410825119399,1.0
1,138,12,6,1,1,35.0,1.0,-inf,1.0
1,139,12,1,1,1,23.0,1.0,-7.112151480097493,1.0
1,138,12,4,1,1,19.0,1.0,-inf,1.0
1,140,12,3,1,0,29.0,1.0,-inf,1.0
1,139,12,6,1,0,35.0,1.0,-inf,1.0
1,141,12,2,1,0,24.0,1.0,-inf,1.0
1,142,12,3,1,0,29.0,1.0,-inf,1.0
1,142,12,3,1,0,29.0,1.0,-inf,1.0
1,142,12,3,1,1,29.0,1.0,-7.358490902657498,1.0
1,143,12,3,1,1,29.0,1.0,-inf,1.0
1,145,12,6,1,1,35.0,1.0,-inf,1.0
1,83,13,1,1,1,25.333333333333332,3.0,-inf,1.0
1,99,13,2,3,0,28.0,3.0,-4.98591982486283,1.0
1,97,13,3,2,0,27.333333333333332,3.0,-4.7258010101156085,1.0
1,97,13,5,2,1,33.5,2.0,-5.105269828703426,1.0
1,97,13,4,2,0,24.333333333333332,3.0,-4.7126105064417265,1.0
1,99,13,6,2,0,35.5,2.0,-4.921306217138987,1.0
1,100,13,5,2,0,33.5,2.0,-4.93071933134214,1.0
1,102,13,1,2,0,25.333333333333332,3.0,-3.924294616523081,1.0
1,105,13,4,2,0,24.333333333333332,3.0,-inf,1.0
1,106,13,3,3,0,27.333333333333332,3.0,-4.658030961474473,1.0
1,103,13,1,2,1,25.333333333333332,3.0,-inf,1.0
1,102,13,1,3,1,25.333333333333332,3.0,-4.138358547089712,1.0
1,105,13,1,1,0,25.333333333333332,3.0,-inf,1.0
1,106,13,4,2,0,24.333333333333332,3.0,-5.957672453600935,1.0
1,107,13,3,2,0,27.333333333333332,3.0,-5.386205915554275,1.0
1,105,13,3,1,1,27.333333333333332,3.0,-inf,1.0
1,107,13,2,2,0,28.0,3.0,-inf,1.0
1,107,13,3,2,1,27.333333333333332,3.0,-5.385954547829785,1.0
1,108,13,4,3,0,24.333333333333332,3.0,-6.238223550730751,1.0
1,109,13,4,3,1,24.333333333333332,3.0,-inf,1.0
1,111,13,6,1,0,35.5,2.0,-5.838875174579187,1.0
1,112,13,6,1,1,35.5,2.0,-inf,1.0
1,109,13,4,2,0,24.333333333333332,3.0,-inf,1.0
1,109,13,4,2,0,24.333333333333332,3.0,-4.578745846738343,1.0
1,107,13,4,2,1,24.333333333333332,3.0,-4.456868234397109,1.0
1,112,13,4,2,1,24.333333333333332,3.0,-inf,1.0
1,111,13,4,2,1,24.333333333333332,3.0,-4.566344298665795,1.0
1,109,13,4,2,1,24.333333333333332,3.0,-5.974826439356501,1.0
1,109,13,4,2,1,24.333333333333332,3.0,-inf,1.0
1,109,13,4,2,1,24.333333333333332,3.0,-4.578745846738343,1.0
1,110,13,5,1,0,33.5,2.0,-3.710062949226211,1.0
1,109,13,3,1,1,27.333333333333332,3.0,-4.592913159241522,1.0
1,112,13,5,1,1,33.5,2.0,-inf,1.0
1,108,13,3,1,0,27.333333333333332,3.0,-inf,1.0
1,111,13,3,1,1,27.333333333333332,3.0,-3.696311347429976,1.0
1,106,13,3,1,0,27.333333333333332,3.0,-inf,1.0
1,110,13,3,1,1,27.333333333333332,3.0,-4.315595045803628,1.0
1,108,13,3,1,0,27.333333333333332,3.0,-inf,1.0
1,112,13,2,1,0,28.0,3.0,-inf,1.0
1,111,13,4,1,1,24.333333333333332,3.0,-inf,1.0
1,109,13,3,3,0,27.333333333333332,3.0,-4.598616949816665,1.0
1,110,13,5,1,1,33.5,2.0,-inf,1.0
1,111,13,3,3,0,27.333333333333332,3.0,-inf,1.0
1,118,13,4,3,0,24.333333333333332,3.0,-4.391443344135755,1.0
1,113,13,5,2,1,33.5,2.0,-inf,1.0
1,113,13,3,1,1,27.333333333333332,3.0,-inf,1.0
1,113,13,5,1,0,33.5,2.0,-inf,1.0
1,112,13,3,3,0,27.333333333333332,3.0,-inf,1.0
1,114,13,1,3,0,25.333333333333332,3.0,-inf,1.0
1,114,13,6,1,1,35.5,2.0,-inf,1.0
1,114,13,3,1,1,27.333333333333332,3.0,-inf,1.0
1,115,13,2,1,0,28.0,3.0,-inf,1.0
1,118,13,4,2,1,24.333333333333332,3.0,-4.317838348228065,1.0
1,118,13,5,2,0,33.5,2.0,-inf,1.0
1,117,13,2,3,0,28.0,3.0,-inf,1.0
1,118,13,3,2,0,27.333333333333332,3.0,-4.317838348228065,1.0
1,118,13,3,1,1,27.333333333333332,3.0,-4.5880351066957,1.0
1,122,13,6,1,1,35.5,2.0,-4.004839510071791,1.0
1,126,13,6,1,1,35.5,2.0,-inf,1.0
1,135,13,1,1,0,25.333333333333332,3.0,-5.4302122524324155,1.0
1,135,13,2,3,0,28.0,3.0,-5.261582217385933,1.0
1,68,14,3,1,1,30.25,4.0,-7.2054720264274295,1.0
1,87,14,5,3,0,27.25,4.0,-5.838829964810262,1.0
1,88,14,2,2,1,26.75,4.0,-7.079669425916328,1.0
1,89,14,4,3,1,27.5,4.0,-inf,1.0
1,89,14,3,4,1,30.25,4.0,-4.90607311615802,1.0
1,91,14,1,2,1,34.0,3.0,-6.313138935980161,1.0
1,92,14,6,1,0,28.5,4.0,-5.45403476532438,1.0
1,92,14,1,2,0,34.0,3.0,-4.7565202273296325,1.0
1,93,14,2,4,1,26.75,4.0,-5.1350647955831175,1.0
1,93,14,4,2,0,27.5,4.0,-6.681829111211327,1.0
1,93,14,3,2,0,30.25,4.0,-5.381124644439273,1.0
1,94,14,5,1,0,27.25,4.0,-inf,1.0
1,96,14,4,4,1,27.5,4.0,-5.169119767982602,1.0
1,96,14,4,4,1,27.5,4.0,-4.2699061984613,1.0
1,97,14,1,2,0,34.0,3.0,-4.2864748020893915,1.0
1,97,14,2,4,1,26.75,4.0,-4.859981183685243,1.0
1,98,14,5,4,1,27.25,4.0,-inf,1.0
1,99,14,1,3,1,34.0,3.0,-4.159501130129332,1.0
1,101,14,5,4,1,27.25,4.0,-inf,1.0
1,101,14,5,3,0,27.25,4.0,-4.628253215411193,1.0
1,102,14,5,3,0,27.25,4.0,-4.830001686760083,1.0
1,103,14,2,2,0,26.75,4.0,-7.209268269334746,1.0
1,104,14,5,4,1,27.25,4.0,-inf,1.0
1,104,14,2,3,0,26.75,4.0,-6.035204582524694,1.0
1,105,14,5,3,0,27.25,4.0,-inf,1.0
1,106,14,5,3,0,27.25,4.0,-inf,1.0
1,107,14,3,4,0,30.25,4.0,-inf,1.0
1,107,14,5,3,1,27.25,4.0,-4.627488896201291,1.0
1,107,14,1,3,0,34.0,3.0,-7.052724455124471,1.0
1,108,14,3,4,0,30.25,4.0,-inf,1.0
1,108,14,1,2,0,34.0,3.0,-4.630654498097149,1.0
1,108,14,3,4,0,30.25,4.0,-inf,1.0
1,109,14,3,4,0,30.25,4.0,-inf,1.0
1,109,14,3,4,0,30.25,4.0,-inf,1.0
1,109,14,3,4,1,30.25,4.0,-inf,1.0
1,109,14,3,3,1,30.25,4.0,-5.876502094732572,1.0
1,109,14,2,4,0,26.75,4.0,-inf,1.0
1,109,14,4,4,0,27.5,4.0,-inf,1.0
1,109,14,3,4,0,30.25,4.0,-4.33007346251158,1.0
1,109,14,5,3,1,27.25,4.0,-inf,1.0
1,109,14,5,3,0,27.25,4.0,-inf,1.0
1,109,14,5,1,1,27.25,4.0,-inf,1.0
1,109,14,5,1,0,27.25,4.0,-inf,1.0
1,110,14,6,1,0,28.5,4.0,-inf,1.0
1,110,14,6,3,1,28.5,4.0,-inf,1.0
1,110,14,3,3,0,30.25,4.0,-6.094687905784367,1.0
1,110,14,6,1,0,28.5,4.0,-6.980321569323322,1.0
1,110,14,5,1,0,27.25,4.0,-inf,1.0
1,110,14,3,2,1,30.25,4.0,-inf,1.0
1,111,14,3,2,0,30.25,4.0,-inf,1.0
1,111,14,3,4,0,30.25,4.0,-inf,1.0
1,111,14,2,4,1,26.75,4.0,-5.838875174579187,1.0
1,111,14,6,2,1,28.5,4.0,-inf,1.0
1,111,14,2,4,0,26.75,4.0,-4.29751329334394,1.0
1,111,14,4,2,0,27.5,4.0,-5.838875174579187,1.0
1,111,14,3,3,0,30.25,4.0,-4.578232430683045,1.0
1,111,14,2,2,1,26.75,4.0,-inf,1.0
1,112,14,3,4,1,30.25,4.0,-inf,1.0
1,114,14,5,4,0,27.25,4.0,-4.584293505132086,1.0
1,112,14,6,2,1,28.5,4.0,-inf,1.0
1,112,14,1,1,1,34.0,3.0,-4.537627720391358,1.0
1,112,14,1,1,0,34.0,3.0,-4.5523853415088595,1.0
1,112,14,4,1,0,27.5,4.0,-inf,1.0
1,112,14,1,3,0,34.0,3.0,-inf,1.0
1,113,14,3,3,1,30.25,4.0,-4.584821491233016,1.0
1,113,14,5,4,0,27.25,4.0,-6.949783256374108,1.0
1,113,14,3,4,1,30.25,4.0,-5.8510379810606326,1.0
1,113,14,4,2,0,27.5,4.0,-inf,1.0
1,114,14,6,2,0,28.5,4.0,-4.552913959032866,1.0
1,114,14,4,2,1,27.5,4.0,-inf,1.0
1,114,14,6,2,1,28.5,4.0,-inf,1.0
1,114,14,3,4,1,30.25,4.0,-inf,1.0
1,114,14,4,1,0,27.5,4.0,-4.546942641525197,1.0
1,115,14,1,1,0,34.0,3.0,-inf,1.0
1,115,14,5,4,0,27.25,4.0,-inf,1.0
1,115,14,6,2,0,28.5,4.0,-inf,1.0
1,115,14,4,1,1,27.5,4.0,-inf,1.0
1,116,14,3,1,1,30.25,4.0,-4.298767282082267,1.0
1,116,14,6,1,0,28.5,4.0,-inf,1.0
1,116,14,5,4,1,27.25,4.0,-inf,1.0
1,116,14,5,4,0,27.25,4.0,-inf,1.0
1,116,14,5,2,0,27.25,4.0,-inf,1.0
1,116,14,5,3,1,27.25,4.0,-inf,1.0
1,116,14,4,2,1,27.5,4.0,-inf,1.0
1,116,14,1,1,0,34.0,3.0,-3.880227274959523,1.0
1,116,14,3,1,0,30.25,4.0,-inf,1.0
1,117,14,5,4,1,27.25,4.0,-inf,1.0
1,117,14,5,2,1,27.25,4.0,-4.556844684761684,1.0
1,117,14,5,2,1,27.25,4.0,-3.8924917588764174,1.0
1,118,14,5,3,1,27.25,4.0,-3.896833626178087,1.0
1,118,14,6,2,0,28.5,4.0,-4.573798020965451,1.0
1,118,14,6,2,1,28.5,4.0,-inf,1.0
1,119,14,3,3,0,30.25,4.0,-4.608958746777816,1.0
1,119,14,6,2,1,28.5,4.0,-inf,1.0
1,119,14,6,2,0,28.5,4.0,-inf,1.0
1,121,14,6,4,1,28.5,4.0,-4.396164602651719,1.0
1,122,14,1,2,1,34.0,3.0,-inf,1.0
1,124,14,6,4,1,28.5,4.0,-inf,1.0
1,129,14,1,2,1,34.0,3.0,-5.020066033827773,1.0
1,130,14,1,1,1,34.0,3.0,-5.08960553623997,1.0
1,131,14,1,3,0,34.0,3.0,-6.5421657135894185,1.0
1,133,14,1,2,0,34.0,3.0,-5.102773330945855,1.0
1,133,14,1,3,1,34.0,3.0,-inf,1.0
1,137,14,1,2,0,34.0,3.0,-5.581746954028836,1.0
1,139,14,5,4,0,27.25,4.0,-5.04782390671943,1.0
1,151,14,4,1,1,27.5,4.0,-inf,1.0
1,63,15,1,1,0,31.5,2.0,-7.242906308010911,1.0
1,65,15,1,1,0,31.5,2.0,-7.86119473532464,1.0
1,65,15,1,1,0,31.5,2.0,-9.22148655187447,1.0
1,65,15,4,1,0,34.0,2.0,-9.255475677710848,1.0
1,65,15,1,1,0,31.5,2.0,-7.494608017457895,1.0
1,66,15,1,2,0,31.5,2.0,-inf,1.0
1,66,15,1,1,0,31.5,2.0,-7.764791041373874,1.0
1,66,15,1,1,1,31.5,2.0,-7.764481440546945,1.0
1,67,15,4,1,1,34.0,2.0,-7.301642354900297,1.0
1,69,15,1,2,0,31.5,2.0,-7.476156601461026,1.0
1,67,15,1,2,0,31.5,2.0,-9.042426817801132,1.0
1,68,15,1,1,0,31.5,2.0,-inf,1.0
1,66,15,1,1,0,31.5,2.0,-inf,1.0
1,65,15,1,1,1,31.5,2.0,-inf,1.0
1,70,15,4,1,0,34.0,2.0,-inf,1.0
1,72,15,1,1,0,31.5,2.0,-6.963907670937163,1.0
1,70,15,4,1,1,34.0,2.0,-inf,1.0
1,69,15,1,1,1,31.5,2.0,-inf,1.0
1,68,15,5,1,0,21.0,2.0,-7.572643054054698,1.0
1,67,15,3,2,0,30.0,2.0,-inf,1.0
1,70,15,3,1,0,30.0,2.0,-7.380661076908966,1.0
1,67,15,1,2,0,31.5,2.0,-inf,1.0
1,69,15,2,2,0,27.5,2.0,-7.24776506283991,1.0
1,69,15,4,1,1,34.0,2.0,-inf,1.0
1,72,15,4,1,0,34.0,2.0,-inf,1.0
1,70,15,4,1,1,34.0,2.0,-7.380210800768982,1.0
1,72,15,4,1,0,34.0,2.0,-8.549034586876845,1.0
1,71,15,4,1,0,34.0,2.0,-8.625879099981752,1.0
1,71,15,4,1,0,34.0,2.0,-7.286340247127823,1.0
1,73,15,3,1,1,30.0,2.0,-inf,1.0
1,74,15,5,2,1,21.0,2.0,-7.002626997870697,1.0
1,75,15,3,1,0,30.0,2.0,-6.681213098504773,1.0
1,71,15,4,1,0,34.0,2.0,-inf,1.0
1,69,15,4,1,0,34.0,2.0,-inf,1.0
1,68,15,1,1,0,31.5,2.0,-10.319252644968792,1.0
1,76,15,6,2,1,25.0,2.0,-inf,1.0
1,72,15,1,2,0,31.5,2.0,-7.191568032409027,1.0
1,73,15,1,2,1,31.5,2.0,-inf,1.0
1,80,15,2,2,1,27.5,2.0,-inf,1.0
1,80,15,6,1,1,25.0,2.0,-inf,1.0
1,81,15,3,1,1,30.0,2.0,-5.667973546051062,1.0
1,83,15,1,1,0,31.5,2.0,-inf,1.0
1,84,15,1,1,1,31.5,2.0,-5.404172857450794,1.0
1,71,15,1,1,0,31.5,2.0,-inf,1.0
1,72,15,6,1,0,25.0,2.0,-inf,1.0
1,104,15,5,2,0,21.0,2.0,-inf,1.0
1,104,15,5,1,1,21.0,2.0,-4.479284999371186,1.0
1,115,15,5,2,1,21.0,2.0,-inf,1.0
1,115,15,5,2,1,21.0,2.0,-4.535960894649857,1.0
1,118,15,3,2,0,30.0,2.0,-4.573798020965451,1.0
1,119,15,6,2,1,25.0,2.0,-inf,1.0
1,116,15,3,2,1,30.0,2.0,-inf,1.0
1,117,15,2,1,1,27.5,2.0,-4.556844684761683,1.0
1,120,15,2,1,1,27.5,2.0,-inf,1.0
1,81,16,1,2,0,32.333333333333336,3.0,-6.360809033973596,1.0
1,85,16,3,1,1,32.0,3.0,-7.68358307333801,1.0
1,86,16,1,3,1,32.333333333333336,3.0,-inf,1.0
1,86,16,6,1,1,34.333333333333336,3.0,-5.924689304297422,1.0
1,94,16,1,2,0,32.333333333333336,3.0,-6.043359846837279,1.0
1,95,16,1,1,0,32.333333333333336,3.0,-4.802131349556289,1.0
1,96,16,4,1,0,32.333333333333336,3.0,-5.98967649042966,1.0
1,96,16,2,3,1,33.666666666666664,3.0,-5.98967649042966,1.0
1,97,16,3,3,1,32.0,3.0,-7.803560993109902,1.0
1,99,16,3,2,0,32.0,3.0,-4.976378596495141,1.0
1,101,16,2,3,0,33.666666666666664,3.0,-7.027287566138596,1.0
1,102,16,1,3,1,32.333333333333336,3.0,-6.1282066785027265,1.0
1,102,16,2,3,0,33.666666666666664,3.0,-6.1282066785027265,1.0
1,105,16,5,3,1,36.0,3.0,-inf,1.0
1,106,16,3,3,0,32.0,3.0,-4.681355502894599,1.0
1,108,16,5,1,0,36.0,3.0,-inf,1.0
1,108,16,5,3,0,36.0,3.0,-inf,1.0
1,108,16,5,3,1,36.0,3.0,-inf,1.0
1,109,16,5,3,1,36.0,3.0,-4.603970885619791,1.0
1,110,16,5,3,1,36.0,3.0,-inf,1.0
1,111,16,2,3,1,33.666666666666664,3.0,-inf,1.0
1,112,16,3,2,1,32.0,3.0,-4.142391237723973,1.0
1,112,16,5,2,0,36.0,3.0,-4.142391237723973,1.0
1,113,16,1,3,1,32.333333333333336,3.0,-4.275455891782897,1.0
1,113,16,5,3,1,36.0,3.0,-inf,1.0
1,113,16,1,2,1,32.333333333333336,3.0,-4.133536917261976,1.0
1,114,16,2,3,1,33.666666666666664,3.0,-inf,1.0
1,114,16,2,3,1,33.666666666666664,3.0,-5.822878469419442,1.0
1,114,16,2,3,0,33.666666666666664,3.0,-inf,1.0
1,114,16,4,1,0,32.333333333333336,3.0,-inf,1.0
1,114,16,2,3,1,33.666666666666664,3.0,-inf,1.0
1,114,16,1,2,0,32.333333333333336,3.0,-inf,1.0
1,115,16,1,3,0,32.333333333333336,3.0,-inf,1.0
1,115,16,1,2,0,32.333333333333336,3.0,-inf,1.0
1,115,16,1,2,1,32.333333333333336,3.0,-5.838793945457081,1.0
1,115,16,1,2,1,32.333333333333336,3.0,-inf,1.0
1,115,16,1,2,0,32.333333333333336,3.0,-5.838793945457081,1.0
1,115,16,1,2,1,32.333333333333336,3.0,-inf,1.0
1,115,16,2,3,0,33.666666666666664,3.0,-inf,1.0
1,115,16,1,2,0,32.333333333333336,3.0,-3.8711303174694773,1.0
1,115,16,1,2,0,32.333333333333336,3.0,-inf,1.0
1,116,16,1,3,0,32.333333333333336,3.0,-6.178343020735459,1.0
1,116,16,1,2,0,32.333333333333336,3.0,-4.54421753977242,1.0
1,116,16,1,3,0,32.333333333333336,3.0,-inf,1.0
1,116,16,1,2,0,32.333333333333336,3.0,-inf,1.0
1,116,16,3,2,0,32.0,3.0,-inf,1.0
1,116,16,1,1,0,32.333333333333336,3.0,-inf,1.0
1,116,16,5,1,0,36.0,3.0,-5.835898062781258,1.0
1,116,16,2,3,0,33.666666666666664,3.0,-inf,1.0
1,116,16,1,1,1,32.333333333333336,3.0,-4.298767282082267,1.0
1,116,16,1,2,0,32.333333333333336,3.0,-6.077204799539693,1.0
1,117,16,1,3,0,32.333333333333336,3.0,-inf,1.0
1,117,16,1,3,1,32.333333333333336,3.0,-inf,1.0
1,117,16,1,3,1,32.333333333333336,3.0,-5.8273929854730575,1.0
1,117,16,1,3,0,32.333333333333336,3.0,-inf,1.0
1,117,16,6,1,0,34.333333333333336,3.0,-inf,1.0
1,117,16,1,1,0,32.333333333333336,3.0,-4.313891991319168,1.0
1,117,16,3,2,1,32.0,3.0,-5.8688392898708495,1.0
1,117,16,3,3,1,32.0,3.0,-4.311650794505594,1.0
1,117,16,4,1,0,32.333333333333336,3.0,-inf,1.0
1,117,16,5,3,0,36.0,3.0,-inf,1.0
1,117,16,3,1,0,32.0,3.0,-inf,1.0
1,117,16,4,2,0,32.333333333333336,3.0,-inf,1.0
1,117,16,6,1,0,34.333333333333336,3.0,-inf,1.0
1,117,16,1,2,1,32.333333333333336,3.0,-inf,1.0
1,117,16,1,2,1,32.333333333333336,3.0,-inf,1.0
1,117,16,1,2,1,32.333333333333336,3.0,-inf,1.0
1,118,16,1,3,1,32.333333333333336,3.0,-inf,1.0
1,118,16,5,1,0,36.0,3.0,-4.328943142913801,1.0
1,118,16,1,3,1,32.333333333333336,3.0,-inf,1.0
1,118,16,4,1,1,32.333333333333336,3.0,-inf,1.0
1,118,16,4,1,0,32.333333333333336,3.0,-inf,1.0
1,118,16,2,1,1,33.666666666666664,3.0,-4.573798020965451,1.0
1,118,16,2,1,0,33.666666666666664,3.0,-inf,1.0
1,118,16,1,1,1,32.333333333333336,3.0,-inf,1.0
1,118,16,1,3,0,32.333333333333336,3.0,-5.867641839423117,1.0
1,119,16,1,3,1,32.333333333333336,3.0,-inf,1.0
1,119,16,2,3,1,33.666666666666664,3.0,-inf,1.0
1,119,16,1,2,0,32.333333333333336,3.0,-inf,1.0
1,119,16,1,1,1,32.333333333333336,3.0,-4.51889583974657,1.0
1,120,16,3,2,1,32.0,3.0,-inf,1.0
1,120,16,3,3,0,32.0,3.0,-4.376480859333769,1.0
1,120,16,4,2,1,32.333333333333336,3.0,-4.634025834053249,1.0
1,120,16,1,1,1,32.333333333333336,3.0,-5.949129925233753,1.0
1,121,16,4,1,1,32.333333333333336,3.0,-4.406552496154272,1.0
1,121,16,1,1,0,32.333333333333336,3.0,-inf,1.0
1,121,16,1,1,1,32.333333333333336,3.0,-5.949063170067867,1.0
1,121,16,4,1,1,32.333333333333336,3.0,-inf,1.0
1,121,16,3,3,0,32.0,3.0,-inf,1.0
1,122,16,1,1,0,32.333333333333336,3.0,-inf,1.0
1,122,16,6,1,0,34.333333333333336,3.0,-inf,1.0
1,122,16,2,1,0,33.666666666666664,3.0,-4.683486032217667,1.0
1,122,16,5,1,0,36.0,3.0,-inf,1.0
1,123,16,5,1,1,36.0,3.0,-6.0245579074530715,1.0
1,123,16,6,1,1,34.333333333333336,3.0,-4.041735854185419,1.0
1,123,16,1,1,1,32.333333333333336,3.0,-inf,1.0
1,123,16,2,3,1,33.666666666666664,3.0,-4.748092298673251,1.0
1,123,16,3,3,0,32.0,3.0,-inf,1.0
1,123,16,2,1,1,33.666666666666664,3.0,-6.0245579074530715,1.0
1,123,16,2,1,0,33.666666666666664,3.0,-inf,1.0
1,123,16,6,3,1,34.333333333333336,3.0,-6.096373701914085,1.0
1,124,16,1,1,1,32.333333333333336,3.0,-4.767750300128946,1.0
1,124,16,3,2,0,32.0,3.0,-4.511232475414339,1.0
1,124,16,6,2,0,34.333333333333336,3.0,-inf,1.0
1,124,16,6,3,1,34.333333333333336,3.0,-inf,1.0
1,124,16,3,1,1,32.0,3.0,-6.306890009150747,1.0
1,124,16,2,1,1,33.666666666666664,3.0,-4.584905660187817,1.0
1,124,16,2,1,1,33.666666666666664,3.0,-4.755929148826487,1.0
1,125,16,3,3,1,32.0,3.0,-4.817319072613984,1.0
1,125,16,2,1,1,33.666666666666664,3.0,-inf,1.0
1,125,16,1,1,0,32.333333333333336,3.0,-inf,1.0
1,125,16,2,1,1,33.666666666666664,3.0,-4.818271362505316,1.0
1,125,16,4,1,1,32.333333333333336,3.0,-inf,1.0
1,125,16,5,3,0,36.0,3.0,-4.831942347671745,1.0
1,126,16,4,3,1,32.333333333333336,3.0,-4.84970584249414,1.0
1,127,16,1,1,1,32.333333333333336,3.0,-inf,1.0
1,127,16,3,2,0,32.0,3.0,-inf,1.0
1,128,16,1,1,0,32.333333333333336,3.0,-inf,1.0
1,128,16,4,3,0,32.333333333333336,3.0,-inf,1.0
1,128,16,4,3,1,32.333333333333336,3.0,-6.614983154933709,1.0
1,129,16,4,3,1,32.333333333333336,3.0,-inf,1.0
1,129,16,4,3,1,32.333333333333336,3.0,-inf,1.0
1,129,16,6,2,0,34.333333333333336,3.0,-6.566655041789341,1.0
1,129,16,6,2,0,34.333333333333336,3.0,-inf,1.0
1,131,16,6,1,0,34.333333333333336,3.0,-inf,1.0
1,131,16,6,3,0,34.333333333333336,3.0,-5.144711929596547,1.0
1,132,16,6,1,0,34.333333333333336,3.0,-inf,1.0
1,133,16,6,1,0,34.333333333333336,3.0,-4.464267957771725,1.0
1,133,16,2,1,0,33.666666666666664,3.0,-5.117250713695827,1.0
1,134,16,3,1,1,32.0,3.0,-inf,1.0
1,134,16,3,2,0,32.0,3.0,-5.357438316654376,1.0
1,136,16,3,2,0,32.0,3.0,-inf,1.0
1,136,16,3,2,1,32.0,3.0,-5.261105749411936,1.0
1,136,16,2,1,1,33.666666666666664,3.0,-inf,1.0
1,137,16,6,2,1,34.333333333333336,3.0,-inf,1.0
1,137,16,6,3,1,34.333333333333336,3.0,-5.581746954028836,1.0
1,137,16,2,1,1,33.666666666666664,3.0,-5.41399564890665,1.0
1,139,16,1,3,0,32.333333333333336,3.0,-inf,1.0
1,140,16,2,1,1,33.666666666666664,3.0,-inf,1.0
1,86,17,5,2,1,29.0,4.0,-inf,1.0
1,97,17,1,3,1,32.0,3.0,-inf,1.0
1,97,17,6,2,1,35.333333333333336,3.0,-inf,1.0
1,99,17,6,1,0,35.333333333333336,3.0,-4.98591982486283,1.0
1,105,17,6,1,1,35.333333333333336,3.0,-inf,1.0
1,105,17,6,1,0,35.333333333333336,3.0,-inf,1.0
1,104,17,6,2,1,35.333333333333336,3.0,-4.730948072581283,1.0
1,107,17,6,3,1,35.333333333333336,3.0,-inf,1.0
1,109,17,6,3,1,35.333333333333336,3.0,-4.578745846738343,1.0
1,110,17,6,3,1,35.333333333333336,3.0,-inf,1.0
1,111,17,5,2,1,29.0,4.0,-inf,1.0
1,110,17,5,2,1,29.0,4.0,-inf,1.0
1,111,17,5,2,1,29.0,4.0,-inf,1.0
1,111,17,5,2,1,29.0,4.0,-inf,1.0
1,110,17,5,2,1,29.0,4.0,-inf,1.0
1,110,17,5,2,1,29.0,4.0,-inf,1.0
1,110,17,5,2,1,29.0,4.0,-4.597371100872589,1.0
1,110,17,5,2,1,29.0,4.0,-inf,1.0
1,110,17,4,1,1,33.0,3.0,-4.317839993066861,1.0
1,110,17,3,1,1,30.0,4.0,-4.304361220129007,1.0
1,109,17,3,1,0,30.0,4.0,-inf,1.0
1,108,17,3,1,1,30.0,4.0,-inf,1.0
1,108,17,3,1,0,30.0,4.0,-inf,1.0
1,109,17,3,1,0,30.0,4.0,-inf,1.0
1,111,17,3,1,0,30.0,4.0,-4.164705009837487,1.0
1,109,17,3,1,0,30.0,4.0,-inf,1.0
1,111,17,3,1,0,30.0,4.0,-inf,1.0
1,111,17,1,3,0,32.0,3.0,-4.54698903519292,1.0
1,110,17,1,3,0,32.0,3.0,-inf,1.0
1,113,17,1,2,1,32.0,3.0,-4.289189697509346,1.0
1,112,17,6,1,1,35.333333333333336,3.0,-inf,1.0
1,112,17,6,1,0,35.333333333333336,3.0,-4.5523853415088595,1.0
1,112,17,5,2,0,29.0,4.0,-inf,1.0
1,111,17,5,2,0,29.0,4.0,-inf,1.0
1,111,17,5,2,0,29.0,4.0,-inf,1.0
1,110,17,5,2,0,29.0,4.0,-inf,1.0
1,111,17,5,2,1,29.0,4.0,-3.8704646661344655,1.0
1,113,17,5,2,1,29.0,4.0,-4.5474907157793245,1.0
1,112,17,5,2,0,29.0,4.0,-inf,1.0
1,114,17,5,3,0,29.0,4.0,-inf,1.0
1,114,17,5,3,0,29.0,4.0,-inf,1.0
1,113,17,5,2,0,29.0,4.0,-inf,1.0
1,112,17,5,1,0,29.0,4.0,-inf,1.0
1,114,17,4,1,0,33.0,3.0,-4.532103879606418,1.0
1,114,17,4,1,1,33.0,3.0,-inf,1.0
1,115,17,4,1,1,33.0,3.0,-inf,1.0
1,114,17,4,1,0,33.0,3.0,-inf,1.0
1,113,17,4,1,1,33.0,3.0,-inf,1.0
1,115,17,4,1,0,33.0,3.0,-4.301466592104122,1.0
1,114,17,4,1,1,33.0,3.0,-inf,1.0
1,115,17,4,1,1,33.0,3.0,-inf,1.0
1,116,17,4,1,0,33.0,3.0,-7.1658174612089525,1.0
1,116,17,4,1,1,33.0,3.0,-4.558878937655534,1.0
1,115,17,3,2,1,30.0,4.0,-inf,1.0
1,112,17,3,1,0,30.0,4.0,-inf,1.0
1,114,17,2,4,1,28.25,4.0,-3.855828980074695,1.0
1,113,17,3,1,1,30.0,4.0,-inf,1.0
1,110,17,3,2,0,30.0,4.0,-4.560711099633994,1.0
1,113,17,3,2,1,30.0,4.0,-4.275455891782897,1.0
1,117,17,3,2,1,30.0,4.0,-inf,1.0
1,117,17,3,2,1,30.0,4.0,-inf,1.0
1,118,17,3,2,1,30.0,4.0,-inf,1.0
1,116,17,2,2,1,28.25,4.0,-5.907154477804983,1.0
1,117,17,4,1,1,33.0,3.0,-4.317128224435127,1.0
1,118,17,4,1,1,33.0,3.0,-inf,1.0
1,117,17,4,1,0,33.0,3.0,-inf,1.0
1,116,17,4,3,1,33.0,3.0,-6.233825738359854,1.0
1,118,17,2,2,0,28.25,4.0,-5.604888910345342,1.0
1,121,17,2,1,0,28.25,4.0,-4.421272612351985,1.0
1,121,17,2,2,0,28.25,4.0,-inf,1.0
1,120,17,1,1,0,32.0,3.0,-inf,1.0
1,125,17,1,2,1,32.0,3.0,-inf,1.0
1,121,17,5,1,0,29.0,4.0,-inf,1.0
1,121,17,5,1,0,29.0,4.0,-4.199346542932344,1.0
1,121,17,4,1,1,33.0,3.0,-5.927363593133945,1.0
1,120,17,4,3,1,33.0,3.0,-3.9543207350665464,1.0
1,117,17,1,1,1,32.0,3.0,-inf,1.0
1,121,17,1,2,0,32.0,3.0,-inf,1.0
1,123,17,1,2,0,32.0,3.0,-inf,1.0
1,124,17,1,1,0,32.0,3.0,-inf,1.0
1,123,17,1,2,1,32.0,3.0,-4.747236035784637,1.0
1,122,17,1,2,0,32.0,3.0,-inf,1.0
1,125,17,1,2,1,32.0,3.0,-inf,1.0
1,126,17,5,1,0,29.0,4.0,-4.465797965963209,1.0
1,125,17,1,2,0,32.0,3.0,-4.0411337817152395,1.0
1,117,17,5,3,1,29.0,4.0,-inf,1.0
1,116,17,5,3,1,29.0,4.0,-4.384768212153502,1.0
1,121,17,5,3,0,29.0,4.0,-4.396164602651719,1.0
1,122,17,1,2,1,32.0,3.0,-inf,1.0
1,125,17,1,2,1,32.0,3.0,-4.416189531166662,1.0
1,124,17,1,2,0,32.0,3.0,-inf,1.0
1,132,17,5,3,1,29.0,4.0,-4.978155859626876,1.0
1,130,17,4,2,0,33.0,3.0,-inf,1.0
1,131,17,4,2,1,33.0,3.0,-inf,1.0
1,132,17,4,2,1,33.0,3.0,-inf,1.0
1,131,17,4,2,0,33.0,3.0,-4.911099721460971,1.0
1,133,17,2,2,1,28.25,4.0,-inf,1.0
1,136,17,4,3,1,33.0,3.0,-inf,1.0
1,139,17,4,3,0,33.0,3.0,-5.740385566699843,1.0
1,142,17,5,3,1,29.0,4.0,-inf,1.0
1,141,17,5,3,1,29.0,4.0,-inf,1.0
1,141,17,2,2,1,28.25,4.0,-5.905150859089484,1.0
1,142,17,4,3,1,33.0,3.0,-7.332917064671317,1.0
1,142,17,5,2,1,29.0,4.0,-inf,1.0
1,143,17,5,3,0,29.0,4.0,-inf,1.0
1,143,17,5,3,1,29.0,4.0,-7.420180294587196,1.0
1,142,17,4,3,0,33.0,3.0,-inf,1.0
1,142,17,5,3,0,29.0,4.0,-inf,1.0
1,143,17,4,3,1,33.0,3.0,-inf,1.0
1,147,17,4,2,1,33.0,3.0,-6.430623510114232,1.0
1,146,17,5,3,1,29.0,4.0,-inf,1.0
1,146,17,1,1,1,32.0,3.0,-7.696638301015104,1.0
1,146,17,4,3,1,33.0,3.0,-inf,1.0
1,145,17,4,3,0,33.0,3.0,-6.018020886673839,1.0
1,147,17,5,2,1,29.0,4.0,-7.887569421324171,1.0
1,145,17,5,2,0,29.0,4.0,-inf,1.0
1,146,17,5,1,0,29.0,4.0,-inf,1.0
1,147,17,6,3,1,35.333333333333336,3.0,-6.430623510114232,1.0
1,146,17,4,3,1,33.0,3.0,-6.338320938703341,1.0
1,150,17,4,3,1,33.0,3.0,-inf,1.0
1,70,18,4,2,1,19.0,2.0,-inf,1.0
1,89,18,6,2,0,24.0,2.0,-5.68028632421498,1.0
1,100,18,3,1,0,24.5,2.0,-4.920633875209189,1.0
1,93,18,5,2,0,20.5,2.0,-4.482624439435101,1.0
1,97,18,3,1,0,24.5,2.0,-6.655161378027324,1.0
1,96,18,1,1,1,23.5,2.0,-5.161182082832064,1.0
1,96,18,1,1,0,23.5,2.0,-4.47702702554937,1.0
1,99,18,6,2,0,24.0,2.0,-6.530378977925854,1.0
1,96,18,2,2,0,18.0,2.0,-4.778203872686897,1.0
1,96,18,3,1,1,24.5,2.0,-4.47702702554937,1.0
1,88,18,5,1,1,20.5,2.0,-5.76082697880846,1.0
1,105,18,6,2,0,24.0,2.0,-inf,1.0
1,93,18,1,2,0,23.5,2.0,-6.681829111211327,1.0
1,107,18,2,1,0,18.0,2.0,-4.37307604939701,1.0
1,114,18,5,1,1,20.5,2.0,-inf,1.0
1,115,18,3,2,1,24.5,2.0,-inf,1.0
1,117,18,3,1,1,24.5,2.0,-4.300378508960046,1.0
1,115,18,3,1,0,24.5,2.0,-inf,1.0
1,117,18,3,1,1,24.5,2.0,-inf,1.0
1,116,18,3,1,1,24.5,2.0,-4.558878937655534,1.0
1,113,18,3,1,1,24.5,2.0,-inf,1.0
1,118,18,1,2,1,23.5,2.0,-4.5880351066957,1.0
1,119,18,2,2,0,18.0,2.0,-inf,1.0
1,115,18,3,1,0,24.5,2.0,-inf,1.0
1,117,18,3,1,1,24.5,2.0,-inf,1.0
1,126,18,2,2,0,18.0,2.0,-inf,1.0
1,126,18,3,1,0,24.5,2.0,-6.504234969725381,1.0
1,122,18,6,2,0,24.0,2.0,-inf,1.0
1,125,18,1,1,1,23.5,2.0,-inf,1.0
1,125,18,6,2,0,24.0,2.0,-4.818271362505316,1.0
1,129,18,3,2,1,24.5,2.0,-inf,1.0
1,127,18,1,1,0,23.5,2.0,-4.911952925122517,1.0
1,128,18,6,2,0,24.0,2.0,-inf,1.0
1,129,18,2,2,0,18.0,2.0,-6.33948959645262,1.0
1,129,18,2,2,1,18.0,2.0,-5.746528065860524,1.0
1,128,18,3,2,1,24.5,2.0,-inf,1.0
1,132,18,6,1,1,24.0,2.0,-5.996629195258672,1.0
1,132,18,6,1,1,24.0,2.0,-inf,1.0
1,133,18,6,1,0,24.0,2.0,-inf,1.0
1,133,18,6,2,1,24.0,2.0,-inf,1.0
1,131,18,6,1,0,24.0,2.0,-inf,1.0
1,131,18,6,1,1,24.0,2.0,-inf,1.0
1,131,18,1,1,0,23.5,2.0,-inf,1.0
1,133,18,1,1,0,23.5,2.0,-inf,1.0
1,129,18,6,1,0,24.0,2.0,-5.020066033827773,1.0
1,126,18,3,2,1,24.5,2.0,-4.692724241481207,1.0
1,134,18,6,2,0,24.0,2.0,-inf,1.0
1,137,18,6,1,0,24.0,2.0,-5.573761483860899,1.0
1,138,18,1,2,1,23.5,2.0,-inf,1.0
1,139,18,5,2,1,20.5,2.0,-5.735910028518518,1.0
1,139,18,5,2,1,20.5,2.0,-7.185461608121339,1.0
1,137,18,5,2,0,20.5,2.0,-6.895355103212425,1.0
1,137,18,5,2,1,20.5,2.0,-inf,1.0
1,137,18,2,1,1,18.0,2.0,-inf,1.0
1,147,18,1,2,0,23.5,2.0,-6.425626812383847,1.0
1,76,19,4,2,0,24.0,3.0,-8.280397756802383,1.0
1,81,19,3,1,0,29.333333333333332,3.0,-8.038031800078688,1.0
1,79,19,4,3,0,24.0,3.0,-7.349233502307867,1.0
1,79,19,1,1,1,33.0,2.0,-inf,1.0
1,80,19,4,2,0,24.0,3.0,-inf,1.0
1,80,19,4,2,1,24.0,3.0,-6.087323302911707,1.0
1,81,19,1,1,0,33.0,2.0,-inf,1.0
1,81,19,3,1,0,29.333333333333332,3.0,-inf,1.0
1,82,19,4,2,1,24.0,3.0,-7.073775280420427,1.0
1,82,19,4,2,1,24.0,3.0,-inf,1.0
1,83,19,4,2,0,24.0,3.0,-7.536165152496225,1.0
1,83,19,4,2,1,24.0,3.0,-6.937096614672752,1.0
1,84,19,6,1,0,36.0,2.0,-inf,1.0
1,84,19,2,1,1,32.0,2.0,-5.203558529873375,1.0
1,84,19,5,2,1,30.5,2.0,-6.093781548838264,1.0
1,85,19,4,2,0,24.0,3.0,-inf,1.0
1,85,19,3,3,0,29.333333333333332,3.0,-inf,1.0
1,85,19,3,1,0,29.333333333333332,3.0,-inf,1.0
1,85,19,3,3,0,29.333333333333332,3.0,-inf,1.0
1,85,19,4,1,0,24.0,3.0,-7.463280935726777,1.0
1,85,19,4,2,1,24.0,3.0,-inf,1.0
1,85,19,2,2,0,32.0,2.0,-5.224412595940764,1.0
1,86,19,3,1,0,29.333333333333332,3.0,-5.922584790506208,1.0
1,86,19,4,3,1,24.0,3.0,-inf,1.0
1,86,19,3,1,1,29.333333333333332,3.0,-inf,1.0
1,86,19,2,2,1,32.0,2.0,-5.922584790506208,1.0
1,86,19,5,2,1,30.5,2.0,-inf,1.0
1,86,19,4,1,1,24.0,3.0,-inf,1.0
1,86,19,4,1,1,24.0,3.0,-inf,1.0
1,86,19,4,3,0,24.0,3.0,-inf,1.0
1,86,19,1,2,0,33.0,2.0,-inf,1.0
1,86,19,1,1,0,33.0,2.0,-5.700994928759202,1.0
1,86,19,4,2,0,24.0,3.0,-inf,1.0
1,86,19,3,1,1,29.333333333333332,3.0,-inf,1.0
1,87,19,5,1,0,30.5,2.0,-inf,1.0
1,88,19,4,3,1,24.0,3.0,-inf,1.0
1,97,19,6,2,0,36.0,2.0,-inf,1.0
1,98,19,1,1,1,33.0,2.0,-4.348318830153432,1.0
1,100,19,3,1,1,29.333333333333332,3.0,-4.234568839752835,1.0
1,100,19,4,3,1,24.0,3.0,-3.843312423252346,1.0
1,100,19,6,2,0,36.0,2.0,-inf,1.0
1,103,19,6,2,0,36.0,2.0,-6.058579422530556,1.0
1,104,19,2,2,0,32.0,2.0,-4.730948072581283,1.0
1,104,19,6,2,1,36.0,2.0,-5.495511926517618,1.0
1,106,19,5,1,1,30.5,2.0,-inf,1.0
1,108,19,5,1,1,30.5,2.0,-inf,1.0
1,110,19,5,1,0,30.5,2.0,-inf,1.0
1,115,19,4,3,1,24.0,3.0,-inf,1.0
1,119,19,1,1,1,33.0,2.0,-4.43232225405245,1.0
1,119,19,5,2,0,30.5,2.0,-4.43232225405245,1.0
1,123,19,1,1,1,33.0,2.0,-4.720915358140191,1.0
1,134,19,1,1,0,33.0,2.0,-6.140872756593492,1.0
1,137,19,1,1,0,33.0,2.0,-inf,1.0
1,99,20,5,1,0,24.0,1.0,-inf,1.0
1,101,20,1,1,1,20.0,1.0,-inf,1.0
1,102,20,1,1,0,20.0,1.0,-inf,1.0
1,102,20,1,1,0,20.0,1.0,-inf,1.0
1,102,20,3,1,1,21.0,1.0,-inf,1.0
1,116,20,5,1,1,24.0,1.0,-5.8137814781279875,1.0
1,116,20,1,1,1,20.0,1.0,-4.557644460271069,1.0
1,117,20,1,1,0,20.0,1.0,-4.5713234403522,1.0
1,117,20,2,1,0,17.0,1.0,-inf,1.0
1,117,20,2,1,1,17.0,1.0,-inf,1.0
1,117,20,3,1,1,21.0,1.0,-4.556844684761684,1.0
1,117,20,2,1,1,17.0,1.0,-4.300378508960046,1.0
1,117,20,2,1,0,17.0,1.0,-4.577151351055416,1.0
1,117,20,2,1,0,17.0,1.0,-3.717016662032198,1.0
1,117,20,2,1,0,17.0,1.0,-5.33967903710318,1.0
1,117,20,2,1,1,17.0,1.0,-4.563750165479011,1.0
1,117,20,2,1,1,17.0,1.0,-inf,1.0
1,117,20,2,1,0,17.0,1.0,-6.090591072249888,1.0
1,118,20,5,1,0,24.0,1.0,-inf,1.0
1,118,20,5,1,1,24.0,1.0,-inf,1.0
1,118,20,5,1,1,24.0,1.0,-inf,1.0
1,119,20,5,1,1,24.0,1.0,-4.43232225405245,1.0
1,118,20,6,1,1,24.0,1.0,-inf,1.0
1,118,20,6,1,1,24.0,1.0,-inf,1.0
1,118,20,6,1,0,24.0,1.0,-inf,1.0
1,117,20,6,1,0,24.0,1.0,-4.577151351055416,1.0
1,118,20,6,1,0,24.0,1.0,-4.5818819577692285,1.0
1,116,20,3,1,1,21.0,1.0,-inf,1.0
1,118,20,3,1,1,21.0,1.0,-inf,1.0
1,117,20,3,1,1,21.0,1.0,-inf,1.0
1,118,20,3,1,1,21.0,1.0,-inf,1.0
1,114,20,3,1,1,21.0,1.0,-4.552913959032866,1.0
1,117,20,3,1,0,21.0,1.0,-inf,1.0
1,119,20,3,1,0,21.0,1.0,-inf,1.0
1,112,20,3,1,0,21.0,1.0,-4.55238534150886,1.0
1,117,20,3,1,0,21.0,1.0,-3.7861222090223894,1.0
1,116,20,3,1,0,21.0,1.0,-inf,1.0
1,115,20,3,1,1,21.0,1.0,-4.5359608946498575,1.0
1,117,20,4,1,0,21.0,1.0,-inf,1.0
1,118,20,4,1,1,21.0,1.0,-3.7687508929343334,1.0
1,115,20,4,1,1,21.0,1.0,-4.567545339026804,1.0
1,120,20,1,1,0,20.0,1.0,-3.8492548985117967,1.0
1,116,20,2,1,1,17.0,1.0,-4.30982854657651,1.0
1,116,20,3,1,0,21.0,1.0,-6.178343020735459,1.0
1,122,20,4,1,0,21.0,1.0,-inf,1.0
1,119,20,6,1,0,24.0,1.0,-4.595018522289602,1.0
1,120,20,4,1,1,21.0,1.0,-4.626914481104141,1.0
1,119,20,2,1,1,17.0,1.0,-5.901942338642092,1.0
1,121,20,3,1,1,21.0,1.0,-inf,1.0
1,119,20,2,1,1,17.0,1.0,-4.624818390105161,1.0
1,123,20,4,1,0,21.0,1.0,-4.720915358140191,1.0
1,81,22,3,1,1,28.5,2.0,-inf,1.0
1,99,22,4,2,1,27.0,2.0,-6.273109708493132,1.0
1,99,22,5,1,0,31.5,2.0,-inf,1.0
1,111,22,5,2,0,31.5,2.0,-6.181268457745291,1.0
1,118,22,2,2,0,26.5,2.0,-4.580587810729169,1.0
1,128,22,4,1,1,27.0,2.0,-4.899286377466095,1.0
1,130,22,4,1,1,27.0,2.0,-inf,1.0
1,134,22,4,2,1,27.0,2.0,-4.971046963460222,1.0
1,141,22,2,1,0,26.5,2.0,-7.246738058308336,1.0
1,142,22,1,2,1,33.0,2.0,-5.752235106793401,1.0
1,143,22,2,1,1,26.5,2.0,-inf,1.0
1,143,22,2,1,1,26.5,2.0,-inf,1.0
1,144,22,2,1,0,26.5,2.0,-7.508437931982702,1.0
1,144,22,2,1,1,26.5,2.0,-6.16188380206984,1.0
1,144,22,2,1,1,26.5,2.0,-inf,1.0
1,145,22,2,1,0,26.5,2.0,-inf,1.0
1,145,22,2,1,0,26.5,2.0,-inf,1.0
1,145,22,2,1,1,26.5,2.0,-inf,1.0
1,145,22,2,1,0,26.5,2.0,-7.977675319389671,1.0
1,145,22,1,1,1,33.0,2.0,-inf,1.0
1,145,22,2,1,0,26.5,2.0,-8.390875389348414,1.0
1,146,22,2,1,0,26.5,2.0,-6.163606612312923,1.0
1,146,22,2,1,1,26.5,2.0,-inf,1.0
1,146,22,2,1,0,26.5,2.0,-inf,1.0
1,147,22,2,2,0,26.5,2.0,-inf,1.0
1,147,22,1,2,0,33.0,2.0,-6.253549870893299,1.0
1,151,22,1,2,1,33.0,2.0,-inf,1.0
1,151,22,3,1,0,28.5,2.0,-8.474482535131102,1.0
1,151,22,1,1,1,33.0,2.0,-8.474482535131102,1.0
1,85,23,5,3,0,35.25,4.0,-6.007601581930663,1.0
1,86,23,4,2,0,36.0,4.0,-5.744940319841687,1.0
1,96,23,3,4,0,34.5,4.0,-inf,1.0
1,100,23,1,3,0,28.8,5.0,-5.948463186837437,1.0
1,103,23,2,5,0,31.000000000000004,5.0,-4.522463118088137,1.0
1,101,23,6,3,1,27.833333333333332,6.0,-4.619630737258763,1.0
1,100,23,3,3,0,34.5,4.0,-7.100223048339183,1.0
1,101,23,1,1,1,28.8,5.0,-4.688839255815819,1.0
1,101,23,4,2,1,36.0,4.0,-4.688839255815819,1.0
1,102,23,6,4,1,27.833333333333332,6.0,-inf,1.0
1,104,23,2,2,1,31.000000000000004,5.0,-4.338079634342113,1.0
1,103,23,6,4,1,27.833333333333332,6.0,-6.4185273898246376,1.0
1,102,23,4,1,0,36.0,4.0,-inf,1.0
1,102,23,4,1,1,36.0,4.0,-6.429400606684775,1.0
1,103,23,4,1,0,36.0,4.0,-4.6104441803726814,1.0
1,104,23,4,1,0,36.0,4.0,-4.730948072581283,1.0
1,103,23,4,1,1,36.0,4.0,-inf,1.0
1,104,23,4,1,0,36.0,4.0,-inf,1.0
1,101,23,4,1,0,36.0,4.0,-4.619630737258763,1.0
1,105,23,5,1,1,35.25,4.0,-4.70414155895047,1.0
1,102,23,5,1,1,35.25,4.0,-4.5692954426999695,1.0
1,105,23,3,3,1,34.5,4.0,-inf,1.0
1,105,23,1,2,0,28.8,5.0,-inf,1.0
1,103,23,3,1,0,34.5,4.0,-4.779715495374369,1.0
1,100,23,6,1,0,27.833333333333332,6.0,-5.677718345642295,1.0
1,103,23,6,1,1,27.833333333333332,6.0,-4.522463118088137,1.0
1,102,23,6,3,0,27.833333333333332,6.0,-6.107077650682671,1.0
1,102,23,6,3,0,27.833333333333332,6.0,-inf,1.0
1,105,23,6,3,1,27.833333333333332,6.0,-inf,1.0
1,102,23,6,3,1,27.833333333333332,6.0,-inf,1.0
1,102,23,6,3,0,27.833333333333332,6.0,-5.5355042430032295,1.0
1,102,23,6,3,1,27.833333333333332,6.0,-inf,1.0
1,102,23,6,3,0,27.833333333333332,6.0,-6.466236030952516,1.0
1,105,23,6,3,1,27.833333333333332,6.0,-inf,1.0
1,103,23,6,3,0,27.833333333333332,6.0,-inf,1.0
1,103,23,6,4,0,27.833333333333332,6.0,-4.779715495374369,1.0
1,104,23,3,3,0,34.5,4.0,-inf,1.0
1,107,23,1,3,0,28.8,5.0,-inf,1.0
1,107,23,4,2,1,36.0,4.0,-inf,1.0
1,107,23,3,4,1,34.5,4.0,-inf,1.0
1,103,23,3,4,0,34.5,4.0,-4.773087393834665,1.0
1,103,23,3,4,0,34.5,4.0,-inf,1.0
1,105,23,3,4,1,34.5,4.0,-inf,1.0
1,107,23,3,4,1,34.5,4.0,-inf,1.0
1,107,23,3,3,0,34.5,4.0,-4.620399533864447,1.0
1,106,23,1,3,1,28.8,5.0,-inf,1.0
1,105,23,1,3,1,28.8,5.0,-4.439905497585995,1.0
1,107,23,1,3,0,28.8,5.0,-inf,1.0
1,107,23,1,3,1,28.8,5.0,-4.536220681537122,1.0
1,107,23,1,3,0,28.8,5.0,-inf,1.0
1,106,23,1,3,0,28.8,5.0,-4.354899257818198,1.0
1,106,23,1,3,0,28.8,5.0,-4.671125430123699,1.0
1,107,23,1,3,1,28.8,5.0,-4.37307604939701,1.0
1,107,23,1,3,1,28.8,5.0,-inf,1.0
1,107,23,1,3,0,28.8,5.0,-5.903304255589521,1.0
1,106,23,1,3,1,28.8,5.0,-inf,1.0
1,107,23,1,3,0,28.8,5.0,-inf,1.0
1,106,23,1,3,1,28.8,5.0,-inf,1.0
1,106,23,4,3,1,36.0,4.0,-5.969044287946852,1.0
1,106,23,2,2,1,31.000000000000004,5.0,-4.658030961474473,1.0
1,107,23,5,3,1,35.25,4.0,-inf,1.0
1,105,23,5,3,0,35.25,4.0,-inf,1.0
1,107,23,5,3,1,35.25,4.0,-inf,1.0
1,107,23,5,3,1,35.25,4.0,-inf,1.0
1,105,23,5,3,1,35.25,4.0,-6.005695381236606,1.0
1,107,23,5,2,0,35.25,4.0,-inf,1.0
1,107,23,1,3,1,28.8,5.0,-4.379999603060895,1.0
1,107,23,6,1,1,27.833333333333332,6.0,-4.640986738353632,1.0
1,107,23,5,3,0,35.25,4.0,-inf,1.0
1,108,23,1,1,1,28.8,5.0,-inf,1.0
1,108,23,1,1,1,28.8,5.0,-4.356708114290283,1.0
1,103,23,1,1,0,28.8,5.0,-inf,1.0
1,108,23,1,3,0,28.8,5.0,-inf,1.0
1,107,23,1,2,1,28.8,5.0,-4.6505273391572475,1.0
1,107,23,6,5,1,27.833333333333332,6.0,-inf,1.0
1,106,23,6,5,0,27.833333333333332,6.0,-inf,1.0
1,107,23,6,5,0,27.833333333333332,6.0,-inf,1.0
1,108,23,6,2,0,27.833333333333332,6.0,-inf,1.0
1,108,23,4,1,0,36.0,4.0,-inf,1.0
1,104,23,5,4,0,35.25,4.0,-4.494110803462872,1.0
1,108,23,5,4,0,35.25,4.0,-inf,1.0
1,108,23,4,1,1,36.0,4.0,-inf,1.0
1,108,23,5,4,1,35.25,4.0,-inf,1.0
1,108,23,5,4,0,35.25,4.0,-6.137354883595076,1.0
1,103,23,5,4,1,35.25,4.0,-inf,1.0
1,108,23,5,4,1,35.25,4.0,-inf,1.0
1,103,23,4,1,1,36.0,4.0,-3.955048383121584,1.0
1,104,23,5,4,1,35.25,4.0,-4.743127294478622,1.0
1,109,23,5,4,1,35.25,4.0,-inf,1.0
1,106,23,5,4,1,35.25,4.0,-4.671125430123699,1.0
1,105,23,5,4,1,35.25,4.0,-inf,1.0
1,104,23,5,4,1,35.25,4.0,-inf,1.0
1,108,23,5,1,1,35.25,4.0,-inf,1.0
1,106,23,5,1,1,35.25,4.0,-4.404460557214148,1.0
1,107,23,5,2,1,35.25,4.0,-4.620399533864447,1.0
1,109,23,4,3,0,36.0,4.0,-inf,1.0
1,108,23,5,2,0,35.25,4.0,-inf,1.0
1,106,23,6,1,0,27.833333333333332,6.0,-inf,1.0
1,108,23,6,1,0,27.833333333333332,6.0,-4.60103063316715,1.0
1,108,23,3,1,1,34.5,4.0,-inf,1.0
1,107,23,3,1,0,34.5,4.0,-inf,1.0
1,108,23,3,1,0,34.5,4.0,-inf,1.0
1,103,23,5,2,1,35.25,4.0,-inf,1.0
1,107,23,5,2,1,35.25,4.0,-5.41464385786745,1.0
1,107,23,5,2,1,35.25,4.0,-4.640986738353632,1.0
1,108,23,5,2,1,35.25,4.0,-inf,1.0
1,107,23,1,2,0,28.8,5.0,-4.231516753118373,1.0
1,108,23,3,4,1,34.5,4.0,-3.7918264245820783,1.0
1,105,23,1,4,1,28.8,5.0,-4.692554992919481,1.0
1,108,23,1,4,0,28.8,5.0,-inf,1.0
1,108,23,1,4,0,28.8,5.0,-inf,1.0
1,107,23,1,4,0,28.8,5.0,-4.639849626898027,1.0
1,108,23,1,4,0,28.8,5.0,-inf,1.0
1,108,23,1,1,0,28.8,5.0,-4.614887875187916,1.0
1,109,23,4,2,0,36.0,4.0,-inf,1.0
1,109,23,5,4,0,35.25,4.0,-inf,1.0
1,108,23,5,4,1,35.25,4.0,-4.2042101379137105,1.0
1,108,23,5,4,1,35.25,4.0,-inf,1.0
1,107,23,5,4,1,35.25,4.0,-inf,1.0
1,108,23,5,1,1,35.25,4.0,-4.60103063316715,1.0
1,108,23,1,4,0,28.8,5.0,-inf,1.0
1,109,23,1,2,0,28.8,5.0,-inf,1.0
1,109,23,1,2,0,28.8,5.0,-6.196201723012025,1.0
1,109,23,1,2,1,28.8,5.0,-inf,1.0
1,109,23,6,5,0,27.833333333333332,6.0,-5.872944856715986,1.0
1,110,23,6,5,0,27.833333333333332,6.0,-inf,1.0
1,109,23,6,2,1,27.833333333333332,6.0,-inf,1.0
1,108,23,2,2,0,31.000000000000004,5.0,-inf,1.0
1,109,23,2,2,0,31.000000000000004,5.0,-4.578745846738343,1.0
1,107,23,1,3,1,28.8,5.0,-inf,1.0
1,108,23,2,3,1,31.000000000000004,5.0,-4.419005561939782,1.0
1,109,23,2,3,0,31.000000000000004,5.0,-inf,1.0
1,108,23,2,3,1,31.000000000000004,5.0,-4.614887875187916,1.0
1,108,23,3,3,1,34.5,4.0,-4.60103063316715,1.0
1,107,23,2,3,1,31.000000000000004,5.0,-inf,1.0
1,107,23,4,4,0,36.0,4.0,-inf,1.0
1,106,23,4,4,1,36.0,4.0,-4.658030961474473,1.0
1,104,23,4,4,1,36.0,4.0,-4.743127294478622,1.0
1,107,23,4,4,1,36.0,4.0,-inf,1.0
1,106,23,4,4,0,36.0,4.0,-inf,1.0
1,109,23,1,5,0,28.8,5.0,-inf,1.0
1,108,23,1,5,0,28.8,5.0,-4.60103063316715,1.0
1,109,23,1,5,1,28.8,5.0,-4.3362510453604495,1.0
1,109,23,1,5,0,28.8,5.0,-4.592913159241522,1.0
1,107,23,1,5,1,28.8,5.0,-5.925088268485166,1.0
1,104,23,1,5,1,28.8,5.0,-4.730948072581283,1.0
1,104,23,1,5,1,28.8,5.0,-4.730948072581283,1.0
1,108,23,1,5,1,28.8,5.0,-inf,1.0
1,108,23,1,5,0,28.8,5.0,-4.345866235124302,1.0
1,109,23,3,1,1,34.5,4.0,-inf,1.0
1,108,23,4,4,1,36.0,4.0,-4.419005561939782,1.0
1,108,23,4,4,1,36.0,4.0,-inf,1.0
1,109,23,4,4,0,36.0,4.0,-inf,1.0
1,106,23,4,4,1,36.0,4.0,-4.628291043528732,1.0
1,109,23,4,4,0,36.0,4.0,-3.679262989999727,1.0
1,108,23,4,3,1,36.0,4.0,-inf,1.0
1,111,23,4,3,1,36.0,4.0,-inf,1.0
1,105,23,4,3,1,36.0,4.0,-4.685913707584882,1.0
1,110,23,4,3,0,36.0,4.0,-inf,1.0
1,113,23,4,3,1,36.0,4.0,-4.553458771202115,1.0
1,108,23,3,1,1,34.5,4.0,-inf,1.0
1,111,23,2,4,0,31.000000000000004,5.0,-inf,1.0
1,109,23,2,4,0,31.000000000000004,5.0,-inf,1.0
1,111,23,2,4,1,31.000000000000004,5.0,-inf,1.0
1,110,23,1,5,1,28.8,5.0,-4.573919822902231,1.0
1,112,23,1,5,1,28.8,5.0,-4.138677344413599,1.0
1,109,23,1,5,1,28.8,5.0,-4.578745846738343,1.0
1,110,23,1,5,1,28.8,5.0,-inf,1.0
1,110,23,2,3,1,31.000000000000004,5.0,-4.560711099633994,1.0
1,103,23,2,3,1,31.000000000000004,5.0,-6.058579422530556,1.0
1,110,23,2,3,0,31.000000000000004,5.0,-inf,1.0
1,109,23,2,3,1,31.000000000000004,5.0,-5.850970035410017,1.0
1,112,23,2,3,0,31.000000000000004,5.0,-inf,1.0
1,106,23,1,3,1,28.8,5.0,-inf,1.0
1,109,23,2,3,0,31.000000000000004,5.0,-inf,1.0
1,110,23,2,5,1,31.000000000000004,5.0,-4.575134383432491,1.0
1,111,23,2,1,0,31.000000000000004,5.0,-inf,1.0
1,112,23,2,1,1,31.000000000000004,5.0,-inf,1.0
1,112,23,2,1,1,31.000000000000004,5.0,-inf,1.0
1,107,23,2,1,0,31.000000000000004,5.0,-inf,1.0
1,110,23,5,2,1,35.25,4.0,-inf,1.0
1,109,23,2,1,0,31.000000000000004,5.0,-inf,1.0
1,108,23,2,1,0,31.000000000000004,5.0,-inf,1.0
1,110,23,2,1,0,31.000000000000004,5.0,-5.853606305407545,1.0
1,108,23,2,1,1,31.000000000000004,5.0,-inf,1.0
1,106,23,2,1,1,31.000000000000004,5.0,-4.658030961474473,1.0
1,109,23,2,4,1,31.000000000000004,5.0,-inf,1.0
1,109,23,2,4,1,31.000000000000004,5.0,-inf,1.0
1,111,23,2,4,1,31.000000000000004,5.0,-5.9426083029222925,1.0
1,110,23,5,1,0,35.25,4.0,-inf,1.0
1,110,23,5,1,0,35.25,4.0,-inf,1.0
1,110,23,5,1,1,35.25,4.0,-4.553130300561337,1.0
1,110,23,5,1,0,35.25,4.0,-4.560711099633994,1.0
1,112,23,3,4,1,34.5,4.0,-4.2991305990432265,1.0
1,104,23,3,3,1,34.5,4.0,-inf,1.0
1,111,23,1,2,1,28.8,5.0,-inf,1.0
1,110,23,1,1,1,28.8,5.0,-4.575134383432491,1.0
1,109,23,1,1,0,28.8,5.0,-inf,1.0
1,110,23,1,1,0,28.8,5.0,-4.575134383432491,1.0
1,110,23,6,5,0,27.833333333333332,6.0,-inf,1.0
1,108,23,6,5,1,27.833333333333332,6.0,-4.356708114290283,1.0
1,110,23,6,4,1,27.833333333333332,6.0,-inf,1.0
1,112,23,4,2,1,36.0,4.0,-inf,1.0
1,111,23,4,2,1,36.0,4.0,-4.54698903519292,1.0
1,110,23,4,2,0,36.0,4.0,-inf,1.0
1,110,23,2,5,1,31.000000000000004,5.0,-4.560711099633994,1.0
1,108,23,2,5,1,31.000000000000004,5.0,-5.908356595019548,1.0
1,112,23,2,5,0,31.000000000000004,5.0,-4.558324343266819,1.0
1,109,23,2,5,1,31.000000000000004,5.0,-inf,1.0
1,105,23,2,5,1,31.000000000000004,5.0,-inf,1.0
1,107,23,2,5,1,31.000000000000004,5.0,-inf,1.0
1,110,23,6,5,1,27.833333333333332,6.0,-inf,1.0
1,110,23,2,5,1,31.000000000000004,5.0,-5.532985807585539,1.0
1,110,23,5,4,0,35.25,4.0,-4.311585713699419,1.0
1,111,23,5,4,0,35.25,4.0,-inf,1.0
1,110,23,5,2,1,35.25,4.0,-inf,1.0
1,110,23,5,2,1,35.25,4.0,-4.580940190791971,1.0
1,110,23,2,2,0,31.000000000000004,5.0,-5.343790401695496,1.0
1,113,23,6,4,0,27.833333333333332,6.0,-4.5474907157793245,1.0
1,106,23,2,5,0,31.000000000000004,5.0,-inf,1.0
1,108,23,2,5,1,31.000000000000004,5.0,-3.701808297534508,1.0
1,105,23,2,1,1,31.000000000000004,5.0,-4.439905497585995,1.0
1,105,23,2,1,1,31.000000000000004,5.0,-inf,1.0
1,110,23,2,1,0,31.000000000000004,5.0,-inf,1.0
1,107,23,2,1,1,31.000000000000004,5.0,-inf,1.0
1,108,23,1,4,1,28.8,5.0,-4.614887875187916,1.0
1,111,23,5,2,1,35.25,4.0,-4.561610150538866,1.0
1,104,23,1,3,1,28.8,5.0,-inf,1.0
1,112,23,4,4,1,36.0,4.0,-inf,1.0
1,111,23,4,4,0,36.0,4.0,-inf,1.0
1,109,23,6,4,1,27.833333333333332,6.0,-inf,1.0
1,109,23,5,2,0,35.25,4.0,-inf,1.0
1,103,23,5,3,1,35.25,4.0,-inf,1.0
1,111,23,5,3,0,35.25,4.0,-5.838875174579187,1.0
1,113,23,4,4,0,36.0,4.0,-4.553458771202115,1.0
1,113,23,4,1,1,36.0,4.0,-5.231258842248682,1.0
1,109,23,1,5,0,28.8,5.0,-4.396451734858464,1.0
1,115,23,5,2,1,35.25,4.0,-inf,1.0
1,115,23,4,1,1,36.0,4.0,-inf,1.0
1,115,23,4,3,0,36.0,4.0,-6.169625083617576,1.0
1,114,23,4,4,0,36.0,4.0,-inf,1.0
1,114,23,2,2,1,31.000000000000004,5.0,-4.546942641525197,1.0
1,107,23,1,5,0,28.8,5.0,-inf,1.0
1,111,23,2,5,1,31.000000000000004,5.0,-4.54698903519292,1.0
1,119,23,5,2,0,35.25,4.0,-4.339680470169894,1.0
1,118,23,3,1,1,34.5,4.0,-inf,1.0
1,119,23,4,1,0,36.0,4.0,-4.412921466530908,1.0
1,115,23,4,1,1,36.0,4.0,-inf,1.0
1,118,23,5,3,1,35.25,4.0,-inf,1.0
1,118,23,2,4,1,31.000000000000004,5.0,-5.845647047452163,1.0
1,122,23,6,1,0,27.833333333333332,6.0,-inf,1.0
1,124,23,6,1,1,27.833333333333332,6.0,-inf,1.0
1,108,23,3,4,1,34.5,4.0,-3.7918264245820783,1.0
1,130,23,4,4,1,36.0,4.0,-5.08960553623997,1.0
1,131,23,5,2,0,35.25,4.0,-7.579310991162922,1.0
1,107,23,1,3,0,28.8,5.0,-4.596812355970233,1.0
1,138,23,2,5,0,31.000000000000004,5.0,-5.481105891409586,1.0
1,139,23,4,2,1,36.0,4.0,-5.561942830733671,1.0
1,147,23,2,4,1,31.000000000000004,5.0,-6.425626812383847,1.0
1,78,24,6,1,0,24.0,3.0,-7.96655775358418,1.0
1,82,24,6,1,1,24.0,3.0,-inf,1.0
1,82,24,6,1,0,24.0,3.0,-6.2678979528765515,1.0
1,83,24,6,1,1,24.0,3.0,-inf,1.0
1,83,24,6,2,0,24.0,3.0,-inf,1.0
1,84,24,6,1,1,24.0,3.0,-inf,1.0
1,84,24,6,1,1,24.0,3.0,-inf,1.0
1,85,24,2,2,1,28.5,2.0,-6.0058229770252725,1.0
1,85,24,6,1,1,24.0,3.0,-5.6350209812422705,1.0
1,88,24,6,1,1,24.0,3.0,-inf,1.0
1,98,24,6,3,0,24.0,3.0,-inf,1.0
1,106,24,1,2,1,23.0,2.0,-inf,1.0
1,109,24,1,1,0,23.0,2.0,-inf,1.0
1,113,24,4,2,1,22.0,2.0,-inf,1.0
1,113,24,6,1,0,24.0,3.0,-5.823476594690596,1.0
1,116,24,4,2,1,22.0,2.0,-inf,1.0
1,118,24,3,2,0,28.0,2.0,-inf,1.0
1,115,24,6,3,0,24.0,3.0,-inf,1.0
1,115,24,5,1,0,30.0,2.0,-inf,1.0
1,115,24,5,2,0,30.0,2.0,-5.827025216870971,1.0
1,114,24,3,2,1,28.0,2.0,-4.532103879606418,1.0
1,113,24,3,2,1,28.0,2.0,-inf,1.0
1,117,24,3,2,1,28.0,2.0,-4.556844684761684,1.0
1,116,24,3,2,1,28.0,2.0,-4.536510182434983,1.0
1,114,24,3,2,1,28.0,2.0,-5.822878469419442,1.0
1,113,24,3,2,0,28.0,2.0,-inf,1.0
1,116,24,3,2,0,28.0,2.0,-inf,1.0
1,117,24,3,2,1,28.0,2.0,-inf,1.0
1,115,24,3,2,1,28.0,2.0,-inf,1.0
1,116,24,4,2,1,22.0,2.0,-3.8677393383359355,1.0
1,117,24,1,1,1,23.0,2.0,-4.556844684761684,1.0
1,117,24,1,2,0,23.0,2.0,-6.191667900776749,1.0
1,118,24,5,1,0,30.0,2.0,-inf,1.0
1,117,24,5,1,1,30.0,2.0,-inf,1.0
1,119,24,6,2,1,24.0,3.0,-3.9177141148146273,1.0
1,118,24,6,3,0,24.0,3.0,-inf,1.0
1,115,24,3,2,0,28.0,2.0,-inf,1.0
1,119,24,5,1,0,30.0,2.0,-3.9117012254191015,1.0
1,120,24,6,2,0,24.0,3.0,-inf,1.0
1,118,24,5,2,1,30.0,2.0,-inf,1.0
1,120,24,6,3,1,24.0,3.0,-inf,1.0
1,121,24,6,3,0,24.0,3.0,-4.649955189333966,1.0
1,120,24,6,2,1,24.0,3.0,-inf,1.0
1,121,24,1,1,0,23.0,2.0,-inf,1.0
1,121,24,5,2,1,30.0,2.0,-inf,1.0
1,118,24,1,1,1,23.0,2.0,-inf,1.0
1,120,24,5,2,1,30.0,2.0,-3.9427308448242986,1.0
1,122,24,2,1,1,28.5,2.0,-4.430597787774374,1.0
1,123,24,6,1,0,24.0,3.0,-inf,1.0
1,120,24,2,2,0,28.5,2.0,-inf,1.0
1,122,24,2,2,0,28.5,2.0,-inf,1.0
1,119,24,2,2,1,28.5,2.0,-inf,1.0
1,122,24,2,2,1,28.5,2.0,-inf,1.0
1,120,24,2,2,1,28.5,2.0,-4.645636844696183,1.0
1,121,24,2,1,1,28.5,2.0,-4.649955189333966,1.0
1,121,24,2,2,1,28.5,2.0,-6.051527456032945,1.0
1,122,24,6,2,0,24.0,3.0,-4.683486032217667,1.0
1,122,24,5,2,1,30.0,2.0,-inf,1.0
1,118,24,5,1,0,30.0,2.0,-inf,1.0
1,121,24,2,2,1,28.5,2.0,-inf,1.0
1,122,24,2,2,1,28.5,2.0,-inf,1.0
1,119,24,2,2,0,28.5,2.0,-4.608958746777816,1.0
1,123,24,2,2,1,28.5,2.0,-4.720915358140191,1.0
1,124,24,6,2,0,24.0,3.0,-inf,1.0
1,123,24,5,1,1,30.0,2.0,-inf,1.0
1,123,24,2,1,0,28.5,2.0,-7.134353819067015,1.0
1,125,24,5,1,1,30.0,2.0,-4.82710779902123,1.0
1,123,24,3,1,1,28.0,2.0,-6.251502763772297,1.0
1,124,24,3,1,0,28.0,2.0,-4.773930328565971,1.0
1,121,24,3,1,0,28.0,2.0,-4.406552496154272,1.0
1,126,24,3,1,0,28.0,2.0,-7.156626944269045,1.0
1,125,24,2,1,0,28.5,2.0,-inf,1.0
1,124,24,2,1,1,28.5,2.0,-3.845529085425433,1.0
1,125,24,6,2,1,24.0,3.0,-inf,1.0
1,124,24,5,1,0,30.0,2.0,-inf,1.0
1,124,24,4,1,1,22.0,2.0,-inf,1.0
1,126,24,4,2,1,22.0,2.0,-4.855346576343102,1.0
1,122,24,2,2,1,28.5,2.0,-4.7071677934204965,1.0
1,119,24,2,2,1,28.5,2.0,-4.084994871108857,1.0
1,124,24,2,2,1,28.5,2.0,-inf,1.0
1,127,24,5,2,1,30.0,2.0,-inf,1.0
1,127,24,4,2,1,22.0,2.0,-inf,1.0
1,124,24,3,1,0,28.0,2.0,-inf,1.0
1,125,24,2,2,1,28.5,2.0,-inf,1.0
1,128,24,5,2,1,30.0,2.0,-4.878352949007393,1.0
1,130,24,5,2,1,30.0,2.0,-inf,1.0
1,130,24,4,1,1,22.0,2.0,-inf,1.0
1,134,24,2,1,1,28.5,2.0,-7.792830160025815,1.0
1,134,24,5,1,1,30.0,2.0,-inf,1.0
1,137,24,6,3,1,24.0,3.0,-inf,1.0
1,137,24,5,1,1,30.0,2.0,-inf,1.0
1,70,25,5,1,0,29.5,2.0,-7.381526688765625,1.0
1,76,25,5,1,0,29.5,2.0,-inf,1.0
1,79,25,6,1,1,32.0,2.0,-inf,1.0
1,80,25,2,2,0,31.5,2.0,-inf,1.0
1,80,25,6,1,0,32.0,2.0,-inf,1.0
1,81,25,2,2,0,31.5,2.0,-inf,1.0
1,82,25,6,1,0,32.0,2.0,-inf,1.0
1,84,25,6,1,1,32.0,2.0,-inf,1.0
1,84,25,2,1,1,31.5,2.0,-inf,1.0
1,84,25,2,1,1,31.5,2.0,-6.096912784371009,1.0
1,88,25,2,1,1,31.5,2.0,-inf,1.0
1,88,25,2,1,1,31.5,2.0,-5.582552182412873,1.0
1,89,25,2,1,1,31.5,2.0,-5.68028632421498,1.0
1,89,25,2,1,1,31.5,2.0,-5.68028632421498,1.0
1,89,25,2,1,0,31.5,2.0,-5.439135605827072,1.0
1,96,25,4,2,0,30.5,2.0,-5.893385226216269,1.0
1,98,25,5,1,1,29.5,2.0,-6.35524973066283,1.0
1,102,25,4,1,1,30.5,2.0,-3.6576707968267987,1.0
1,102,25,5,1,0,29.5,2.0,-3.7188839891089076,1.0
1,103,25,3,1,1,32.0,2.0,-4.773087393834665,1.0
1,104,25,3,2,0,32.0,2.0,-4.743127294478622,1.0
1,104,25,5,1,0,29.5,2.0,-4.730948072581283,1.0
1,104,25,1,2,1,26.5,2.0,-4.051629069399088,1.0
1,106,25,3,2,1,32.0,2.0,-inf,1.0
1,110,25,5,2,0,29.5,2.0,-inf,1.0
1,112,25,5,2,0,29.5,2.0,-inf,1.0
1,114,25,5,2,0,29.5,2.0,-4.294904193661052,1.0
1,115,25,5,2,0,29.5,2.0,-5.804873889602239,1.0
1,115,25,5,2,1,29.5,2.0,-inf,1.0
1,115,25,5,2,1,29.5,2.0,-inf,1.0
1,116,25,5,2,1,29.5,2.0,-inf,1.0
1,116,25,5,1,0,29.5,2.0,-inf,1.0
1,116,25,5,2,0,29.5,2.0,-6.233825738359854,1.0
1,118,25,5,1,1,29.5,2.0,-5.867641839423117,1.0
1,117,25,5,2,1,29.5,2.0,-inf,1.0
1,117,25,5,2,0,29.5,2.0,-4.5713234403522,1.0
1,118,25,5,2,1,29.5,2.0,-inf,1.0
1,119,25,3,2,1,32.0,2.0,-5.351428089263055,1.0
1,120,25,4,2,0,30.5,2.0,-inf,1.0
1,121,25,4,2,0,30.5,2.0,-4.662042969375664,1.0
1,121,25,5,1,0,29.5,2.0,-4.468499852453064,1.0
1,123,25,1,1,1,26.5,2.0,-inf,1.0
1,123,25,5,1,1,29.5,2.0,-5.801682390336105,1.0
1,128,25,4,2,1,30.5,2.0,-4.597871917102004,1.0
1,131,25,4,2,0,30.5,2.0,-inf,1.0
1,135,25,6,2,0,32.0,2.0,-4.617120276788061,1.0
1,59,26,2,1,0,30.0,2.0,-10.03339099881006,1.0
1,59,26,2,1,1,30.0,2.0,-inf,1.0
1,59,26,2,1,0,30.0,2.0,-inf,1.0
1,59,26,2,1,0,30.0,2.0,-9.813331250136027,1.0
1,59,26,2,1,1,30.0,2.0,-inf,1.0
1,59,26,2,1,0,30.0,2.0,-inf,1.0
1,60,26,2,1,1,30.0,2.0,-inf,1.0
1,60,26,2,1,0,30.0,2.0,-7.533589699842625,1.0
1,61,26,6,2,0,25.666666666666668,3.0,-9.838541748283669,1.0
1,64,26,2,1,0,30.0,2.0,-inf,1.0
1,64,26,2,1,0,30.0,2.0,-inf,1.0
1,70,26,6,3,0,25.666666666666668,3.0,-inf,1.0
1,72,26,6,3,1,25.666666666666668,3.0,-inf,1.0
1,76,26,2,2,1,30.0,2.0,-6.454166210853305,1.0
1,85,26,1,3,1,26.666666666666668,3.0,-inf,1.0
1,88,26,4,1,1,36.0,2.0,-5.54325154278005,1.0
1,92,26,4,2,1,36.0,2.0,-inf,1.0
1,93,26,2,2,0,30.0,2.0,-5.375576636825456,1.0
1,95,26,3,2,1,35.5,2.0,-4.992730977573662,1.0
1,99,26,6,2,0,25.666666666666668,3.0,-4.9933974522853,1.0
1,100,26,6,2,1,25.666666666666668,3.0,-inf,1.0
1,103,26,1,3,0,26.666666666666668,3.0,-4.793903118121385,1.0
1,101,26,6,2,0,25.666666666666668,3.0,-inf,1.0
1,101,26,6,2,0,25.666666666666668,3.0,-inf,1.0
1,102,26,6,2,0,25.666666666666668,3.0,-inf,1.0
1,108,26,6,3,1,25.666666666666668,3.0,-inf,1.0
1,115,26,1,2,1,26.666666666666668,3.0,-inf,1.0
1,116,26,6,3,0,25.666666666666668,3.0,-inf,1.0
1,117,26,4,1,0,36.0,2.0,-4.5713234403522,1.0
1,114,26,6,3,1,25.666666666666668,3.0,-5.284321334162541,1.0
1,115,26,6,3,1,25.666666666666668,3.0,-5.838793945457081,1.0
1,112,26,6,3,0,25.666666666666668,3.0,-3.7705603499651694,1.0
1,114,26,6,3,1,25.666666666666668,3.0,-inf,1.0
1,114,26,6,3,0,25.666666666666668,3.0,-inf,1.0
1,115,26,6,3,0,25.666666666666668,3.0,-inf,1.0
1,110,26,1,3,0,26.666666666666668,3.0,-3.793345333281583,1.0
1,114,26,6,3,0,25.666666666666668,3.0,-inf,1.0
1,114,26,1,2,0,26.666666666666668,3.0,-inf,1.0
1,115,26,1,2,1,26.666666666666668,3.0,-inf,1.0
1,114,26,1,2,1,26.666666666666668,3.0,-inf,1.0
1,115,26,1,2,1,26.666666666666668,3.0,-inf,1.0
1,112,26,1,2,1,26.666666666666668,3.0,-inf,1.0
1,116,26,6,1,0,25.666666666666668,3.0,-4.54421753977242,1.0
1,116,26,1,2,0,26.666666666666668,3.0,-inf,1.0
1,118,26,1,2,0,26.666666666666668,3.0,-inf,1.0
1,119,26,5,2,1,26.0,3.0,-inf,1.0
1,117,26,6,3,0,25.666666666666668,3.0,-inf,1.0
1,119,26,5,1,1,26.0,3.0,-inf,1.0
1,117,26,5,1,1,26.0,3.0,-4.158554674466085,1.0
1,116,26,6,3,0,25.666666666666668,3.0,-5.835898062781258,1.0
1,116,26,5,1,1,26.0,3.0,-5.8137814781279875,1.0
1,120,26,1,1,1,26.666666666666668,3.0,-5.917551119954532,1.0
1,119,26,5,1,0,26.0,3.0,-inf,1.0
1,123,26,6,1,0,25.666666666666668,3.0,-inf,1.0
1,120,26,3,2,0,35.5,2.0,-inf,1.0
1,121,26,2,2,1,30.0,2.0,-4.427713524309409,1.0
1,120,26,3,2,1,35.5,2.0,-4.224236944797244,1.0
1,122,26,3,2,1,35.5,2.0,-inf,1.0
1,119,26,3,2,1,35.5,2.0,-4.620862742857492,1.0
1,122,26,3,2,0,35.5,2.0,-inf,1.0
1,122,26,3,2,1,35.5,2.0,-inf,1.0
1,119,26,3,2,1,35.5,2.0,-4.198002002045822,1.0
1,117,26,3,2,0,35.5,2.0,-5.876953085739224,1.0
1,120,26,3,2,0,35.5,2.0,-inf,1.0
1,122,26,4,2,1,36.0,2.0,-3.8648566280181003,1.0
1,118,26,4,2,1,36.0,2.0,-5.867641839423117,1.0
1,120,26,4,2,0,36.0,2.0,-4.376480859333769,1.0
1,120,26,4,2,1,36.0,2.0,-5.921204540690606,1.0
1,120,26,4,2,1,36.0,2.0,-4.620433063239815,1.0
1,119,26,4,2,1,36.0,2.0,-4.608958746777816,1.0
1,122,26,4,2,0,36.0,2.0,-4.696253478768924,1.0
1,120,26,5,2,1,26.0,3.0,-inf,1.0
1,120,26,4,2,0,36.0,2.0,-inf,1.0
1,122,26,4,2,0,36.0,2.0,-inf,1.0
1,122,26,4,2,1,36.0,2.0,-4.689572597664851,1.0
1,122,26,4,2,1,36.0,2.0,-inf,1.0
1,120,26,4,2,0,36.0,2.0,-inf,1.0
1,122,26,3,1,1,35.5,2.0,-inf,1.0
1,123,26,3,2,1,35.5,2.0,-inf,1.0
1,123,26,4,2,0,36.0,2.0,-inf,1.0
1,122,26,4,2,0,36.0,2.0,-inf,1.0
1,123,26,4,2,1,36.0,2.0,-inf,1.0
1,123,26,4,2,1,36.0,2.0,-4.7437369614751415,1.0
1,123,26,6,1,1,25.666666666666668,3.0,-4.7437369614751415,1.0
1,118,26,4,1,1,36.0,2.0,-4.176079787839817,1.0
1,117,26,6,3,0,25.666666666666668,3.0,-inf,1.0
1,123,26,3,2,1,35.5,2.0,-4.720915358140191,1.0
1,121,26,3,2,1,35.5,2.0,-4.406552496154272,1.0
1,122,26,3,1,1,35.5,2.0,-inf,1.0
1,121,26,3,1,1,35.5,2.0,-inf,1.0
1,124,26,3,1,1,35.5,2.0,-inf,1.0
1,124,26,4,1,1,36.0,2.0,-inf,1.0
1,124,26,5,1,0,26.0,3.0,-6.407080325764771,1.0
1,124,26,3,2,0,35.5,2.0,-4.520782475753271,1.0
1,124,26,3,1,1,35.5,2.0,-4.100613733128475,1.0
1,125,26,1,1,0,26.666666666666668,3.0,-4.498570318541108,1.0
1,125,26,2,2,1,30.0,2.0,-3.9891499095540954,1.0
1,125,26,3,1,1,35.5,2.0,-6.137164887345131,1.0
1,125,26,3,1,0,35.5,2.0,-4.498570318541108,1.0
1,125,26,3,1,1,35.5,2.0,-inf,1.0
1,124,26,4,1,1,36.0,2.0,-4.773930328565971,1.0
1,125,26,3,1,1,35.5,2.0,-4.836493370955615,1.0
1,125,26,3,1,0,35.5,2.0,-inf,1.0
1,125,26,3,1,0,35.5,2.0,-6.453875455109573,1.0
1,125,26,3,1,1,35.5,2.0,-6.115681836399968,1.0
1,124,26,3,1,1,35.5,2.0,-6.171537322677346,1.0
1,124,26,3,1,1,35.5,2.0,-4.511232475414339,1.0
1,126,26,6,1,0,25.666666666666668,3.0,-inf,1.0
1,126,26,5,2,0,26.0,3.0,-5.573944108715665,1.0
1,126,26,6,2,0,25.666666666666668,3.0,-inf,1.0
1,125,26,6,1,1,25.666666666666668,3.0,-4.812360170190662,1.0
1,127,26,4,2,1,36.0,2.0,-inf,1.0
1,127,26,6,1,1,25.666666666666668,3.0,-inf,1.0
1,127,26,2,2,0,30.0,2.0,-4.917305268546337,1.0
1,127,26,2,2,0,30.0,2.0,-inf,1.0
1,127,26,1,3,1,26.666666666666668,3.0,-4.917305268546337,1.0
1,127,26,1,1,0,26.666666666666668,3.0,-inf,1.0
1,128,26,1,3,1,26.666666666666668,3.0,-inf,1.0
1,129,26,1,3,0,26.666666666666668,3.0,-4.7747054028606035,1.0
1,129,26,1,1,1,26.666666666666668,3.0,-inf,1.0
1,130,26,5,1,0,26.0,3.0,-6.47574679922417,1.0
1,130,26,1,1,0,26.666666666666668,3.0,-5.088879629066163,1.0
1,131,26,1,3,1,26.666666666666668,3.0,-inf,1.0
1,132,26,1,3,1,26.666666666666668,3.0,-inf,1.0
1,130,26,1,1,1,26.666666666666668,3.0,-inf,1.0
1,130,26,1,1,0,26.666666666666668,3.0,-inf,1.0
1,131,26,1,3,0,26.666666666666668,3.0,-inf,1.0
1,132,26,1,3,1,26.666666666666668,3.0,-inf,1.0
1,132,26,1,1,1,26.666666666666668,3.0,-inf,1.0
1,132,26,1,1,1,26.666666666666668,3.0,-5.224507239799247,1.0
1,134,26,1,1,1,26.666666666666668,3.0,-inf,1.0
1,134,26,1,1,0,26.666666666666668,3.0,-5.350867615972772,1.0
1,136,26,1,1,0,26.666666666666668,3.0,-inf,1.0
1,137,26,5,2,0,26.0,3.0,-5.350214728986509,1.0
1,78,27,2,1,0,29.666666666666668,3.0,-inf,1.0
1,102,27,3,1,0,27.333333333333332,3.0,-6.5207029176204445,1.0
1,101,27,4,3,1,26.0,3.0,-4.0506045338565855,1.0
1,103,27,1,1,0,36.333333333333336,3.0,-inf,1.0
1,106,27,1,3,1,36.333333333333336,3.0,-3.4409359342651458,1.0
1,107,27,1,3,0,36.333333333333336,3.0,-4.640986738353632,1.0
1,112,27,6,2,1,36.0,2.0,-inf,1.0
1,116,27,3,1,0,27.333333333333332,3.0,-inf,1.0
1,115,27,3,2,0,27.333333333333332,3.0,-4.5359608946498575,1.0
1,118,27,3,1,0,27.333333333333332,3.0,-4.586836123575791,1.0
1,118,27,2,1,0,29.666666666666668,3.0,-inf,1.0
1,119,27,4,1,0,26.0,3.0,-3.939181621122424,1.0
1,120,27,1,2,0,36.333333333333336,3.0,-4.6328807751113885,1.0
1,120,27,4,2,0,26.0,3.0,-inf,1.0
1,120,27,1,1,0,36.333333333333336,3.0,-4.43863732748259,1.0
1,121,27,4,1,0,26.0,3.0,-inf,1.0
1,120,27,1,2,1,36.333333333333336,3.0,-inf,1.0
1,121,27,6,2,1,36.0,2.0,-inf,1.0
1,121,27,3,2,1,27.333333333333332,3.0,-4.565224617969821,1.0
1,122,27,4,3,0,26.0,3.0,-inf,1.0
1,122,27,1,1,0,36.333333333333336,3.0,-inf,1.0
1,122,27,3,1,0,27.333333333333332,3.0,-inf,1.0
1,124,27,1,1,0,36.333333333333336,3.0,-inf,1.0
1,124,27,1,1,0,36.333333333333336,3.0,-inf,1.0
1,125,27,1,3,0,36.333333333333336,3.0,-inf,1.0
1,125,27,1,3,1,36.333333333333336,3.0,-inf,1.0
1,124,27,1,2,1,36.333333333333336,3.0,-inf,1.0
1,124,27,4,1,0,26.0,3.0,-inf,1.0
1,125,27,2,3,0,29.666666666666668,3.0,-4.319360305201661,1.0
1,123,27,2,3,1,29.666666666666668,3.0,-4.041735854185419,1.0
1,126,27,2,3,0,29.666666666666668,3.0,-inf,1.0
1,123,27,1,1,1,36.333333333333336,3.0,-inf,1.0
1,124,27,1,1,1,36.333333333333336,3.0,-inf,1.0
1,123,27,4,1,0,26.0,3.0,-inf,1.0
1,124,27,2,1,0,29.666666666666668,3.0,-inf,1.0
1,125,27,2,1,0,29.666666666666668,3.0,-inf,1.0
1,125,27,3,2,0,27.333333333333332,3.0,-inf,1.0
1,124,27,4,1,0,26.0,3.0,-4.511232475414339,1.0
1,125,27,6,2,1,36.0,2.0,-inf,1.0
1,125,27,1,1,1,36.333333333333336,3.0,-inf,1.0
1,126,27,2,2,0,29.666666666666668,3.0,-inf,1.0
1,128,27,1,2,0,36.333333333333336,3.0,-4.575019907174433,1.0
1,129,27,1,2,0,36.333333333333336,3.0,-inf,1.0
1,127,27,4,3,1,26.0,3.0,-inf,1.0
1,129,27,6,2,1,36.0,2.0,-inf,1.0
1,129,27,1,1,1,36.333333333333336,3.0,-4.63430974316159,1.0
1,129,27,2,3,0,29.666666666666668,3.0,-4.784912057879561,1.0
1,128,27,2,3,1,29.666666666666668,3.0,-4.715559292397135,1.0
1,129,27,1,1,0,36.333333333333336,3.0,-inf,1.0
1,130,27,1,1,0,36.333333333333336,3.0,-inf,1.0
1,130,27,1,3,1,36.333333333333336,3.0,-inf,1.0
1,130,27,1,2,1,36.333333333333336,3.0,-inf,1.0
1,130,27,1,2,0,36.333333333333336,3.0,-inf,1.0
1,130,27,1,2,1,36.333333333333336,3.0,-inf,1.0
1,130,27,2,3,0,29.666666666666668,3.0,-5.096349158973394,1.0
1,130,27,2,3,1,29.666666666666668,3.0,-5.861910739419712,1.0
1,130,27,2,3,0,29.666666666666668,3.0,-6.43274954295894,1.0
1,128,27,2,3,0,29.666666666666668,3.0,-4.97171821012852,1.0
1,129,27,1,1,1,36.333333333333336,3.0,-5.020066033827773,1.0
1,130,27,2,3,0,29.666666666666668,3.0,-5.081008088813494,1.0
1,132,27,2,2,0,29.666666666666668,3.0,-4.978155859626876,1.0
1,130,27,2,2,1,29.666666666666668,3.0,-inf,1.0
1,130,27,1,1,0,36.333333333333336,3.0,-inf,1.0
1,131,27,1,1,0,36.333333333333336,3.0,-inf,1.0
1,132,27,1,2,0,36.333333333333336,3.0,-inf,1.0
1,129,27,1,2,0,36.333333333333336,3.0,-inf,1.0
1,132,27,1,2,1,36.333333333333336,3.0,-5.221632227395313,1.0
1,131,27,1,2,0,36.333333333333336,3.0,-inf,1.0
1,132,27,6,1,1,36.0,2.0,-inf,1.0
1,132,27,6,1,0,36.0,2.0,-inf,1.0
1,131,27,1,1,0,36.333333333333336,3.0,-4.901544146014961,1.0
1,132,27,1,1,1,36.333333333333336,3.0,-5.046760237308192,1.0
1,100,27,1,1,0,36.333333333333336,3.0,-6.214518836014879,1.0
1,131,27,2,3,0,29.666666666666668,3.0,-4.773721484022687,1.0
1,132,27,2,3,0,29.666666666666668,3.0,-5.857805009380527,1.0
1,130,27,2,3,1,29.666666666666668,3.0,-inf,1.0
1,131,27,2,3,1,29.666666666666668,3.0,-5.152780901785073,1.0
1,130,27,5,3,0,26.0,3.0,-inf,1.0
1,128,27,1,1,1,36.333333333333336,3.0,-4.275685999532822,1.0
1,134,27,1,2,1,36.333333333333336,3.0,-inf,1.0
1,135,27,1,1,1,36.333333333333336,3.0,-5.119442865536751,1.0
1,139,27,4,3,0,26.0,3.0,-inf,1.0
1,121,27,1,1,1,36.333333333333336,3.0,-4.662042969375664,1.0
1,135,27,2,2,0,29.666666666666668,3.0,-6.758340363494819,1.0
1,136,27,2,2,1,29.666666666666668,3.0,-inf,1.0
1,123,27,5,2,0,26.0,3.0,-inf,1.0
1,124,27,5,2,1,26.0,3.0,-inf,1.0
1,124,27,5,2,0,26.0,3.0,-inf,1.0
1,118,27,5,2,1,26.0,3.0,-5.328824954121467,1.0
1,121,27,5,2,0,26.0,3.0,-4.649955189333966,1.0
1,124,27,5,2,0,26.0,3.0,-4.5230836937625,1.0
1,122,27,5,2,0,26.0,3.0,-inf,1.0
1,122,27,5,2,0,26.0,3.0,-inf,1.0
1,123,27,5,2,1,26.0,3.0,-inf,1.0
1,122,27,5,2,0,26.0,3.0,-inf,1.0
1,129,27,5,2,0,26.0,3.0,-inf,1.0
1,123,27,5,2,1,26.0,3.0,-4.468998263823316,1.0
1,129,27,1,3,1,36.333333333333336,3.0,-5.036363281869566,1.0
1,122,27,5,2,0,26.0,3.0,-inf,1.0
1,129,27,1,3,0,36.333333333333336,3.0,-5.0292012615296295,1.0
1,75,28,1,3,0,30.749999999999996,4.0,-8.265193106008113,1.0
1,76,28,5,4,0,30.749999999999996,4.0,-6.815210107618906,1.0
1,78,28,2,2,1,29.0,4.0,-6.630517990130367,1.0
1,80,28,3,2,0,29.5,4.0,-6.169456572342966,1.0
1,79,28,2,3,0,29.0,4.0,-6.539097470130999,1.0
1,81,28,6,1,0,34.0,3.0,-inf,1.0
1,81,28,6,1,1,34.0,3.0,-inf,1.0
1,81,28,2,2,1,29.0,4.0,-inf,1.0
1,85,28,3,2,0,29.5,4.0,-inf,1.0
1,83,28,2,3,0,29.0,4.0,-inf,1.0
1,84,28,6,1,0,34.0,3.0,-6.096912784371009,1.0
1,84,28,4,3,1,30.25,4.0,-inf,1.0
1,88,28,2,2,0,29.0,4.0,-inf,1.0
1,90,28,3,2,1,29.5,4.0,-6.341658921239318,1.0
1,88,28,1,2,0,30.749999999999996,4.0,-inf,1.0
1,88,28,3,2,1,29.5,4.0,-inf,1.0
1,87,28,1,2,1,30.749999999999996,4.0,-8.197608110452425,1.0
1,90,28,1,2,1,30.749999999999996,4.0,-5.359027072350186,1.0
1,91,28,1,2,0,30.749999999999996,4.0,-5.524185312211632,1.0
1,91,28,1,2,1,30.749999999999996,4.0,-6.855522851893533,1.0
1,82,28,3,3,0,29.5,4.0,-6.271894710905712,1.0
1,91,28,1,4,0,30.749999999999996,4.0,-inf,1.0
1,91,28,1,2,1,30.749999999999996,4.0,-4.707965775400823,1.0
1,91,28,3,2,0,29.5,4.0,-inf,1.0
1,96,28,4,2,1,30.25,4.0,-5.161182082832064,1.0
1,95,28,4,1,1,30.25,4.0,-6.790651372753973,1.0
1,96,28,6,3,1,34.0,3.0,-5.168449364216624,1.0
1,96,28,3,1,1,29.5,4.0,-5.168449364216624,1.0
1,97,28,5,1,0,30.749999999999996,4.0,-5.878315048341497,1.0
1,98,28,2,2,0,29.0,4.0,-inf,1.0
1,97,28,4,2,0,30.25,4.0,-inf,1.0
1,98,28,4,3,1,30.25,4.0,-6.69062811890298,1.0
1,98,28,6,1,0,34.0,3.0,-inf,1.0
1,99,28,2,1,0,29.0,4.0,-inf,1.0
1,100,28,6,2,1,34.0,3.0,-inf,1.0
1,103,28,4,3,1,30.25,4.0,-inf,1.0
1,106,28,6,2,1,34.0,3.0,-4.263009735071238,1.0
1,106,28,4,2,1,30.25,4.0,-inf,1.0
1,106,28,6,2,0,34.0,3.0,-inf,1.0
1,107,28,3,4,0,29.5,4.0,-6.266048881689631,1.0
1,111,28,5,3,1,30.749999999999996,4.0,-4.561610150538866,1.0
1,111,28,3,4,1,29.5,4.0,-4.102131834661974,1.0
1,112,28,1,1,1,30.749999999999996,4.0,-inf,1.0
1,113,28,1,4,1,30.749999999999996,4.0,-inf,1.0
1,110,28,5,1,1,30.749999999999996,4.0,-3.7414087758340453,1.0
1,110,28,6,3,1,34.0,3.0,-inf,1.0
1,113,28,4,4,1,30.25,4.0,-inf,1.0
1,111,28,5,4,1,30.749999999999996,4.0,-4.54698903519292,1.0
1,113,28,5,4,0,30.749999999999996,4.0,-inf,1.0
1,112,28,5,3,1,30.749999999999996,4.0,-5.290224616874589,1.0
1,113,28,5,3,1,30.749999999999996,4.0,-inf,1.0
1,113,28,4,3,1,30.25,4.0,-inf,1.0
1,113,28,5,4,1,30.749999999999996,4.0,-inf,1.0
1,113,28,5,4,1,30.749999999999996,4.0,-inf,1.0
1,114,28,4,1,0,30.25,4.0,-4.532103879606418,1.0
1,113,28,5,4,1,30.749999999999996,4.0,-inf,1.0
1,114,28,5,4,1,30.749999999999996,4.0,-inf,1.0
1,113,28,5,4,0,30.749999999999996,4.0,-inf,1.0
1,115,28,5,3,1,30.749999999999996,4.0,-inf,1.0
1,115,28,2,1,0,29.0,4.0,-inf,1.0
1,114,28,1,1,0,30.749999999999996,4.0,-inf,1.0
1,114,28,5,4,1,30.749999999999996,4.0,-5.822878469419442,1.0
1,114,28,5,3,0,30.749999999999996,4.0,-inf,1.0
1,116,28,6,1,0,34.0,3.0,-4.54421753977242,1.0
1,116,28,5,4,1,30.749999999999996,4.0,-inf,1.0
1,115,28,5,4,0,30.749999999999996,4.0,-4.5359608946498575,1.0
1,116,28,5,1,1,30.749999999999996,4.0,-inf,1.0
1,103,28,5,1,0,30.749999999999996,4.0,-inf,1.0
1,112,28,5,1,0,30.749999999999996,4.0,-inf,1.0
1,115,28,5,1,0,30.749999999999996,4.0,-inf,1.0
1,116,28,6,2,0,34.0,3.0,-inf,1.0
1,115,28,5,1,1,30.749999999999996,4.0,-inf,1.0
1,116,28,4,3,1,30.25,4.0,-inf,1.0
1,119,28,4,1,1,30.25,4.0,-inf,1.0
1,118,28,1,1,1,30.749999999999996,4.0,-inf,1.0
1,117,28,1,1,1,30.749999999999996,4.0,-inf,1.0
1,117,28,5,4,1,30.749999999999996,4.0,-4.556844684761684,1.0
1,118,28,5,3,1,30.749999999999996,4.0,-4.5880351066957,1.0
1,116,28,4,3,0,30.25,4.0,-4.298767282082267,1.0
1,116,28,4,3,1,30.25,4.0,-inf,1.0
1,115,28,4,3,0,30.25,4.0,-inf,1.0
1,118,28,4,3,1,30.25,4.0,-inf,1.0
1,117,28,4,3,1,30.25,4.0,-inf,1.0
1,118,28,4,3,0,30.25,4.0,-inf,1.0
1,117,28,4,3,0,30.25,4.0,-inf,1.0
1,115,28,5,2,0,30.749999999999996,4.0,-inf,1.0
1,116,28,5,2,0,30.749999999999996,4.0,-inf,1.0
1,117,28,5,2,1,30.749999999999996,4.0,-inf,1.0
1,119,28,5,2,1,30.749999999999996,4.0,-inf,1.0
1,116,28,5,2,1,30.749999999999996,4.0,-inf,1.0
1,116,28,4,4,1,30.25,4.0,-inf,1.0
1,118,28,3,2,0,29.5,4.0,-4.573798020965451,1.0
1,117,28,2,3,1,29.0,4.0,-4.311650794505594,1.0
1,118,28,5,2,1,30.749999999999996,4.0,-inf,1.0
1,119,28,5,2,0,30.749999999999996,4.0,-4.608958746777816,1.0
1,121,28,2,2,1,29.0,4.0,-4.468499852453064,1.0
1,120,28,1,1,1,30.749999999999996,4.0,-inf,1.0
1,120,28,6,3,0,34.0,3.0,-inf,1.0
1,121,28,5,2,0,30.749999999999996,4.0,-inf,1.0
1,121,28,6,3,1,34.0,3.0,-4.656248650880888,1.0
1,121,28,1,1,0,30.749999999999996,4.0,-4.396164602651719,1.0
1,121,28,6,1,1,34.0,3.0,-5.949063170067867,1.0
1,121,28,1,3,0,30.749999999999996,4.0,-4.3375963903808055,1.0
1,120,28,1,3,1,30.749999999999996,4.0,-4.365821795275017,1.0
1,121,28,1,3,1,30.749999999999996,4.0,-inf,1.0
1,121,28,1,3,1,30.749999999999996,4.0,-inf,1.0
1,120,28,1,3,0,30.749999999999996,4.0,-inf,1.0
1,118,28,1,3,1,30.749999999999996,4.0,-4.573798020965451,1.0
1,120,28,1,3,1,30.749999999999996,4.0,-4.449704635291348,1.0
1,120,28,1,3,1,30.749999999999996,4.0,-inf,1.0
1,121,28,1,3,1,30.749999999999996,4.0,-5.949063170067867,1.0
1,122,28,1,3,0,30.749999999999996,4.0,-inf,1.0
1,122,28,1,3,1,30.749999999999996,4.0,-inf,1.0
1,122,28,3,4,0,29.5,4.0,-4.430597787774374,1.0
1,122,28,5,3,0,30.749999999999996,4.0,-4.716816079437049,1.0
1,122,28,5,3,0,30.749999999999996,4.0,-inf,1.0
1,123,28,2,2,1,29.0,4.0,-4.7267789726103935,1.0
1,113,28,5,1,0,30.749999999999996,4.0,-4.5474907157793245,1.0
1,122,28,6,3,1,34.0,3.0,-inf,1.0
1,122,28,5,3,1,30.749999999999996,4.0,-inf,1.0
1,123,28,6,1,0,34.0,3.0,-inf,1.0
1,123,28,1,3,1,30.749999999999996,4.0,-4.481155302863989,1.0
1,123,28,3,2,1,29.5,4.0,-4.468998263823316,1.0
1,124,28,1,1,1,30.749999999999996,4.0,-4.7621227343736,1.0
1,127,28,2,4,1,29.0,4.0,-4.917305268546337,1.0
1,126,28,3,2,0,29.5,4.0,-inf,1.0
1,125,28,1,3,1,30.749999999999996,4.0,-inf,1.0
1,125,28,3,1,1,29.5,4.0,-4.5686908375367405,1.0
1,123,28,3,3,0,29.5,4.0,-4.410314641321525,1.0
1,124,28,3,4,0,29.5,4.0,-inf,1.0
1,122,28,4,4,0,30.25,4.0,-6.438731932111726,1.0
1,125,28,4,4,1,30.25,4.0,-4.5571579910434465,1.0
1,125,28,4,4,0,30.25,4.0,-6.453875455109573,1.0
1,123,28,1,2,0,30.749999999999996,4.0,-inf,1.0
1,124,28,5,3,0,30.749999999999996,4.0,-inf,1.0
1,125,28,3,3,1,29.5,4.0,-4.818271362505316,1.0
1,125,28,6,1,0,34.0,3.0,-inf,1.0
1,123,28,2,2,0,29.0,4.0,-4.733216633439212,1.0
1,123,28,1,2,0,30.749999999999996,4.0,-4.753040397657435,1.0
1,124,28,4,3,1,30.25,4.0,-4.520662741387236,1.0
1,125,28,3,2,0,29.5,4.0,-inf,1.0
1,125,28,1,2,1,30.749999999999996,4.0,-inf,1.0
1,124,28,1,2,1,30.749999999999996,4.0,-inf,1.0
1,125,28,1,2,0,30.749999999999996,4.0,-inf,1.0
1,127,28,2,2,1,29.0,4.0,-inf,1.0
1,127,28,2,1,1,29.0,4.0,-6.200250419663938,1.0
1,124,28,6,3,1,34.0,3.0,-4.773930328565971,1.0
1,123,28,6,3,1,34.0,3.0,-6.0357457023840855,1.0
1,127,28,2,2,0,29.0,4.0,-inf,1.0
1,124,28,1,2,1,30.749999999999996,4.0,-4.600742375516987,1.0
1,125,28,2,4,0,29.0,4.0,-4.126646979115944,1.0
1,124,28,1,3,1,30.749999999999996,4.0,-6.171537322677346,1.0
1,128,28,2,4,1,29.0,4.0,-inf,1.0
1,111,28,4,2,1,30.25,4.0,-4.561610150538866,1.0
1,112,28,4,2,0,30.25,4.0,-inf,1.0
1,128,28,4,2,0,30.25,4.0,-4.7305762688208315,1.0
1,114,28,5,1,0,30.749999999999996,4.0,-5.83466066140334,1.0
1,125,28,2,2,1,29.0,4.0,-inf,1.0
1,133,28,2,1,1,29.0,4.0,-5.279792306658457,1.0
1,132,28,2,1,1,29.0,4.0,-5.211023981352925,1.0
1,131,28,2,4,0,29.0,4.0,-inf,1.0
1,131,28,2,1,0,29.0,4.0,-inf,1.0
1,132,28,2,1,1,29.0,4.0,-inf,1.0
1,127,28,2,4,1,29.0,4.0,-6.458319617447719,1.0
1,130,28,2,4,1,29.0,4.0,-5.081008088813494,1.0
1,130,28,2,4,0,29.0,4.0,-inf,1.0
1,130,28,3,2,0,29.5,4.0,-inf,1.0
1,129,28,3,2,1,29.5,4.0,-6.343868527895589,1.0
1,128,28,3,2,0,29.5,4.0,-6.515484593298474,1.0
1,130,28,3,2,1,29.5,4.0,-inf,1.0
1,129,28,3,2,0,29.5,4.0,-inf,1.0
1,133,28,1,4,0,30.749999999999996,4.0,-6.067640509750209,1.0
1,129,28,3,3,1,29.5,4.0,-inf,1.0
1,128,28,3,3,0,29.5,4.0,-inf,1.0
1,129,28,3,3,1,29.5,4.0,-5.028430137655788,1.0
1,130,28,3,3,0,29.5,4.0,-6.429522115167226,1.0
1,128,28,3,3,1,29.5,4.0,-inf,1.0
1,129,28,3,3,0,29.5,4.0,-inf,1.0
1,127,28,3,3,0,29.5,4.0,-inf,1.0
1,132,28,3,1,0,29.5,4.0,-6.518070297511628,1.0
1,132,28,3,1,1,29.5,4.0,-inf,1.0
1,131,28,3,1,0,29.5,4.0,-6.449094314836744,1.0
1,131,28,3,1,1,29.5,4.0,-inf,1.0
1,132,28,3,1,0,29.5,4.0,-inf,1.0
1,128,28,3,1,0,29.5,4.0,-inf,1.0
1,130,28,3,1,1,29.5,4.0,-inf,1.0
1,129,28,3,2,1,29.5,4.0,-inf,1.0
1,128,28,3,2,1,29.5,4.0,-4.715559292397135,1.0
1,133,28,3,2,0,29.5,4.0,-inf,1.0
1,133,28,3,2,1,29.5,4.0,-inf,1.0
1,131,28,1,2,1,30.749999999999996,4.0,-5.152780901785073,1.0
1,133,28,4,1,0,30.25,4.0,-4.505293219263228,1.0
1,132,28,3,3,1,29.5,4.0,-5.211023981352925,1.0
1,134,28,2,1,0,29.0,4.0,-inf,1.0
1,135,28,3,1,0,29.5,4.0,-inf,1.0
1,125,28,2,2,0,29.0,4.0,-6.126637859906657,1.0
1,129,28,3,2,0,29.5,4.0,-6.138315482314884,1.0
1,134,28,3,2,1,29.5,4.0,-inf,1.0
1,127,28,3,4,0,29.5,4.0,-6.293417832864513,1.0
1,129,28,6,2,0,34.0,3.0,-inf,1.0
1,135,28,6,2,0,34.0,3.0,-5.424104154120178,1.0
1,136,28,2,2,1,29.0,4.0,-inf,1.0
1,139,28,3,4,1,29.5,4.0,-5.735910028518518,1.0
1,139,28,1,4,1,30.749999999999996,4.0,-5.500076898025519,1.0
1,138,28,6,2,0,34.0,3.0,-inf,1.0
1,137,28,3,1,1,29.5,4.0,-inf,1.0
1,139,28,1,2,1,30.749999999999996,4.0,-inf,1.0
1,143,28,3,4,0,29.5,4.0,-inf,1.0
1,145,28,3,4,0,29.5,4.0,-6.0210428858713545,1.0
1,144,28,4,4,0,30.25,4.0,-7.508437931982702,1.0
1,68,29,6,1,1,36.0,2.0,-inf,1.0
1,68,29,6,1,1,36.0,2.0,-inf,1.0
1,68,29,6,1,1,36.0,2.0,-inf,1.0
1,67,29,2,2,1,34.5,2.0,-9.405465043268872,1.0
1,70,29,2,1,0,34.5,2.0,-inf,1.0
1,66,29,2,1,1,34.5,2.0,-inf,1.0
1,66,29,2,2,0,34.5,2.0,-inf,1.0
1,71,29,2,2,1,34.5,2.0,-inf,1.0
1,73,29,6,1,0,36.0,2.0,-8.454053419857603,1.0
1,72,29,1,1,0,36.0,2.0,-inf,1.0
1,72,29,2,2,0,34.5,2.0,-inf,1.0
1,73,29,2,2,1,34.5,2.0,-8.43554419482527,1.0
1,73,29,2,2,1,34.5,2.0,-8.515537040813776,1.0
1,73,29,2,2,0,34.5,2.0,-inf,1.0
1,75,29,5,1,1,36.0,2.0,-6.908376418189594,1.0
1,76,29,5,1,0,36.0,2.0,-6.818049032895313,1.0
1,74,29,6,1,1,36.0,2.0,-inf,1.0
1,73,29,6,1,0,36.0,2.0,-inf,1.0
1,72,29,3,2,0,39.5,2.0,-7.191107472660541,1.0
1,73,29,2,1,0,34.5,2.0,-inf,1.0
1,74,29,2,1,0,34.5,2.0,-7.002026329242208,1.0
1,75,29,2,1,0,34.5,2.0,-inf,1.0
1,72,29,2,1,1,34.5,2.0,-8.875116550068102,1.0
1,75,29,5,1,1,36.0,2.0,-inf,1.0
1,73,29,5,1,1,36.0,2.0,-inf,1.0
1,75,29,6,1,1,36.0,2.0,-inf,1.0
1,86,29,3,1,1,39.5,2.0,-5.236835132700036,1.0
1,75,29,2,2,0,34.5,2.0,-inf,1.0
1,75,29,6,1,0,36.0,2.0,-inf,1.0
1,75,29,5,1,1,36.0,2.0,-inf,1.0
1,75,29,6,2,0,36.0,2.0,-inf,1.0
1,74,29,2,2,1,34.5,2.0,-8.66118732908349,1.0
1,77,29,2,2,0,34.5,2.0,-inf,1.0
1,77,29,2,2,0,34.5,2.0,-inf,1.0
1,77,29,2,2,0,34.5,2.0,-inf,1.0
1,77,29,2,2,1,34.5,2.0,-inf,1.0
1,76,29,2,1,1,34.5,2.0,-inf,1.0
1,78,29,3,1,1,39.5,2.0,-inf,1.0
1,78,29,2,2,0,34.5,2.0,-inf,1.0
1,80,29,5,1,0,36.0,2.0,-inf,1.0
1,79,29,5,1,1,36.0,2.0,-inf,1.0
1,82,29,1,2,0,36.0,2.0,-5.982531590828062,1.0
1,81,29,1,2,1,36.0,2.0,-inf,1.0
1,81,29,1,2,1,36.0,2.0,-6.126761539399766,1.0
1,80,29,1,2,1,36.0,2.0,-6.292228549730234,1.0
1,79,29,1,2,1,36.0,2.0,-6.321603456665663,1.0
1,83,29,2,2,0,34.5,2.0,-6.018574854540041,1.0
1,82,29,1,2,0,36.0,2.0,-inf,1.0
1,82,29,1,2,0,36.0,2.0,-inf,1.0
1,82,29,1,1,1,36.0,2.0,-5.456152095721728,1.0
1,82,29,6,2,0,36.0,2.0,-inf,1.0
1,83,29,6,2,1,36.0,2.0,-inf,1.0
1,82,29,1,2,1,36.0,2.0,-inf,1.0
1,82,29,1,2,0,36.0,2.0,-inf,1.0
1,83,29,6,1,1,36.0,2.0,-6.183659147661667,1.0
1,83,29,3,1,1,39.5,2.0,-6.018574854540041,1.0
1,83,29,5,1,0,36.0,2.0,-inf,1.0
1,84,29,5,2,0,36.0,2.0,-inf,1.0
1,82,29,5,2,1,36.0,2.0,-7.9480859923217615,1.0
1,83,29,1,1,1,36.0,2.0,-inf,1.0
1,83,29,1,1,0,36.0,2.0,-6.179536921062938,1.0
1,83,29,1,2,0,36.0,2.0,-7.511885602373944,1.0
1,83,29,1,2,1,36.0,2.0,-inf,1.0
1,83,29,1,2,0,36.0,2.0,-6.183902104576623,1.0
1,84,29,2,1,1,34.5,2.0,-inf,1.0
1,84,29,6,1,0,36.0,2.0,-inf,1.0
1,84,29,1,2,0,36.0,2.0,-inf,1.0
1,82,29,1,2,1,36.0,2.0,-6.037171969164167,1.0
1,84,29,3,1,1,39.5,2.0,-7.442329977134588,1.0
1,86,29,3,2,1,39.5,2.0,-inf,1.0
1,86,29,6,1,1,36.0,2.0,-inf,1.0
1,86,29,1,2,1,36.0,2.0,-5.6882935001986485,1.0
1,86,29,3,1,0,39.5,2.0,-5.6882935001986485,1.0
1,85,29,3,2,0,39.5,2.0,-inf,1.0
1,87,29,6,1,1,36.0,2.0,-inf,1.0
1,85,29,1,2,1,36.0,2.0,-inf,1.0
1,86,29,3,2,0,39.5,2.0,-5.922584790506208,1.0
1,86,29,3,2,0,39.5,2.0,-inf,1.0
1,95,29,1,1,1,36.0,2.0,-6.535831447110745,1.0
1,84,29,5,2,0,36.0,2.0,-inf,1.0
1,99,29,6,1,0,36.0,2.0,-4.602869035080722,1.0
1,131,29,4,2,0,36.0,2.0,-inf,1.0
1,130,29,4,2,0,36.0,2.0,-inf,1.0
1,131,29,4,2,1,36.0,2.0,-6.449094314836744,1.0
1,130,29,4,2,1,36.0,2.0,-inf,1.0
1,132,29,4,2,0,36.0,2.0,-inf,1.0
1,99,29,3,1,0,39.5,2.0,-6.683840450611893,1.0
1,131,29,4,1,0,36.0,2.0,-6.575959632950985,1.0
1,132,29,4,1,1,36.0,2.0,-6.773036471239555,1.0
1,131,29,4,2,0,36.0,2.0,-5.144711929596547,1.0
1,132,29,4,2,1,36.0,2.0,-inf,1.0
1,135,29,6,2,0,36.0,2.0,-5.424104154120178,1.0
1,137,29,3,1,1,39.5,2.0,-inf,1.0
1,135,29,4,2,0,36.0,2.0,-inf,1.0
0,32767,1,1,1,1,28.5,2.0,-inf,1.0
0,32767,1,1,1,0,28.5,2.0,-inf,1.0
0,32767,1,1,1,0,28.5,2.0,-inf,1.0
0,32767,1,1,1,0,28.5,2.0,-inf,1.0
0,32767,1,1,1,1,28.5,2.0,-inf,1.0
0,32767,1,1,1,0,28.5,2.0,-inf,1.0
0,32767,1,1,1,1,28.5,2.0,-inf,1.0
0,32767,1,1,1,1,28.5,2.0,-inf,1.0
0,32767,1,1,1,0,28.5,2.0,-inf,1.0
0,32767,1,1,1,1,28.5,2.0,-inf,1.0
0,32767,1,1,1,1,28.5,2.0,-inf,1.0
0,32767,1,1,1,1,28.5,2.0,-inf,1.0
0,32767,1,1,1,1,28.5,2.0,-inf,1.0
0,32767,1,1,1,1,28.5,2.0,-inf,1.0
0,32767,1,1,1,1,28.5,2.0,-inf,1.0
0,32767,1,1,1,1,28.5,2.0,-inf,1.0
0,32767,1,1,1,0,28.5,2.0,-inf,1.0
0,32767,1,1,1,1,28.5,2.0,-inf,1.0
0,32767,1,1,1,1,28.5,2.0,-inf,1.0
0,32767,1,1,1,0,28.5,2.0,-inf,1.0
0,32767,1,1,1,1,28.5,2.0,-inf,1.0
0,32767,1,1,1,1,28.5,2.0,-inf,1.0
0,32767,1,1,1,1,28.5,2.0,-inf,1.0
0,32767,1,1,2,0,28.5,2.0,-inf,1.3255813953488371
0,32767,1,1,2,1,28.5,2.0,-inf,1.3255813953488371
0,32767,1,1,2,1,28.5,2.0,-inf,1.3255813953488371
0,32767,1,1,2,1,28.5,2.0,-inf,1.3255813953488371
0,32767,1,1,2,1,28.5,2.0,-inf,1.3255813953488371
0,32767,1,1,2,1,28.5,2.0,-inf,1.3255813953488371
0,32767,1,1,2,1,28.5,2.0,-inf,1.3255813953488371
0,32767,1,1,2,1,28.5,2.0,-inf,1.3255813953488371
0,32767,1,1,2,1,28.5,2.0,-inf,1.3255813953488371
0,32767,1,1,2,0,28.5,2.0,-inf,1.3255813953488371
0,32767,1,1,2,1,28.5,2.0,-inf,1.3255813953488371
0,32767,1,1,2,0,28.5,2.0,-inf,1.3255813953488371
0,32767,1,1,2,1,28.5,2.0,-inf,1.3255813953488371
0,32767,1,1,2,1,28.5,2.0,-inf,1.3255813953488371
0,32767,1,1,2,1,28.5,2.0,-inf,1.3255813953488371
0,32767,1,1,2,1,28.5,2.0,-inf,1.3255813953488371
0,32767,1,1,2,1,28.5,2.0,-inf,1.3255813953488371
0,32767,1,1,2,1,28.5,2.0,-inf,1.3255813953488371
0,32767,1,1,2,1,28.5,2.0,-inf,1.3255813953488371
0,32767,1,1,2,0,28.5,2.0,-inf,1.3255813953488371
0,32767,1,1,2,0,28.5,2.0,-inf,1.3255813953488371
0,32767,1,1,2,1,28.5,2.0,-inf,1.3255813953488371
0,32767,1,1,2,1,28.5,2.0,-inf,1.3255813953488371
0,32767,2,1,1,0,31.200000000000003,5.0,-inf,1.1063829787234043
0,32767,2,1,1,1,31.200000000000003,5.0,-inf,1.1063829787234043
0,32767,2,1,1,0,31.200000000000003,5.0,-inf,1.1063829787234043
0,32767,2,1,1,0,31.200000000000003,5.0,-inf,1.1063829787234043
0,32767,2,1,1,0,31.200000000000003,5.0,-inf,1.1063829787234043
0,32767,2,1,1,1,31.200000000000003,5.0,-inf,1.1063829787234043
0,32767,2,1,1,0,31.200000000000003,5.0,-inf,1.1063829787234043
0,32767,2,1,1,0,31.200000000000003,5.0,-inf,1.1063829787234043
0,32767,2,1,1,1,31.200000000000003,5.0,-inf,1.1063829787234043
0,32767,2,1,1,1,31.200000000000003,5.0,-inf,1.1063829787234043
0,32767,2,1,1,0,31.200000000000003,5.0,-inf,1.1063829787234043
0,32767,2,1,1,1,31.200000000000003,5.0,-inf,1.1063829787234043
0,32767,2,1,1,1,31.200000000000003,5.0,-inf,1.1063829787234043
0,32767,2,1,1,1,31.200000000000003,5.0,-inf,1.1063829787234043
0,32767,2,1,1,0,31.200000000000003,5.0,-inf,1.1063829787234043
0,32767,2,1,1,1,31.200000000000003,5.0,-inf,1.1063829787234043
0,32767,2,1,1,0,31.200000000000003,5.0,-inf,1.1063829787234043
0,32767,2,1,1,0,31.200000000000003,5.0,-inf,1.1063829787234043
0,32767,2,1,1,0,31.200000000000003,5.0,-inf,1.1063829787234043
0,32767,2,1,1,1,31.200000000000003,5.0,-inf,1.1063829787234043
0,32767,2,1,1,1,31.200000000000003,5.0,-inf,1.1063829787234043
0,32767,2,1,1,1,31.200000000000003,5.0,-inf,1.1063829787234043
0,32767,2,1,1,1,31.200000000000003,5.0,-inf,1.1063829787234043
0,32767,2,1,1,0,31.200000000000003,5.0,-inf,1.1063829787234043
0,32767,2,1,1,0,31.200000000000003,5.0,-inf,1.1063829787234043
0,32767,2,1,1,1,31.200000000000003,5.0,-inf,1.1063829787234043
0,32767,2,1,1,0,31.200000000000003,5.0,-inf,1.1063829787234043
0,32767,2,1,1,0,31.200000000000003,5.0,-inf,1.1063829787234043
0,32767,2,1,2,0,31.200000000000003,5.0,-inf,1.2892561983471074
0,32767,2,1,2,0,31.200000000000003,5.0,-inf,1.2892561983471074
0,32767,2,1,2,1,31.200000000000003,5.0,-inf,1.2892561983471074
0,32767,2,1,2,1,31.200000000000003,5.0,-inf,1.2892561983471074
0,32767,2,1,2,0,31.200000000000003,5.0,-inf,1.2892561983471074
0,32767,2,1,2,0,31.200000000000003,5.0,-inf,1.2892561983471074
0,32767,2,1,2,0,31.200000000000003,5.0,-inf,1.2892561983471074
0,32767,2,1,2,0,31.200000000000003,5.0,-inf,1.2892561983471074
0,32767,2,1,2,1,31.200000000000003,5.0,-inf,1.2892561983471074
0,32767,2,1,2,0,31.200000000000003,5.0,-inf,1.2892561983471074
0,32767,2,1,2,1,31.200000000000003,5.0,-inf,1.2892561983471074
0,32767,2,1,2,1,31.200000000000003,5.0,-inf,1.2892561983471074
0,32767,2,1,2,1,31.200000000000003,5.0,-inf,1.2892561983471074
0,32767,2,1,2,1,31.200000000000003,5.0,-inf,1.2892561983471074
0,32767,2,1,2,0,31.200000000000003,5.0,-inf,1.2892561983471074
0,32767,2,1,2,0,31.200000000000003,5.0,-inf,1.2892561983471074
0,32767,2,1,2,1,31.200000000000003,5.0,-inf,1.2892561983471074
0,32767,2,1,3,1,31.200000000000003,5.0,-inf,1.1063829787234043
0,32767,2,1,3,1,31.200000000000003,5.0,-inf,1.1063829787234043
0,32767,2,1,3,1,31.200000000000003,5.0,-inf,1.1063829787234043
0,32767,2,1,3,0,31.200000000000003,5.0,-inf,1.1063829787234043
0,32767,2,1,3,1,31.200000000000003,5.0,-inf,1.1063829787234043
0,32767,2,1,3,0,31.200000000000003,5.0,-inf,1.1063829787234043
0,32767,2,1,3,1,31.200000000000003,5.0,-inf,1.1063829787234043
0,32767,2,1,3,0,31.200000000000003,5.0,-inf,1.1063829787234043
0,32767,2,1,3,1,31.200000000000003,5.0,-inf,1.1063829787234043
0,32767,2,1,3,1,31.200000000000003,5.0,-inf,1.1063829787234043
0,32767,2,1,3,0,31.200000000000003,5.0,-inf,1.1063829787234043
0,32767,2,1,3,0,31.200000000000003,5.0,-inf,1.1063829787234043
0,32767,2,1,3,1,31.200000000000003,5.0,-inf,1.1063829787234043
0,32767,2,1,3,0,31.200000000000003,5.0,-inf,1.1063829787234043
0,32767,2,1,3,0,31.200000000000003,5.0,-inf,1.1063829787234043
0,32767,2,1,3,0,31.200000000000003,5.0,-inf,1.1063829787234043
0,32767,2,1,3,0,31.200000000000003,5.0,-inf,1.1063829787234043
0,32767,2,1,3,0,31.200000000000003,5.0,-inf,1.1063829787234043
0,32767,2,1,3,0,31.200000000000003,5.0,-inf,1.1063829787234043
0,32767,2,1,3,1,31.200000000000003,5.0,-inf,1.1063829787234043
0,32767,2,1,3,0,31.200000000000003,5.0,-inf,1.1063829787234043
0,32767,2,1,3,0,31.200000000000003,5.0,-inf,1.1063829787234043
0,32767,2,1,3,1,31.200000000000003,5.0,-inf,1.1063829787234043
0,32767,2,1,3,1,31.200000000000003,5.0,-inf,1.1063829787234043
0,32767,2,1,3,0,31.200000000000003,5.0,-inf,1.1063829787234043
0,32767,2,1,3,0,31.200000000000003,5.0,-inf,1.1063829787234043
0,32767,2,1,3,1,31.200000000000003,5.0,-inf,1.1063829787234043
0,32767,2,1,4,0,31.200000000000003,5.0,-inf,1.0
0,32767,2,1,4,1,31.200000000000003,5.0,-inf,1.0
0,32767,2,1,4,1,31.200000000000003,5.0,-inf,1.0
0,32767,2,1,4,0,31.200000000000003,5.0,-inf,1.0
0,32767,2,1,4,1,31.200000000000003,5.0,-inf,1.0
0,32767,2,1,4,0,31.200000000000003,5.0,-inf,1.0
0,32767,2,1,4,0,31.200000000000003,5.0,-inf,1.0
0,32767,2,1,4,1,31.200000000000003,5.0,-inf,1.0
0,32767,2,1,4,0,31.200000000000003,5.0,-inf,1.0
0,32767,2,1,4,0,31.200000000000003,5.0,-inf,1.0
0,32767,2,1,4,0,31.200000000000003,5.0,-inf,1.0
0,32767,2,1,4,1,31.200000000000003,5.0,-inf,1.0
0,32767,2,1,4,1,31.200000000000003,5.0,-inf,1.0
0,32767,2,1,4,1,31.200000000000003,5.0,-inf,1.0
0,32767,2,1,4,0,31.200000000000003,5.0,-inf,1.0
0,32767,2,1,4,1,31.200000000000003,5.0,-inf,1.0
0,32767,2,1,4,1,31.200000000000003,5.0,-inf,1.0
0,32767,2,1,4,1,31.200000000000003,5.0,-inf,1.0
0,32767,2,1,4,0,31.200000000000003,5.0,-inf,1.0
0,32767,2,1,4,1,31.200000000000003,5.0,-inf,1.0
0,32767,2,1,4,1,31.200000000000003,5.0,-inf,1.0
0,32767,2,1,4,1,31.200000000000003,5.0,-inf,1.0
0,32767,2,1,4,0,31.200000000000003,5.0,-inf,1.0
0,32767,2,1,4,0,31.200000000000003,5.0,-inf,1.0
0,32767,2,1,4,0,31.200000000000003,5.0,-inf,1.0
0,32767,2,1,4,0,31.200000000000003,5.0,-inf,1.0
0,32767,2,1,4,0,31.200000000000003,5.0,-inf,1.0
0,32767,2,1,5,0,31.200000000000003,5.0,-inf,1.1063829787234043
0,32767,2,1,5,1,31.200000000000003,5.0,-inf,1.1063829787234043
0,32767,2,1,5,1,31.200000000000003,5.0,-inf,1.1063829787234043
0,32767,2,1,5,1,31.200000000000003,5.0,-inf,1.1063829787234043
0,32767,2,1,5,0,31.200000000000003,5.0,-inf,1.1063829787234043
0,32767,2,1,5,0,31.200000000000003,5.0,-inf,1.1063829787234043
0,32767,2,1,5,0,31.200000000000003,5.0,-inf,1.1063829787234043
0,32767,2,1,5,1,31.200000000000003,5.0,-inf,1.1063829787234043
0,32767,2,1,5,1,31.200000000000003,5.0,-inf,1.1063829787234043
0,32767,2,1,5,1,31.200000000000003,5.0,-inf,1.1063829787234043
0,32767,2,1,5,0,31.200000000000003,5.0,-inf,1.1063829787234043
0,32767,2,1,5,1,31.200000000000003,5.0,-inf,1.1063829787234043
0,32767,2,1,5,0,31.200000000000003,5.0,-inf,1.1063829787234043
0,32767,2,1,5,1,31.200000000000003,5.0,-inf,1.1063829787234043
0,32767,2,1,5,0,31.200000000000003,5.0,-inf,1.1063829787234043
0,32767,2,1,5,1,31.200000000000003,5.0,-inf,1.1063829787234043
0,32767,2,1,5,0,31.200000000000003,5.0,-inf,1.1063829787234043
0,32767,2,1,5,0,31.200000000000003,5.0,-inf,1.1063829787234043
0,32767,2,1,5,0,31.200000000000003,5.0,-inf,1.1063829787234043
0,32767,2,1,5,0,31.200000000000003,5.0,-inf,1.1063829787234043
0,32767,2,1,5,0,31.200000000000003,5.0,-inf,1.1063829787234043
0,32767,2,1,5,1,31.200000000000003,5.0,-inf,1.1063829787234043
0,32767,2,1,5,0,31.200000000000003,5.0,-inf,1.1063829787234043
0,32767,3,1,1,1,4.000000000000001,1.0,-inf,1.3333333333333333
0,32767,3,1,1,1,4.000000000000001,1.0,-inf,1.3333333333333333
0,32767,3,1,1,1,4.000000000000001,1.0,-inf,1.3333333333333333
0,32767,4,1,1,0,25.0,1.0,-inf,1.3888888888888888
0,32767,4,1,1,0,25.0,1.0,-inf,1.3888888888888888
0,32767,4,1,1,0,25.0,1.0,-inf,1.3888888888888888
0,32767,4,1,1,1,25.0,1.0,-inf,1.3888888888888888
0,32767,4,1,1,0,25.0,1.0,-inf,1.3888888888888888
0,32767,4,1,1,0,25.0,1.0,-inf,1.3888888888888888
0,32767,4,1,1,0,25.0,1.0,-inf,1.3888888888888888
0,32767,4,1,1,1,25.0,1.0,-inf,1.3888888888888888
0,32767,4,1,1,1,25.0,1.0,-inf,1.3888888888888888
0,32767,4,1,1,1,25.0,1.0,-inf,1.3888888888888888
0,32767,4,1,1,1,25.0,1.0,-inf,1.3888888888888888
0,32767,4,1,1,1,25.0,1.0,-inf,1.3888888888888888
0,32767,4,1,1,1,25.0,1.0,-inf,1.3888888888888888
0,32767,4,1,1,0,25.0,1.0,-inf,1.3888888888888888
0,32767,4,1,1,1,25.0,1.0,-inf,1.3888888888888888
0,32767,4,1,1,1,25.0,1.0,-inf,1.3888888888888888
0,32767,4,1,1,0,25.0,1.0,-inf,1.3888888888888888
0,32767,6,1,1,1,24.666666666666668,3.0,-inf,1.3962264150943395
0,32767,6,1,1,1,24.666666666666668,3.0,-inf,1.3962264150943395
0,32767,6,1,1,0,24.666666666666668,3.0,-inf,1.3962264150943395
0,32767,6,1,1,1,24.666666666666668,3.0,-inf,1.3962264150943395
0,32767,6,1,1,0,24.666666666666668,3.0,-inf,1.3962264150943395
0,32767,6,1,1,0,24.666666666666668,3.0,-inf,1.3962264150943395
0,32767,6,1,1,0,24.666666666666668,3.0,-inf,1.3962264150943395
0,32767,6,1,1,1,24.666666666666668,3.0,-inf,1.3962264150943395
0,32767,6,1,1,1,24.666666666666668,3.0,-inf,1.3962264150943395
0,32767,6,1,1,1,24.666666666666668,3.0,-inf,1.3962264150943395
0,32767,6,1,1,0,24.666666666666668,3.0,-inf,1.3962264150943395
0,32767,6,1,1,0,24.666666666666668,3.0,-inf,1.3962264150943395
0,32767,6,1,1,1,24.666666666666668,3.0,-inf,1.3962264150943395
0,32767,6,1,1,0,24.666666666666668,3.0,-inf,1.3962264150943395
0,32767,6,1,1,0,24.666666666666668,3.0,-inf,1.3962264150943395
0,32767,6,1,1,1,24.666666666666668,3.0,-inf,1.3962264150943395
0,32767,6,1,1,1,24.666666666666668,3.0,-inf,1.3962264150943395
0,32767,6,1,2,1,24.666666666666668,3.0,-inf,1.1384615384615384
0,32767,6,1,2,1,24.666666666666668,3.0,-inf,1.1384615384615384
0,32767,6,1,2,1,24.666666666666668,3.0,-inf,1.1384615384615384
0,32767,6,1,2,1,24.666666666666668,3.0,-inf,1.1384615384615384
0,32767,6,1,2,1,24.666666666666668,3.0,-inf,1.1384615384615384
0,32767,6,1,2,1,24.666666666666668,3.0,-inf,1.1384615384615384
0,32767,6,1,2,0,24.666666666666668,3.0,-inf,1.1384615384615384
0,32767,6,1,2,1,24.666666666666668,3.0,-inf,1.1384615384615384
0,32767,6,1,2,0,24.666666666666668,3.0,-inf,1.1384615384615384
0,32767,6,1,2,1,24.666666666666668,3.0,-inf,1.1384615384615384
0,32767,6,1,2,0,24.666666666666668,3.0,-inf,1.1384615384615384
0,32767,6,1,2,1,24.666666666666668,3.0,-inf,1.1384615384615384
0,32767,6,1,2,0,24.666666666666668,3.0,-inf,1.1384615384615384
0,32767,6,1,2,1,24.666666666666668,3.0,-inf,1.1384615384615384
0,32767,6,1,2,0,24.666666666666668,3.0,-inf,1.1384615384615384
0,32767,6,1,2,0,24.666666666666668,3.0,-inf,1.1384615384615384
0,32767,6,1,2,1,24.666666666666668,3.0,-inf,1.1384615384615384
0,32767,6,1,2,0,24.666666666666668,3.0,-inf,1.1384615384615384
0,32767,6,1,2,0,24.666666666666668,3.0,-inf,1.1384615384615384
0,32767,6,1,3,1,24.666666666666668,3.0,-inf,1.1935483870967742
0,32767,6,1,3,0,24.666666666666668,3.0,-inf,1.1935483870967742
0,32767,6,1,3,1,24.666666666666668,3.0,-inf,1.1935483870967742
0,32767,6,1,3,1,24.666666666666668,3.0,-inf,1.1935483870967742
0,32767,6,1,3,1,24.666666666666668,3.0,-inf,1.1935483870967742
0,32767,6,1,3,0,24.666666666666668,3.0,-inf,1.1935483870967742
0,32767,6,1,3,0,24.666666666666668,3.0,-inf,1.1935483870967742
0,32767,6,1,3,1,24.666666666666668,3.0,-inf,1.1935483870967742
0,32767,6,1,3,0,24.666666666666668,3.0,-inf,1.1935483870967742
0,32767,6,1,3,1,24.666666666666668,3.0,-inf,1.1935483870967742
0,32767,6,1,3,0,24.666666666666668,3.0,-inf,1.1935483870967742
0,32767,6,1,3,1,24.666666666666668,3.0,-inf,1.1935483870967742
0,32767,6,1,3,0,24.666666666666668,3.0,-inf,1.1935483870967742
0,32767,6,1,3,1,24.666666666666668,3.0,-inf,1.1935483870967742
0,32767,6,1,3,1,24.666666666666668,3.0,-inf,1.1935483870967742
0,32767,6,1,3,0,24.666666666666668,3.0,-inf,1.1935483870967742
0,32767,6,1,3,0,24.666666666666668,3.0,-inf,1.1935483870967742
0,32767,6,1,3,1,24.666666666666668,3.0,-inf,1.1935483870967742
0,32767,7,1,1,1,28.0,4.0,-inf,1.5555555555555554
0,32767,7,1,1,1,28.0,4.0,-inf,1.5555555555555554
0,32767,7,1,1,1,28.0,4.0,-inf,1.5555555555555554
0,32767,7,1,1,1,28.0,4.0,-inf,1.5555555555555554
0,32767,7,1,1,1,28.0,4.0,-inf,1.5555555555555554
0,32767,7,1,1,0,28.0,4.0,-inf,1.5555555555555554
0,32767,7,1,1,0,28.0,4.0,-inf,1.5555555555555554
0,32767,7,1,1,1,28.0,4.0,-inf,1.5555555555555554
0,32767,7,1,1,0,28.0,4.0,-inf,1.5555555555555554
0,32767,7,1,1,1,28.0,4.0,-inf,1.5555555555555554
0,32767,7,1,1,1,28.0,4.0,-inf,1.5555555555555554
0,32767,7,1,1,0,28.0,4.0,-inf,1.5555555555555554
0,32767,7,1,1,1,28.0,4.0,-inf,1.5555555555555554
0,32767,7,1,1,0,28.0,4.0,-inf,1.5555555555555554
0,32767,7,1,1,0,28.0,4.0,-inf,1.5555555555555554
0,32767,7,1,1,0,28.0,4.0,-inf,1.5555555555555554
0,32767,7,1,1,0,28.0,4.0,-inf,1.5555555555555554
0,32767,7,1,1,1,28.0,4.0,-inf,1.5555555555555554
0,32767,7,1,2,1,28.0,4.0,-inf,1.1199999999999999
0,32767,7,1,2,0,28.0,4.0,-inf,1.1199999999999999
0,32767,7,1,2,0,28.0,4.0,-inf,1.1199999999999999
0,32767,7,1,2,1,28.0,4.0,-inf,1.1199999999999999
0,32767,7,1,2,1,28.0,4.0,-inf,1.1199999999999999
0,32767,7,1,2,1,28.0,4.0,-inf,1.1199999999999999
0,32767,7,1,2,0,28.0,4.0,-inf,1.1199999999999999
0,32767,7,1,2,0,28.0,4.0,-inf,1.1199999999999999
0,32767,7,1,2,1,28.0,4.0,-inf,1.1199999999999999
0,32767,7,1,2,1,28.0,4.0,-inf,1.1199999999999999
0,32767,7,1,2,1,28.0,4.0,-inf,1.1199999999999999
0,32767,7,1,2,1,28.0,4.0,-inf,1.1199999999999999
0,32767,7,1,2,0,28.0,4.0,-inf,1.1199999999999999
0,32767,7,1,2,1,28.0,4.0,-inf,1.1199999999999999
0,32767,7,1,2,1,28.0,4.0,-inf,1.1199999999999999
0,32767,7,1,2,1,28.0,4.0,-inf,1.1199999999999999
0,32767,7,1,2,0,28.0,4.0,-inf,1.1199999999999999
0,32767,7,1,2,1,28.0,4.0,-inf,1.1199999999999999
0,32767,7,1,2,1,28.0,4.0,-inf,1.1199999999999999
0,32767,7,1,2,0,28.0,4.0,-inf,1.1199999999999999
0,32767,7,1,2,0,28.0,4.0,-inf,1.1199999999999999
0,32767,7,1,3,0,28.0,4.0,-inf,1.1666666666666667
0,32767,7,1,3,1,28.0,4.0,-inf,1.1666666666666667
0,32767,7,1,3,1,28.0,4.0,-inf,1.1666666666666667
0,32767,7,1,3,0,28.0,4.0,-inf,1.1666666666666667
0,32767,7,1,3,1,28.0,4.0,-inf,1.1666666666666667
0,32767,7,1,3,1,28.0,4.0,-inf,1.1666666666666667
0,32767,7,1,3,1,28.0,4.0,-inf,1.1666666666666667
0,32767,7,1,3,1,28.0,4.0,-inf,1.1666666666666667
0,32767,7,1,3,0,28.0,4.0,-inf,1.1666666666666667
0,32767,7,1,3,1,28.0,4.0,-inf,1.1666666666666667
0,32767,7,1,3,0,28.0,4.0,-inf,1.1666666666666667
0,32767,7,1,3,1,28.0,4.0,-inf,1.1666666666666667
0,32767,7,1,3,1,28.0,4.0,-inf,1.1666666666666667
0,32767,7,1,3,1,28.0,4.0,-inf,1.1666666666666667
0,32767,7,1,3,0,28.0,4.0,-inf,1.1666666666666667
0,32767,7,1,3,1,28.0,4.0,-inf,1.1666666666666667
0,32767,7,1,3,0,28.0,4.0,-inf,1.1666666666666667
0,32767,7,1,3,1,28.0,4.0,-inf,1.1666666666666667
0,32767,7,1,3,0,28.0,4.0,-inf,1.1666666666666667
0,32767,7,1,3,0,28.0,4.0,-inf,1.1666666666666667
0,32767,7,1,4,1,28.0,4.0,-inf,1.0769230769230769
0,32767,7,1,4,1,28.0,4.0,-inf,1.0769230769230769
0,32767,7,1,4,0,28.0,4.0,-inf,1.0769230769230769
0,32767,7,1,4,0,28.0,4.0,-inf,1.0769230769230769
0,32767,7,1,4,0,28.0,4.0,-inf,1.0769230769230769
0,32767,7,1,4,0,28.0,4.0,-inf,1.0769230769230769
0,32767,7,1,4,1,28.0,4.0,-inf,1.0769230769230769
0,32767,7,1,4,1,28.0,4.0,-inf,1.0769230769230769
0,32767,7,1,4,0,28.0,4.0,-inf,1.0769230769230769
0,32767,7,1,4,0,28.0,4.0,-inf,1.0769230769230769
0,32767,7,1,4,0,28.0,4.0,-inf,1.0769230769230769
0,32767,7,1,4,1,28.0,4.0,-inf,1.0769230769230769
0,32767,7,1,4,1,28.0,4.0,-inf,1.0769230769230769
0,32767,7,1,4,0,28.0,4.0,-inf,1.0769230769230769
0,32767,7,1,4,0,28.0,4.0,-inf,1.0769230769230769
0,32767,7,1,4,0,28.0,4.0,-inf,1.0769230769230769
0,32767,7,1,4,1,28.0,4.0,-inf,1.0769230769230769
0,32767,7,1,4,1,28.0,4.0,-inf,1.0769230769230769
0,32767,7,1,4,1,28.0,4.0,-inf,1.0769230769230769
0,32767,7,1,4,1,28.0,4.0,-inf,1.0769230769230769
0,32767,8,1,1,1,32.0,4.0,-inf,1.1851851851851851
0,32767,8,1,1,1,32.0,4.0,-inf,1.1851851851851851
0,32767,8,1,1,1,32.0,4.0,-inf,1.1851851851851851
0,32767,8,1,1,1,32.0,4.0,-inf,1.1851851851851851
0,32767,8,1,1,0,32.0,4.0,-inf,1.1851851851851851
0,32767,8,1,1,0,32.0,4.0,-inf,1.1851851851851851
0,32767,8,1,1,1,32.0,4.0,-inf,1.1851851851851851
0,32767,8,1,1,0,32.0,4.0,-inf,1.1851851851851851
0,32767,8,1,1,0,32.0,4.0,-inf,1.1851851851851851
0,32767,8,1,1,0,32.0,4.0,-inf,1.1851851851851851
0,32767,8,1,1,1,32.0,4.0,-inf,1.1851851851851851
0,32767,8,1,1,1,32.0,4.0,-inf,1.1851851851851851
0,32767,8,1,1,0,32.0,4.0,-inf,1.1851851851851851
0,32767,8,1,1,1,32.0,4.0,-inf,1.1851851851851851
0,32767,8,1,1,1,32.0,4.0,-inf,1.1851851851851851
0,32767,8,1,1,0,32.0,4.0,-inf,1.1851851851851851
0,32767,8,1,1,0,32.0,4.0,-inf,1.1851851851851851
0,32767,8,1,1,1,32.0,4.0,-inf,1.1851851851851851
0,32767,8,1,1,1,32.0,4.0,-inf,1.1851851851851851
0,32767,8,1,1,0,32.0,4.0,-inf,1.1851851851851851
0,32767,8,1,1,0,32.0,4.0,-inf,1.1851851851851851
0,32767,8,1,1,0,32.0,4.0,-inf,1.1851851851851851
0,32767,8,1,1,0,32.0,4.0,-inf,1.1851851851851851
0,32767,8,1,1,0,32.0,4.0,-inf,1.1851851851851851
0,32767,8,1,2,1,32.0,4.0,-inf,1.4545454545454546
0,32767,8,1,2,1,32.0,4.0,-inf,1.4545454545454546
0,32767,8,1,2,0,32.0,4.0,-inf,1.4545454545454546
0,32767,8,1,2,1,32.0,4.0,-inf,1.4545454545454546
0,32767,8,1,2,0,32.0,4.0,-inf,1.4545454545454546
0,32767,8,1,2,1,32.0,4.0,-inf,1.4545454545454546
0,32767,8,1,2,0,32.0,4.0,-inf,1.4545454545454546
0,32767,8,1,2,0,32.0,4.0,-inf,1.4545454545454546
0,32767,8,1,2,1,32.0,4.0,-inf,1.4545454545454546
0,32767,8,1,2,1,32.0,4.0,-inf,1.4545454545454546
0,32767,8,1,2,0,32.0,4.0,-inf,1.4545454545454546
0,32767,8,1,2,0,32.0,4.0,-inf,1.4545454545454546
0,32767,8,1,2,1,32.0,4.0,-inf,1.4545454545454546
0,32767,8,1,2,0,32.0,4.0,-inf,1.4545454545454546
0,32767,8,1,2,1,32.0,4.0,-inf,1.4545454545454546
0,32767,8,1,2,1,32.0,4.0,-inf,1.4545454545454546
0,32767,8,1,3,0,32.0,4.0,-inf,1.2307692307692308
0,32767,8,1,3,1,32.0,4.0,-inf,1.2307692307692308
0,32767,8,1,3,0,32.0,4.0,-inf,1.2307692307692308
0,32767,8,1,3,1,32.0,4.0,-inf,1.2307692307692308
0,32767,8,1,3,1,32.0,4.0,-inf,1.2307692307692308
0,32767,8,1,3,1,32.0,4.0,-inf,1.2307692307692308
0,32767,8,1,3,1,32.0,4.0,-inf,1.2307692307692308
0,32767,8,1,3,0,32.0,4.0,-inf,1.2307692307692308
0,32767,8,1,3,1,32.0,4.0,-inf,1.2307692307692308
0,32767,8,1,3,1,32.0,4.0,-inf,1.2307692307692308
0,32767,8,1,3,1,32.0,4.0,-inf,1.2307692307692308
0,32767,8,1,3,0,32.0,4.0,-inf,1.2307692307692308
0,32767,8,1,3,0,32.0,4.0,-inf,1.2307692307692308
0,32767,8,1,3,0,32.0,4.0,-inf,1.2307692307692308
0,32767,8,1,3,1,32.0,4.0,-inf,1.2307692307692308
0,32767,8,1,3,0,32.0,4.0,-inf,1.2307692307692308
0,32767,8,1,3,0,32.0,4.0,-inf,1.2307692307692308
0,32767,8,1,3,1,32.0,4.0,-inf,1.2307692307692308
0,32767,8,1,3,0,32.0,4.0,-inf,1.2307692307692308
0,32767,8,1,4,0,32.0,4.0,-inf,1.6842105263157894
0,32767,8,1,4,0,32.0,4.0,-inf,1.6842105263157894
0,32767,8,1,4,1,32.0,4.0,-inf,1.6842105263157894
0,32767,8,1,4,1,32.0,4.0,-inf,1.6842105263157894
0,32767,8,1,4,0,32.0,4.0,-inf,1.6842105263157894
0,32767,8,1,4,1,32.0,4.0,-inf,1.6842105263157894
0,32767,8,1,4,1,32.0,4.0,-inf,1.6842105263157894
0,32767,8,1,4,0,32.0,4.0,-inf,1.6842105263157894
0,32767,8,1,4,1,32.0,4.0,-inf,1.6842105263157894
0,32767,8,1,4,0,32.0,4.0,-inf,1.6842105263157894
0,32767,8,1,4,1,32.0,4.0,-inf,1.6842105263157894
0,32767,8,1,4,1,32.0,4.0,-inf,1.6842105263157894
0,32767,8,1,4,0,32.0,4.0,-inf,1.6842105263157894
0,32767,8,1,4,0,32.0,4.0,-inf,1.6842105263157894
0,32767,9,1,1,0,30.399999999999995,5.0,-inf,1.2991452991452992
0,32767,9,1,1,1,30.399999999999995,5.0,-inf,1.2991452991452992
0,32767,9,1,1,0,30.399999999999995,5.0,-inf,1.2991452991452992
0,32767,9,1,1,1,30.399999999999995,5.0,-inf,1.2991452991452992
0,32767,9,1,1,1,30.399999999999995,5.0,-inf,1.2991452991452992
0,32767,9,1,1,0,30.399999999999995,5.0,-inf,1.2991452991452992
0,32767,9,1,1,0,30.399999999999995,5.0,-inf,1.2991452991452992
0,32767,9,1,1,0,30.399999999999995,5.0,-inf,1.2991452991452992
0,32767,9,1,1,1,30.399999999999995,5.0,-inf,1.2991452991452992
0,32767,9,1,1,0,30.399999999999995,5.0,-inf,1.2991452991452992
0,32767,9,1,1,0,30.399999999999995,5.0,-inf,1.2991452991452992
0,32767,9,1,1,1,30.399999999999995,5.0,-inf,1.2991452991452992
0,32767,9,1,1,1,30.399999999999995,5.0,-inf,1.2991452991452992
0,32767,9,1,1,1,30.399999999999995,5.0,-inf,1.2991452991452992
0,32767,9,1,1,0,30.399999999999995,5.0,-inf,1.2991452991452992
0,32767,9,1,1,1,30.399999999999995,5.0,-inf,1.2991452991452992
0,32767,9,1,1,1,30.399999999999995,5.0,-inf,1.2991452991452992
0,32767,9,1,1,0,30.399999999999995,5.0,-inf,1.2991452991452992
0,32767,9,1,2,0,30.399999999999995,5.0,-inf,1.1094890510948905
0,32767,9,1,2,0,30.399999999999995,5.0,-inf,1.1094890510948905
0,32767,9,1,2,1,30.399999999999995,5.0,-inf,1.1094890510948905
0,32767,9,1,2,0,30.399999999999995,5.0,-inf,1.1094890510948905
0,32767,9,1,2,0,30.399999999999995,5.0,-inf,1.1094890510948905
0,32767,9,1,2,0,30.399999999999995,5.0,-inf,1.1094890510948905
0,32767,9,1,2,1,30.399999999999995,5.0,-inf,1.1094890510948905
0,32767,9,1,2,0,30.399999999999995,5.0,-inf,1.1094890510948905
0,32767,9,1,2,0,30.399999999999995,5.0,-inf,1.1094890510948905
0,32767,9,1,2,0,30.399999999999995,5.0,-inf,1.1094890510948905
0,32767,9,1,2,0,30.399999999999995,5.0,-inf,1.1094890510948905
0,32767,9,1,2,1,30.399999999999995,5.0,-inf,1.1094890510948905
0,32767,9,1,2,1,30.399999999999995,5.0,-inf,1.1094890510948905
0,32767,9,1,2,1,30.399999999999995,5.0,-inf,1.1094890510948905
0,32767,9,1,2,0,30.399999999999995,5.0,-inf,1.1094890510948905
0,32767,9,1,2,1,30.399999999999995,5.0,-inf,1.1094890510948905
0,32767,9,1,2,0,30.399999999999995,5.0,-inf,1.1094890510948905
0,32767,9,1,2,1,30.399999999999995,5.0,-inf,1.1094890510948905
0,32767,9,1,2,0,30.399999999999995,5.0,-inf,1.1094890510948905
0,32767,9,1,2,0,30.399999999999995,5.0,-inf,1.1094890510948905
0,32767,9,1,2,1,30.399999999999995,5.0,-inf,1.1094890510948905
0,32767,9,1,3,0,30.399999999999995,5.0,-inf,1.4901960784313726
0,32767,9,1,3,0,30.399999999999995,5.0,-inf,1.4901960784313726
0,32767,9,1,3,0,30.399999999999995,5.0,-inf,1.4901960784313726
0,32767,9,1,3,1,30.399999999999995,5.0,-inf,1.4901960784313726
0,32767,9,1,3,0,30.399999999999995,5.0,-inf,1.4901960784313726
0,32767,9,1,3,0,30.399999999999995,5.0,-inf,1.4901960784313726
0,32767,9,1,3,0,30.399999999999995,5.0,-inf,1.4901960784313726
0,32767,9,1,3,0,30.399999999999995,5.0,-inf,1.4901960784313726
0,32767,9,1,3,1,30.399999999999995,5.0,-inf,1.4901960784313726
0,32767,9,1,3,1,30.399999999999995,5.0,-inf,1.4901960784313726
0,32767,9,1,3,0,30.399999999999995,5.0,-inf,1.4901960784313726
0,32767,9,1,3,0,30.399999999999995,5.0,-inf,1.4901960784313726
0,32767,9,1,3,1,30.399999999999995,5.0,-inf,1.4901960784313726
0,32767,9,1,3,0,30.399999999999995,5.0,-inf,1.4901960784313726
0,32767,9,1,3,0,30.399999999999995,5.0,-inf,1.4901960784313726
0,32767,9,1,3,1,30.399999999999995,5.0,-inf,1.4901960784313726
0,32767,9,1,4,0,30.399999999999995,5.0,-inf,1.0704225352112675
0,32767,9,1,4,0,30.399999999999995,5.0,-inf,1.0704225352112675
0,32767,9,1,4,0,30.399999999999995,5.0,-inf,1.0704225352112675
0,32767,9,1,4,0,30.399999999999995,5.0,-inf,1.0704225352112675
0,32767,9,1,4,1,30.399999999999995,5.0,-inf,1.0704225352112675
0,32767,9,1,4,0,30.399999999999995,5.0,-inf,1.0704225352112675
0,32767,9,1,4,1,30.399999999999995,5.0,-inf,1.0704225352112675
0,32767,9,1,4,0,30.399999999999995,5.0,-inf,1.0704225352112675
0,32767,9,1,4,0,30.399999999999995,5.0,-inf,1.0704225352112675
0,32767,9,1,4,0,30.399999999999995,5.0,-inf,1.0704225352112675
0,32767,9,1,4,1,30.399999999999995,5.0,-inf,1.0704225352112675
0,32767,9,1,4,1,30.399999999999995,5.0,-inf,1.0704225352112675
0,32767,9,1,4,1,30.399999999999995,5.0,-inf,1.0704225352112675
0,32767,9,1,4,1,30.399999999999995,5.0,-inf,1.0704225352112675
0,32767,9,1,4,1,30.399999999999995,5.0,-inf,1.0704225352112675
0,32767,9,1,4,1,30.399999999999995,5.0,-inf,1.0704225352112675
0,32767,9,1,4,0,30.399999999999995,5.0,-inf,1.0704225352112675
0,32767,9,1,4,1,30.399999999999995,5.0,-inf,1.0704225352112675
0,32767,9,1,4,0,30.399999999999995,5.0,-inf,1.0704225352112675
0,32767,9,1,4,1,30.399999999999995,5.0,-inf,1.0704225352112675
0,32767,9,1,4,1,30.399999999999995,5.0,-inf,1.0704225352112675
0,32767,9,1,4,0,30.399999999999995,5.0,-inf,1.0704225352112675
0,32767,9,1,4,0,30.399999999999995,5.0,-inf,1.0704225352112675
0,32767,9,1,4,1,30.399999999999995,5.0,-inf,1.0704225352112675
0,32767,9,1,5,1,30.399999999999995,5.0,-inf,1.1094890510948905
0,32767,9,1,5,0,30.399999999999995,5.0,-inf,1.1094890510948905
0,32767,9,1,5,0,30.399999999999995,5.0,-inf,1.1094890510948905
0,32767,9,1,5,0,30.399999999999995,5.0,-inf,1.1094890510948905
0,32767,9,1,5,0,30.399999999999995,5.0,-inf,1.1094890510948905
0,32767,9,1,5,0,30.399999999999995,5.0,-inf,1.1094890510948905
0,32767,9,1,5,1,30.399999999999995,5.0,-inf,1.1094890510948905
0,32767,9,1,5,0,30.399999999999995,5.0,-inf,1.1094890510948905
0,32767,9,1,5,0,30.399999999999995,5.0,-inf,1.1094890510948905
0,32767,9,1,5,1,30.399999999999995,5.0,-inf,1.1094890510948905
0,32767,9,1,5,1,30.399999999999995,5.0,-inf,1.1094890510948905
0,32767,9,1,5,1,30.399999999999995,5.0,-inf,1.1094890510948905
0,32767,9,1,5,1,30.399999999999995,5.0,-inf,1.1094890510948905
0,32767,9,1,5,1,30.399999999999995,5.0,-inf,1.1094890510948905
0,32767,9,1,5,0,30.399999999999995,5.0,-inf,1.1094890510948905
0,32767,9,1,5,1,30.399999999999995,5.0,-inf,1.1094890510948905
0,32767,9,1,5,0,30.399999999999995,5.0,-inf,1.1094890510948905
0,32767,9,1,5,0,30.399999999999995,5.0,-inf,1.1094890510948905
0,32767,9,1,5,0,30.399999999999995,5.0,-inf,1.1094890510948905
0,32767,9,1,5,1,30.399999999999995,5.0,-inf,1.1094890510948905
0,32767,9,1,5,0,30.399999999999995,5.0,-inf,1.1094890510948905
0,32767,10,1,1,0,28.5,2.0,-inf,1.0754716981132075
0,32767,10,1,1,1,28.5,2.0,-inf,1.0754716981132075
0,32767,10,1,1,1,28.5,2.0,-inf,1.0754716981132075
0,32767,10,1,1,1,28.5,2.0,-inf,1.0754716981132075
0,32767,10,1,1,1,28.5,2.0,-inf,1.0754716981132075
0,32767,10,1,1,0,28.5,2.0,-inf,1.0754716981132075
0,32767,10,1,1,1,28.5,2.0,-inf,1.0754716981132075
0,32767,10,1,1,1,28.5,2.0,-inf,1.0754716981132075
0,32767,10,1,1,1,28.5,2.0,-inf,1.0754716981132075
0,32767,10,1,1,0,28.5,2.0,-inf,1.0754716981132075
0,32767,10,1,1,1,28.5,2.0,-inf,1.0754716981132075
0,32767,10,1,1,0,28.5,2.0,-inf,1.0754716981132075
0,32767,10,1,1,1,28.5,2.0,-inf,1.0754716981132075
0,32767,10,1,1,1,28.5,2.0,-inf,1.0754716981132075
0,32767,10,1,1,1,28.5,2.0,-inf,1.0754716981132075
0,32767,10,1,1,1,28.5,2.0,-inf,1.0754716981132075
0,32767,10,1,1,1,28.5,2.0,-inf,1.0754716981132075
0,32767,10,1,1,1,28.5,2.0,-inf,1.0754716981132075
0,32767,10,1,1,1,28.5,2.0,-inf,1.0754716981132075
0,32767,10,1,1,1,28.5,2.0,-inf,1.0754716981132075
0,32767,10,1,1,0,28.5,2.0,-inf,1.0754716981132075
0,32767,10,1,1,1,28.5,2.0,-inf,1.0754716981132075
0,32767,10,1,1,0,28.5,2.0,-inf,1.0754716981132075
0,32767,10,1,2,1,28.5,2.0,-inf,1.0754716981132075
0,32767,10,1,2,1,28.5,2.0,-inf,1.0754716981132075
0,32767,10,1,2,1,28.5,2.0,-inf,1.0754716981132075
0,32767,10,1,2,0,28.5,2.0,-inf,1.0754716981132075
0,32767,10,1,2,1,28.5,2.0,-inf,1.0754716981132075
0,32767,10,1,2,1,28.5,2.0,-inf,1.0754716981132075
0,32767,10,1,2,1,28.5,2.0,-inf,1.0754716981132075
0,32767,10,1,2,1,28.5,2.0,-inf,1.0754716981132075
0,32767,10,1,2,1,28.5,2.0,-inf,1.0754716981132075
0,32767,10,1,2,1,28.5,2.0,-inf,1.0754716981132075
0,32767,10,1,2,0,28.5,2.0,-inf,1.0754716981132075
0,32767,10,1,2,0,28.5,2.0,-inf,1.0754716981132075
0,32767,10,1,2,1,28.5,2.0,-inf,1.0754716981132075
0,32767,10,1,2,0,28.5,2.0,-inf,1.0754716981132075
0,32767,10,1,2,1,28.5,2.0,-inf,1.0754716981132075
0,32767,10,1,2,0,28.5,2.0,-inf,1.0754716981132075
0,32767,10,1,2,1,28.5,2.0,-inf,1.0754716981132075
0,32767,10,1,2,0,28.5,2.0,-inf,1.0754716981132075
0,32767,10,1,2,1,28.5,2.0,-inf,1.0754716981132075
0,32767,10,1,2,0,28.5,2.0,-inf,1.0754716981132075
0,32767,10,1,2,0,28.5,2.0,-inf,1.0754716981132075
0,32767,10,1,2,1,28.5,2.0,-inf,1.0754716981132075
0,32767,10,1,2,1,28.5,2.0,-inf,1.0754716981132075
0,32767,10,1,2,1,28.5,2.0,-inf,1.0754716981132075
0,32767,10,1,2,0,28.5,2.0,-inf,1.0754716981132075
0,32767,10,1,2,0,28.5,2.0,-inf,1.0754716981132075
0,32767,11,1,1,0,36.0,4.0,-inf,1.0
0,32767,11,1,1,1,36.0,4.0,-inf,1.0
0,32767,11,1,1,0,36.0,4.0,-inf,1.0
0,32767,11,1,1,0,36.0,4.0,-inf,1.0
0,32767,11,1,1,1,36.0,4.0,-inf,1.0
0,32767,11,1,1,0,36.0,4.0,-inf,1.0
0,32767,11,1,1,1,36.0,4.0,-inf,1.0
0,32767,11,1,1,0,36.0,4.0,-inf,1.0
0,32767,11,1,1,1,36.0,4.0,-inf,1.0
0,32767,11,1,1,0,36.0,4.0,-inf,1.0
0,32767,11,1,1,1,36.0,4.0,-inf,1.0
0,32767,11,1,1,1,36.0,4.0,-inf,1.0
0,32767,11,1,1,1,36.0,4.0,-inf,1.0
0,32767,11,1,1,1,36.0,4.0,-inf,1.0
0,32767,11,1,1,1,36.0,4.0,-inf,1.0
0,32767,11,1,1,1,36.0,4.0,-inf,1.0
0,32767,11,1,1,0,36.0,4.0,-inf,1.0
0,32767,11,1,1,0,36.0,4.0,-inf,1.0
0,32767,11,1,1,0,36.0,4.0,-inf,1.0
0,32767,11,1,1,0,36.0,4.0,-inf,1.0
0,32767,11,1,1,1,36.0,4.0,-inf,1.0
0,32767,11,1,1,0,36.0,4.0,-inf,1.0
0,32767,11,1,1,1,36.0,4.0,-inf,1.0
0,32767,11,1,1,1,36.0,4.0,-inf,1.0
0,32767,11,1,2,0,36.0,4.0,-inf,1.2413793103448276
0,32767,11,1,2,1,36.0,4.0,-inf,1.2413793103448276
0,32767,11,1,2,0,36.0,4.0,-inf,1.2413793103448276
0,32767,11,1,2,0,36.0,4.0,-inf,1.2413793103448276
0,32767,11,1,2,1,36.0,4.0,-inf,1.2413793103448276
0,32767,11,1,2,0,36.0,4.0,-inf,1.2413793103448276
0,32767,11,1,2,0,36.0,4.0,-inf,1.2413793103448276
0,32767,11,1,2,1,36.0,4.0,-inf,1.2413793103448276
0,32767,11,1,2,1,36.0,4.0,-inf,1.2413793103448276
0,32767,11,1,2,0,36.0,4.0,-inf,1.2413793103448276
0,32767,11,1,2,0,36.0,4.0,-inf,1.2413793103448276
0,32767,11,1,2,0,36.0,4.0,-inf,1.2413793103448276
0,32767,11,1,2,1,36.0,4.0,-inf,1.2413793103448276
0,32767,11,1,2,1,36.0,4.0,-inf,1.2413793103448276
0,32767,11,1,2,0,36.0,4.0,-inf,1.2413793103448276
0,32767,11,1,2,0,36.0,4.0,-inf,1.2413793103448276
0,32767,11,1,2,1,36.0,4.0,-inf,1.2413793103448276
0,32767,11,1,2,0,36.0,4.0,-inf,1.2413793103448276
0,32767,11,1,2,1,36.0,4.0,-inf,1.2413793103448276
0,32767,11,1,2,0,36.0,4.0,-inf,1.2413793103448276
0,32767,11,1,2,1,36.0,4.0,-inf,1.2413793103448276
0,32767,11,1,2,0,36.0,4.0,-inf,1.2413793103448276
0,32767,11,1,2,1,36.0,4.0,-inf,1.2413793103448276
0,32767,11,1,2,0,36.0,4.0,-inf,1.2413793103448276
0,32767,11,1,2,0,36.0,4.0,-inf,1.2413793103448276
0,32767,11,1,3,0,36.0,4.0,-inf,1.2
0,32767,11,1,3,1,36.0,4.0,-inf,1.2
0,32767,11,1,3,0,36.0,4.0,-inf,1.2
0,32767,11,1,3,1,36.0,4.0,-inf,1.2
0,32767,11,1,3,0,36.0,4.0,-inf,1.2
0,32767,11,1,3,1,36.0,4.0,-inf,1.2
0,32767,11,1,3,0,36.0,4.0,-inf,1.2
0,32767,11,1,3,1,36.0,4.0,-inf,1.2
0,32767,11,1,3,1,36.0,4.0,-inf,1.2
0,32767,11,1,3,1,36.0,4.0,-inf,1.2
0,32767,11,1,3,1,36.0,4.0,-inf,1.2
0,32767,11,1,3,1,36.0,4.0,-inf,1.2
0,32767,11,1,3,1,36.0,4.0,-inf,1.2
0,32767,11,1,3,1,36.0,4.0,-inf,1.2
0,32767,11,1,3,0,36.0,4.0,-inf,1.2
0,32767,11,1,3,1,36.0,4.0,-inf,1.2
0,32767,11,1,3,0,36.0,4.0,-inf,1.2
0,32767,11,1,3,0,36.0,4.0,-inf,1.2
0,32767,11,1,3,1,36.0,4.0,-inf,1.2
0,32767,11,1,3,1,36.0,4.0,-inf,1.2
0,32767,11,1,4,1,36.0,4.0,-inf,1.090909090909091
0,32767,11,1,4,1,36.0,4.0,-inf,1.090909090909091
0,32767,11,1,4,0,36.0,4.0,-inf,1.090909090909091
0,32767,11,1,4,1,36.0,4.0,-inf,1.090909090909091
0,32767,11,1,4,1,36.0,4.0,-inf,1.090909090909091
0,32767,11,1,4,0,36.0,4.0,-inf,1.090909090909091
0,32767,11,1,4,0,36.0,4.0,-inf,1.090909090909091
0,32767,11,1,4,1,36.0,4.0,-inf,1.090909090909091
0,32767,11,1,4,1,36.0,4.0,-inf,1.090909090909091
0,32767,11,1,4,1,36.0,4.0,-inf,1.090909090909091
0,32767,11,1,4,1,36.0,4.0,-inf,1.090909090909091
0,32767,11,1,4,0,36.0,4.0,-inf,1.090909090909091
0,32767,11,1,4,1,36.0,4.0,-inf,1.090909090909091
0,32767,11,1,4,0,36.0,4.0,-inf,1.090909090909091
0,32767,11,1,4,1,36.0,4.0,-inf,1.090909090909091
0,32767,11,1,4,1,36.0,4.0,-inf,1.090909090909091
0,32767,11,1,4,0,36.0,4.0,-inf,1.090909090909091
0,32767,11,1,4,0,36.0,4.0,-inf,1.090909090909091
0,32767,11,1,4,1,36.0,4.0,-inf,1.090909090909091
0,32767,11,1,4,1,36.0,4.0,-inf,1.090909090909091
0,32767,11,1,4,0,36.0,4.0,-inf,1.090909090909091
0,32767,11,1,4,1,36.0,4.0,-inf,1.090909090909091
0,32767,11,1,4,1,36.0,4.0,-inf,1.090909090909091
0,32767,11,1,4,0,36.0,4.0,-inf,1.090909090909091
0,32767,11,1,4,0,36.0,4.0,-inf,1.090909090909091
0,32767,11,1,4,0,36.0,4.0,-inf,1.090909090909091
0,32767,11,1,4,1,36.0,4.0,-inf,1.090909090909091
0,32767,11,1,4,1,36.0,4.0,-inf,1.090909090909091
0,32767,12,1,1,0,23.0,1.0,-inf,1.2105263157894737
0,32767,12,1,1,1,23.0,1.0,-inf,1.2105263157894737
0,32767,12,1,1,0,23.0,1.0,-inf,1.2105263157894737
0,32767,12,1,1,1,23.0,1.0,-inf,1.2105263157894737
0,32767,12,1,1,1,23.0,1.0,-inf,1.2105263157894737
0,32767,12,1,1,0,23.0,1.0,-inf,1.2105263157894737
0,32767,12,1,1,0,23.0,1.0,-inf,1.2105263157894737
0,32767,12,1,1,0,23.0,1.0,-inf,1.2105263157894737
0,32767,12,1,1,1,23.0,1.0,-inf,1.2105263157894737
0,32767,12,1,1,1,23.0,1.0,-inf,1.2105263157894737
0,32767,12,1,1,1,23.0,1.0,-inf,1.2105263157894737
0,32767,12,1,1,0,23.0,1.0,-inf,1.2105263157894737
0,32767,12,1,1,1,23.0,1.0,-inf,1.2105263157894737
0,32767,12,1,1,1,23.0,1.0,-inf,1.2105263157894737
0,32767,12,1,1,0,23.0,1.0,-inf,1.2105263157894737
0,32767,12,1,1,1,23.0,1.0,-inf,1.2105263157894737
0,32767,12,1,1,1,23.0,1.0,-inf,1.2105263157894737
0,32767,12,1,1,1,23.0,1.0,-inf,1.2105263157894737
0,32767,13,1,1,0,25.333333333333332,3.0,-inf,1.1343283582089552
0,32767,13,1,1,1,25.333333333333332,3.0,-inf,1.1343283582089552
0,32767,13,1,1,1,25.333333333333332,3.0,-inf,1.1343283582089552
0,32767,13,1,1,0,25.333333333333332,3.0,-inf,1.1343283582089552
0,32767,13,1,1,0,25.333333333333332,3.0,-inf,1.1343283582089552
0,32767,13,1,1,1,25.333333333333332,3.0,-inf,1.1343283582089552
0,32767,13,1,1,1,25.333333333333332,3.0,-inf,1.1343283582089552
0,32767,13,1,1,1,25.333333333333332,3.0,-inf,1.1343283582089552
0,32767,13,1,1,0,25.333333333333332,3.0,-inf,1.1343283582089552
0,32767,13,1,1,0,25.333333333333332,3.0,-inf,1.1343283582089552
0,32767,13,1,1,0,25.333333333333332,3.0,-inf,1.1343283582089552
0,32767,13,1,1,0,25.333333333333332,3.0,-inf,1.1343283582089552
0,32767,13,1,1,1,25.333333333333332,3.0,-inf,1.1343283582089552
0,32767,13,1,1,1,25.333333333333332,3.0,-inf,1.1343283582089552
0,32767,13,1,1,0,25.333333333333332,3.0,-inf,1.1343283582089552
0,32767,13,1,1,1,25.333333333333332,3.0,-inf,1.1343283582089552
0,32767,13,1,1,1,25.333333333333332,3.0,-inf,1.1343283582089552
0,32767,13,1,1,0,25.333333333333332,3.0,-inf,1.1343283582089552
0,32767,13,1,1,1,25.333333333333332,3.0,-inf,1.1343283582089552
0,32767,13,1,1,0,25.333333333333332,3.0,-inf,1.1343283582089552
0,32767,13,1,1,1,25.333333333333332,3.0,-inf,1.1343283582089552
0,32767,13,1,2,1,25.333333333333332,3.0,-inf,1.0857142857142856
0,32767,13,1,2,1,25.333333333333332,3.0,-inf,1.0857142857142856
0,32767,13,1,2,1,25.333333333333332,3.0,-inf,1.0857142857142856
0,32767,13,1,2,1,25.333333333333332,3.0,-inf,1.0857142857142856
0,32767,13,1,2,0,25.333333333333332,3.0,-inf,1.0857142857142856
0,32767,13,1,2,0,25.333333333333332,3.0,-inf,1.0857142857142856
0,32767,13,1,2,0,25.333333333333332,3.0,-inf,1.0857142857142856
0,32767,13,1,2,0,25.333333333333332,3.0,-inf,1.0857142857142856
0,32767,13,1,2,1,25.333333333333332,3.0,-inf,1.0857142857142856
0,32767,13,1,2,1,25.333333333333332,3.0,-inf,1.0857142857142856
0,32767,13,1,2,0,25.333333333333332,3.0,-inf,1.0857142857142856
0,32767,13,1,2,1,25.333333333333332,3.0,-inf,1.0857142857142856
0,32767,13,1,2,1,25.333333333333332,3.0,-inf,1.0857142857142856
0,32767,13,1,2,1,25.333333333333332,3.0,-inf,1.0857142857142856
0,32767,13,1,2,0,25.333333333333332,3.0,-inf,1.0857142857142856
0,32767,13,1,2,0,25.333333333333332,3.0,-inf,1.0857142857142856
0,32767,13,1,2,0,25.333333333333332,3.0,-inf,1.0857142857142856
0,32767,13,1,2,0,25.333333333333332,3.0,-inf,1.0857142857142856
0,32767,13,1,2,0,25.333333333333332,3.0,-inf,1.0857142857142856
0,32767,13,1,2,0,25.333333333333332,3.0,-inf,1.0857142857142856
0,32767,13,1,3,1,25.333333333333332,3.0,-inf,1.0857142857142856
0,32767,13,1,3,1,25.333333333333332,3.0,-inf,1.0857142857142856
0,32767,13,1,3,1,25.333333333333332,3.0,-inf,1.0857142857142856
0,32767,13,1,3,1,25.333333333333332,3.0,-inf,1.0857142857142856
0,32767,13,1,3,1,25.333333333333332,3.0,-inf,1.0857142857142856
0,32767,13,1,3,1,25.333333333333332,3.0,-inf,1.0857142857142856
0,32767,13,1,3,1,25.333333333333332,3.0,-inf,1.0857142857142856
0,32767,13,1,3,0,25.333333333333332,3.0,-inf,1.0857142857142856
0,32767,13,1,3,1,25.333333333333332,3.0,-inf,1.0857142857142856
0,32767,13,1,3,0,25.333333333333332,3.0,-inf,1.0857142857142856
0,32767,13,1,3,0,25.333333333333332,3.0,-inf,1.0857142857142856
0,32767,13,1,3,0,25.333333333333332,3.0,-inf,1.0857142857142856
0,32767,13,1,3,0,25.333333333333332,3.0,-inf,1.0857142857142856
0,32767,13,1,3,1,25.333333333333332,3.0,-inf,1.0857142857142856
0,32767,13,1,3,0,25.333333333333332,3.0,-inf,1.0857142857142856
0,32767,13,1,3,0,25.333333333333332,3.0,-inf,1.0857142857142856
0,32767,13,1,3,1,25.333333333333332,3.0,-inf,1.0857142857142856
0,32767,13,1,3,0,25.333333333333332,3.0,-inf,1.0857142857142856
0,32767,13,1,3,0,25.333333333333332,3.0,-inf,1.0857142857142856
0,32767,13,1,3,0,25.333333333333332,3.0,-inf,1.0857142857142856
0,32767,14,1,1,0,34.0,3.0,-inf,1.1724137931034484
0,32767,14,1,1,1,34.0,3.0,-inf,1.1724137931034484
0,32767,14,1,1,1,34.0,3.0,-inf,1.1724137931034484
0,32767,14,1,1,1,34.0,3.0,-inf,1.1724137931034484
0,32767,14,1,1,1,34.0,3.0,-inf,1.1724137931034484
0,32767,14,1,1,0,34.0,3.0,-inf,1.1724137931034484
0,32767,14,1,1,1,34.0,3.0,-inf,1.1724137931034484
0,32767,14,1,1,0,34.0,3.0,-inf,1.1724137931034484
0,32767,14,1,1,0,34.0,3.0,-inf,1.1724137931034484
0,32767,14,1,1,0,34.0,3.0,-inf,1.1724137931034484
0,32767,14,1,1,0,34.0,3.0,-inf,1.1724137931034484
0,32767,14,1,1,0,34.0,3.0,-inf,1.1724137931034484
0,32767,14,1,1,1,34.0,3.0,-inf,1.1724137931034484
0,32767,14,1,1,1,34.0,3.0,-inf,1.1724137931034484
0,32767,14,1,1,0,34.0,3.0,-inf,1.1724137931034484
0,32767,14,1,1,1,34.0,3.0,-inf,1.1724137931034484
0,32767,14,1,1,1,34.0,3.0,-inf,1.1724137931034484
0,32767,14,1,1,0,34.0,3.0,-inf,1.1724137931034484
0,32767,14,1,1,1,34.0,3.0,-inf,1.1724137931034484
0,32767,14,1,1,1,34.0,3.0,-inf,1.1724137931034484
0,32767,14,1,1,0,34.0,3.0,-inf,1.1724137931034484
0,32767,14,1,1,1,34.0,3.0,-inf,1.1724137931034484
0,32767,14,1,1,1,34.0,3.0,-inf,1.1724137931034484
0,32767,14,1,1,0,34.0,3.0,-inf,1.1724137931034484
0,32767,14,1,2,0,34.0,3.0,-inf,1.3076923076923077
0,32767,14,1,2,0,34.0,3.0,-inf,1.3076923076923077
0,32767,14,1,2,1,34.0,3.0,-inf,1.3076923076923077
0,32767,14,1,2,1,34.0,3.0,-inf,1.3076923076923077
0,32767,14,1,2,0,34.0,3.0,-inf,1.3076923076923077
0,32767,14,1,2,1,34.0,3.0,-inf,1.3076923076923077
0,32767,14,1,2,1,34.0,3.0,-inf,1.3076923076923077
0,32767,14,1,2,0,34.0,3.0,-inf,1.3076923076923077
0,32767,14,1,2,1,34.0,3.0,-inf,1.3076923076923077
0,32767,14,1,2,0,34.0,3.0,-inf,1.3076923076923077
0,32767,14,1,2,0,34.0,3.0,-inf,1.3076923076923077
0,32767,14,1,2,0,34.0,3.0,-inf,1.3076923076923077
0,32767,14,1,2,1,34.0,3.0,-inf,1.3076923076923077
0,32767,14,1,2,1,34.0,3.0,-inf,1.3076923076923077
0,32767,14,1,2,1,34.0,3.0,-inf,1.3076923076923077
0,32767,14,1,2,0,34.0,3.0,-inf,1.3076923076923077
0,32767,14,1,2,1,34.0,3.0,-inf,1.3076923076923077
0,32767,14,1,2,1,34.0,3.0,-inf,1.3076923076923077
0,32767,14,1,2,1,34.0,3.0,-inf,1.3076923076923077
0,32767,14,1,2,0,34.0,3.0,-inf,1.3076923076923077
0,32767,14,1,2,0,34.0,3.0,-inf,1.3076923076923077
0,32767,14,1,2,1,34.0,3.0,-inf,1.3076923076923077
0,32767,14,1,2,0,34.0,3.0,-inf,1.3076923076923077
0,32767,14,1,2,0,34.0,3.0,-inf,1.3076923076923077
0,32767,14,1,2,1,34.0,3.0,-inf,1.3076923076923077
0,32767,14,1,3,0,34.0,3.0,-inf,1.1724137931034484
0,32767,14,1,3,0,34.0,3.0,-inf,1.1724137931034484
0,32767,14,1,3,1,34.0,3.0,-inf,1.1724137931034484
0,32767,14,1,3,0,34.0,3.0,-inf,1.1724137931034484
0,32767,14,1,3,0,34.0,3.0,-inf,1.1724137931034484
0,32767,14,1,3,1,34.0,3.0,-inf,1.1724137931034484
0,32767,14,1,3,0,34.0,3.0,-inf,1.1724137931034484
0,32767,14,1,3,0,34.0,3.0,-inf,1.1724137931034484
0,32767,14,1,3,0,34.0,3.0,-inf,1.1724137931034484
0,32767,14,1,3,1,34.0,3.0,-inf,1.1724137931034484
0,32767,14,1,3,1,34.0,3.0,-inf,1.1724137931034484
0,32767,14,1,3,1,34.0,3.0,-inf,1.1724137931034484
0,32767,14,1,3,0,34.0,3.0,-inf,1.1724137931034484
0,32767,14,1,3,1,34.0,3.0,-inf,1.1724137931034484
0,32767,14,1,3,1,34.0,3.0,-inf,1.1724137931034484
0,32767,14,1,3,0,34.0,3.0,-inf,1.1724137931034484
0,32767,14,1,3,0,34.0,3.0,-inf,1.1724137931034484
0,32767,14,1,3,1,34.0,3.0,-inf,1.1724137931034484
0,32767,14,1,3,1,34.0,3.0,-inf,1.1724137931034484
0,32767,14,1,3,1,34.0,3.0,-inf,1.1724137931034484
0,32767,14,1,3,0,34.0,3.0,-inf,1.1724137931034484
0,32767,14,1,3,1,34.0,3.0,-inf,1.1724137931034484
0,32767,14,1,3,1,34.0,3.0,-inf,1.1724137931034484
0,32767,15,1,1,1,31.5,2.0,-inf,1.909090909090909
0,32767,15,1,1,1,31.5,2.0,-inf,1.909090909090909
0,32767,15,1,1,1,31.5,2.0,-inf,1.909090909090909
0,32767,15,1,1,1,31.5,2.0,-inf,1.909090909090909
0,32767,15,1,1,0,31.5,2.0,-inf,1.909090909090909
0,32767,15,1,1,0,31.5,2.0,-inf,1.909090909090909
0,32767,15,1,1,1,31.5,2.0,-inf,1.909090909090909
0,32767,15,1,1,1,31.5,2.0,-inf,1.909090909090909
0,32767,15,1,1,1,31.5,2.0,-inf,1.909090909090909
0,32767,15,1,1,1,31.5,2.0,-inf,1.909090909090909
0,32767,15,1,1,0,31.5,2.0,-inf,1.909090909090909
0,32767,15,1,1,0,31.5,2.0,-inf,1.909090909090909
0,32767,15,1,1,0,31.5,2.0,-inf,1.909090909090909
0,32767,15,1,1,1,31.5,2.0,-inf,1.909090909090909
0,32767,15,1,2,1,31.5,2.0,-inf,1.2352941176470589
0,32767,15,1,2,1,31.5,2.0,-inf,1.2352941176470589
0,32767,15,1,2,0,31.5,2.0,-inf,1.2352941176470589
0,32767,15,1,2,0,31.5,2.0,-inf,1.2352941176470589
0,32767,15,1,2,1,31.5,2.0,-inf,1.2352941176470589
0,32767,15,1,2,1,31.5,2.0,-inf,1.2352941176470589
0,32767,15,1,2,0,31.5,2.0,-inf,1.2352941176470589
0,32767,15,1,2,1,31.5,2.0,-inf,1.2352941176470589
0,32767,15,1,2,0,31.5,2.0,-inf,1.2352941176470589
0,32767,15,1,2,0,31.5,2.0,-inf,1.2352941176470589
0,32767,15,1,2,1,31.5,2.0,-inf,1.2352941176470589
0,32767,15,1,2,0,31.5,2.0,-inf,1.2352941176470589
0,32767,15,1,2,1,31.5,2.0,-inf,1.2352941176470589
0,32767,15,1,2,1,31.5,2.0,-inf,1.2352941176470589
0,32767,15,1,2,0,31.5,2.0,-inf,1.2352941176470589
0,32767,15,1,2,0,31.5,2.0,-inf,1.2352941176470589
0,32767,15,1,2,1,31.5,2.0,-inf,1.2352941176470589
0,32767,15,1,2,1,31.5,2.0,-inf,1.2352941176470589
0,32767,15,1,2,0,31.5,2.0,-inf,1.2352941176470589
0,32767,16,1,1,1,32.333333333333336,3.0,-inf,1.8653846153846154
0,32767,16,1,1,0,32.333333333333336,3.0,-inf,1.8653846153846154
0,32767,16,1,1,0,32.333333333333336,3.0,-inf,1.8653846153846154
0,32767,16,1,1,0,32.333333333333336,3.0,-inf,1.8653846153846154
0,32767,16,1,1,1,32.333333333333336,3.0,-inf,1.8653846153846154
0,32767,16,1,1,0,32.333333333333336,3.0,-inf,1.8653846153846154
0,32767,16,1,1,1,32.333333333333336,3.0,-inf,1.8653846153846154
0,32767,16,1,1,0,32.333333333333336,3.0,-inf,1.8653846153846154
0,32767,16,1,1,1,32.333333333333336,3.0,-inf,1.8653846153846154
0,32767,16,1,1,1,32.333333333333336,3.0,-inf,1.8653846153846154
0,32767,16,1,1,1,32.333333333333336,3.0,-inf,1.8653846153846154
0,32767,16,1,1,1,32.333333333333336,3.0,-inf,1.8653846153846154
0,32767,16,1,1,1,32.333333333333336,3.0,-inf,1.8653846153846154
0,32767,16,1,1,1,32.333333333333336,3.0,-inf,1.8653846153846154
0,32767,16,1,1,0,32.333333333333336,3.0,-inf,1.8653846153846154
0,32767,16,1,1,0,32.333333333333336,3.0,-inf,1.8653846153846154
0,32767,16,1,2,1,32.333333333333336,3.0,-inf,2.255813953488372
0,32767,16,1,2,1,32.333333333333336,3.0,-inf,2.255813953488372
0,32767,16,1,2,1,32.333333333333336,3.0,-inf,2.255813953488372
0,32767,16,1,2,1,32.333333333333336,3.0,-inf,2.255813953488372
0,32767,16,1,2,1,32.333333333333336,3.0,-inf,2.255813953488372
0,32767,16,1,2,1,32.333333333333336,3.0,-inf,2.255813953488372
0,32767,16,1,2,0,32.333333333333336,3.0,-inf,2.255813953488372
0,32767,16,1,2,1,32.333333333333336,3.0,-inf,2.255813953488372
0,32767,16,1,2,0,32.333333333333336,3.0,-inf,2.255813953488372
0,32767,16,1,2,0,32.333333333333336,3.0,-inf,2.255813953488372
0,32767,16,1,2,0,32.333333333333336,3.0,-inf,2.255813953488372
0,32767,16,1,1,0,32.333333333333336,3.0,-inf,1.8653846153846154
0,32767,16,1,3,0,32.333333333333336,3.0,-inf,1.8653846153846154
0,32767,16,1,3,0,32.333333333333336,3.0,-inf,1.8653846153846154
0,32767,16,1,3,1,32.333333333333336,3.0,-inf,1.8653846153846154
0,32767,16,1,3,1,32.333333333333336,3.0,-inf,1.8653846153846154
0,32767,16,1,3,1,32.333333333333336,3.0,-inf,1.8653846153846154
0,32767,16,1,3,0,32.333333333333336,3.0,-inf,1.8653846153846154
0,32767,16,1,3,0,32.333333333333336,3.0,-inf,1.8653846153846154
0,32767,16,1,3,1,32.333333333333336,3.0,-inf,1.8653846153846154
0,32767,16,1,3,1,32.333333333333336,3.0,-inf,1.8653846153846154
0,32767,16,1,3,0,32.333333333333336,3.0,-inf,1.8653846153846154
0,32767,16,1,3,1,32.333333333333336,3.0,-inf,1.8653846153846154
0,32767,16,1,3,0,32.333333333333336,3.0,-inf,1.8653846153846154
0,32767,16,1,3,1,32.333333333333336,3.0,-inf,1.8653846153846154
0,32767,16,1,3,0,32.333333333333336,3.0,-inf,1.8653846153846154
0,32767,16,1,3,0,32.333333333333336,3.0,-inf,1.8653846153846154
0,32767,16,1,3,1,32.333333333333336,3.0,-inf,1.8653846153846154
0,32767,17,1,1,0,32.0,3.0,-inf,1.1428571428571428
0,32767,17,1,1,1,32.0,3.0,-inf,1.1428571428571428
0,32767,17,1,1,0,32.0,3.0,-inf,1.1428571428571428
0,32767,17,1,1,0,32.0,3.0,-inf,1.1428571428571428
0,32767,17,1,1,0,32.0,3.0,-inf,1.1428571428571428
0,32767,17,1,1,1,32.0,3.0,-inf,1.1428571428571428
0,32767,17,1,1,1,32.0,3.0,-inf,1.1428571428571428
0,32767,17,1,1,0,32.0,3.0,-inf,1.1428571428571428
0,32767,17,1,1,1,32.0,3.0,-inf,1.1428571428571428
0,32767,17,1,1,0,32.0,3.0,-inf,1.1428571428571428
0,32767,17,1,1,0,32.0,3.0,-inf,1.1428571428571428
0,32767,17,1,1,0,32.0,3.0,-inf,1.1428571428571428
0,32767,17,1,1,1,32.0,3.0,-inf,1.1428571428571428
0,32767,17,1,1,0,32.0,3.0,-inf,1.1428571428571428
0,32767,17,1,1,1,32.0,3.0,-inf,1.1428571428571428
0,32767,17,1,1,0,32.0,3.0,-inf,1.1428571428571428
0,32767,17,1,1,0,32.0,3.0,-inf,1.1428571428571428
0,32767,17,1,1,1,32.0,3.0,-inf,1.1428571428571428
0,32767,17,1,1,0,32.0,3.0,-inf,1.1428571428571428
0,32767,17,1,1,1,32.0,3.0,-inf,1.1428571428571428
0,32767,17,1,1,0,32.0,3.0,-inf,1.1428571428571428
0,32767,17,1,1,1,32.0,3.0,-inf,1.1428571428571428
0,32767,17,1,1,1,32.0,3.0,-inf,1.1428571428571428
0,32767,17,1,2,1,32.0,3.0,-inf,1.5238095238095237
0,32767,17,1,2,0,32.0,3.0,-inf,1.5238095238095237
0,32767,17,1,2,0,32.0,3.0,-inf,1.5238095238095237
0,32767,17,1,2,1,32.0,3.0,-inf,1.5238095238095237
0,32767,17,1,2,1,32.0,3.0,-inf,1.5238095238095237
0,32767,17,1,2,1,32.0,3.0,-inf,1.5238095238095237
0,32767,17,1,2,0,32.0,3.0,-inf,1.5238095238095237
0,32767,17,1,2,1,32.0,3.0,-inf,1.5238095238095237
0,32767,17,1,2,0,32.0,3.0,-inf,1.5238095238095237
0,32767,17,1,2,0,32.0,3.0,-inf,1.5238095238095237
0,32767,17,1,2,0,32.0,3.0,-inf,1.5238095238095237
0,32767,17,1,2,0,32.0,3.0,-inf,1.5238095238095237
0,32767,17,1,2,1,32.0,3.0,-inf,1.5238095238095237
0,32767,17,1,2,0,32.0,3.0,-inf,1.5238095238095237
0,32767,17,1,2,1,32.0,3.0,-inf,1.5238095238095237
0,32767,17,1,2,0,32.0,3.0,-inf,1.5238095238095237
0,32767,17,1,2,1,32.0,3.0,-inf,1.5238095238095237
0,32767,17,1,2,0,32.0,3.0,-inf,1.5238095238095237
0,32767,17,1,2,0,32.0,3.0,-inf,1.5238095238095237
0,32767,17,1,2,1,32.0,3.0,-inf,1.5238095238095237
0,32767,17,1,3,0,32.0,3.0,-inf,1.103448275862069
0,32767,17,1,3,0,32.0,3.0,-inf,1.103448275862069
0,32767,17,1,3,0,32.0,3.0,-inf,1.103448275862069
0,32767,17,1,3,0,32.0,3.0,-inf,1.103448275862069
0,32767,17,1,3,1,32.0,3.0,-inf,1.103448275862069
0,32767,17,1,3,1,32.0,3.0,-inf,1.103448275862069
0,32767,17,1,3,1,32.0,3.0,-inf,1.103448275862069
0,32767,17,1,3,0,32.0,3.0,-inf,1.103448275862069
0,32767,17,1,3,0,32.0,3.0,-inf,1.103448275862069
0,32767,17,1,3,1,32.0,3.0,-inf,1.103448275862069
0,32767,17,1,3,1,32.0,3.0,-inf,1.103448275862069
0,32767,17,1,3,0,32.0,3.0,-inf,1.103448275862069
0,32767,17,1,3,1,32.0,3.0,-inf,1.103448275862069
0,32767,17,1,3,1,32.0,3.0,-inf,1.103448275862069
0,32767,17,1,3,1,32.0,3.0,-inf,1.103448275862069
0,32767,17,1,3,0,32.0,3.0,-inf,1.103448275862069
0,32767,17,1,3,1,32.0,3.0,-inf,1.103448275862069
0,32767,17,1,3,0,32.0,3.0,-inf,1.103448275862069
0,32767,17,1,3,1,32.0,3.0,-inf,1.103448275862069
0,32767,17,1,3,0,32.0,3.0,-inf,1.103448275862069
0,32767,18,1,1,1,23.5,2.0,-inf,1.342857142857143
0,32767,18,1,1,0,23.5,2.0,-inf,1.342857142857143
0,32767,18,1,1,1,23.5,2.0,-inf,1.342857142857143
0,32767,18,1,1,1,23.5,2.0,-inf,1.342857142857143
0,32767,18,1,1,0,23.5,2.0,-inf,1.342857142857143
0,32767,18,1,1,0,23.5,2.0,-inf,1.342857142857143
0,32767,18,1,1,1,23.5,2.0,-inf,1.342857142857143
0,32767,18,1,1,1,23.5,2.0,-inf,1.342857142857143
0,32767,18,1,1,0,23.5,2.0,-inf,1.342857142857143
0,32767,18,1,1,1,23.5,2.0,-inf,1.342857142857143
0,32767,18,1,1,0,23.5,2.0,-inf,1.342857142857143
0,32767,18,1,1,0,23.5,2.0,-inf,1.342857142857143
0,32767,18,1,1,1,23.5,2.0,-inf,1.342857142857143
0,32767,18,1,1,1,23.5,2.0,-inf,1.342857142857143
0,32767,18,1,1,0,23.5,2.0,-inf,1.342857142857143
0,32767,18,1,1,1,23.5,2.0,-inf,1.342857142857143
0,32767,18,1,2,0,23.5,2.0,-inf,1.205128205128205
0,32767,18,1,2,0,23.5,2.0,-inf,1.205128205128205
0,32767,18,1,2,1,23.5,2.0,-inf,1.205128205128205
0,32767,18,1,2,0,23.5,2.0,-inf,1.205128205128205
0,32767,18,1,2,0,23.5,2.0,-inf,1.205128205128205
0,32767,18,1,2,0,23.5,2.0,-inf,1.205128205128205
0,32767,18,1,2,1,23.5,2.0,-inf,1.205128205128205
0,32767,18,1,2,0,23.5,2.0,-inf,1.205128205128205
0,32767,18,1,2,1,23.5,2.0,-inf,1.205128205128205
0,32767,18,1,2,0,23.5,2.0,-inf,1.205128205128205
0,32767,18,1,2,0,23.5,2.0,-inf,1.205128205128205
0,32767,18,1,2,1,23.5,2.0,-inf,1.205128205128205
0,32767,18,1,2,1,23.5,2.0,-inf,1.205128205128205
0,32767,18,1,2,1,23.5,2.0,-inf,1.205128205128205
0,32767,18,1,2,0,23.5,2.0,-inf,1.205128205128205
0,32767,18,1,2,0,23.5,2.0,-inf,1.205128205128205
0,32767,19,1,1,1,33.0,2.0,-inf,1.32
0,32767,19,1,1,0,33.0,2.0,-inf,1.32
0,32767,19,1,1,1,33.0,2.0,-inf,1.32
0,32767,19,1,1,1,33.0,2.0,-inf,1.32
0,32767,19,1,1,0,33.0,2.0,-inf,1.32
0,32767,19,1,1,0,33.0,2.0,-inf,1.32
0,32767,19,1,1,0,33.0,2.0,-inf,1.32
0,32767,19,1,1,0,33.0,2.0,-inf,1.32
0,32767,19,1,1,1,33.0,2.0,-inf,1.32
0,32767,19,1,1,1,33.0,2.0,-inf,1.32
0,32767,19,1,1,1,33.0,2.0,-inf,1.32
0,32767,19,1,1,0,33.0,2.0,-inf,1.32
0,32767,19,1,1,0,33.0,2.0,-inf,1.32
0,32767,19,1,1,1,33.0,2.0,-inf,1.32
0,32767,19,1,1,1,33.0,2.0,-inf,1.32
0,32767,19,1,1,0,33.0,2.0,-inf,1.32
0,32767,19,1,1,1,33.0,2.0,-inf,1.32
0,32767,19,1,1,1,33.0,2.0,-inf,1.32
0,32767,19,1,1,0,33.0,2.0,-inf,1.32
0,32767,19,1,2,0,33.0,2.0,-inf,1.03125
0,32767,19,1,2,0,33.0,2.0,-inf,1.03125
0,32767,19,1,2,1,33.0,2.0,-inf,1.03125
0,32767,19,1,2,0,33.0,2.0,-inf,1.03125
0,32767,19,1,2,0,33.0,2.0,-inf,1.03125
0,32767,19,1,2,0,33.0,2.0,-inf,1.03125
0,32767,19,1,2,0,33.0,2.0,-inf,1.03125
0,32767,19,1,2,0,33.0,2.0,-inf,1.03125
0,32767,19,1,2,1,33.0,2.0,-inf,1.03125
0,32767,19,1,2,1,33.0,2.0,-inf,1.03125
0,32767,19,1,2,1,33.0,2.0,-inf,1.03125
0,32767,19,1,2,1,33.0,2.0,-inf,1.03125
0,32767,19,1,2,1,33.0,2.0,-inf,1.03125
0,32767,19,1,2,1,33.0,2.0,-inf,1.03125
0,32767,19,1,2,0,33.0,2.0,-inf,1.03125
0,32767,19,1,2,1,33.0,2.0,-inf,1.03125
0,32767,19,1,2,1,33.0,2.0,-inf,1.03125
0,32767,19,1,2,0,33.0,2.0,-inf,1.03125
0,32767,19,1,2,1,33.0,2.0,-inf,1.03125
0,32767,19,1,2,1,33.0,2.0,-inf,1.03125
0,32767,19,1,2,1,33.0,2.0,-inf,1.03125
0,32767,19,1,2,1,33.0,2.0,-inf,1.03125
0,32767,19,1,2,1,33.0,2.0,-inf,1.03125
0,32767,19,1,2,1,33.0,2.0,-inf,1.03125
0,32767,19,1,2,0,33.0,2.0,-inf,1.03125
0,32767,19,1,2,1,33.0,2.0,-inf,1.03125
0,32767,19,1,2,1,33.0,2.0,-inf,1.03125
0,32767,19,1,2,1,33.0,2.0,-inf,1.03125
0,32767,19,1,2,1,33.0,2.0,-inf,1.03125
0,32767,19,1,2,0,33.0,2.0,-inf,1.03125
0,32767,20,1,1,0,20.0,1.0,-inf,1.4285714285714286
0,32767,20,1,1,1,20.0,1.0,-inf,1.4285714285714286
0,32767,20,1,1,0,20.0,1.0,-inf,1.4285714285714286
0,32767,20,1,1,1,20.0,1.0,-inf,1.4285714285714286
0,32767,20,1,1,0,20.0,1.0,-inf,1.4285714285714286
0,32767,20,1,1,1,20.0,1.0,-inf,1.4285714285714286
0,32767,20,1,1,1,20.0,1.0,-inf,1.4285714285714286
0,32767,20,1,1,1,20.0,1.0,-inf,1.4285714285714286
0,32767,20,1,1,0,20.0,1.0,-inf,1.4285714285714286
0,32767,20,1,1,1,20.0,1.0,-inf,1.4285714285714286
0,32767,20,1,1,1,20.0,1.0,-inf,1.4285714285714286
0,32767,20,1,1,0,20.0,1.0,-inf,1.4285714285714286
0,32767,20,1,1,1,20.0,1.0,-inf,1.4285714285714286
0,32767,21,1,1,0,6.0,0.5,-inf,1.0
0,32767,21,1,1,0,6.0,0.5,-inf,1.0
0,32767,21,1,1,0,6.0,0.5,-inf,1.0
0,32767,22,1,1,0,33.0,2.0,-inf,1.064516129032258
0,32767,22,1,1,1,33.0,2.0,-inf,1.064516129032258
0,32767,22,1,1,0,33.0,2.0,-inf,1.064516129032258
0,32767,22,1,1,1,33.0,2.0,-inf,1.064516129032258
0,32767,22,1,1,0,33.0,2.0,-inf,1.064516129032258
0,32767,22,1,1,1,33.0,2.0,-inf,1.064516129032258
0,32767,22,1,1,0,33.0,2.0,-inf,1.064516129032258
0,32767,22,1,1,1,33.0,2.0,-inf,1.064516129032258
0,32767,22,1,1,0,33.0,2.0,-inf,1.064516129032258
0,32767,22,1,1,0,33.0,2.0,-inf,1.064516129032258
0,32767,22,1,1,0,33.0,2.0,-inf,1.064516129032258
0,32767,22,1,1,1,33.0,2.0,-inf,1.064516129032258
0,32767,22,1,1,0,33.0,2.0,-inf,1.064516129032258
0,32767,22,1,1,1,33.0,2.0,-inf,1.064516129032258
0,32767,22,1,1,0,33.0,2.0,-inf,1.064516129032258
0,32767,22,1,1,0,33.0,2.0,-inf,1.064516129032258
0,32767,22,1,1,1,33.0,2.0,-inf,1.064516129032258
0,32767,22,1,1,0,33.0,2.0,-inf,1.064516129032258
0,32767,22,1,1,0,33.0,2.0,-inf,1.064516129032258
0,32767,22,1,1,0,33.0,2.0,-inf,1.064516129032258
0,32767,22,1,1,1,33.0,2.0,-inf,1.064516129032258
0,32767,22,1,1,1,33.0,2.0,-inf,1.064516129032258
0,32767,22,1,1,1,33.0,2.0,-inf,1.064516129032258
0,32767,22,1,1,1,33.0,2.0,-inf,1.064516129032258
0,32767,22,1,1,0,33.0,2.0,-inf,1.064516129032258
0,32767,22,1,1,0,33.0,2.0,-inf,1.064516129032258
0,32767,22,1,1,0,33.0,2.0,-inf,1.064516129032258
0,32767,22,1,2,1,33.0,2.0,-inf,1.1
0,32767,22,1,2,1,33.0,2.0,-inf,1.1
0,32767,22,1,2,0,33.0,2.0,-inf,1.1
0,32767,22,1,2,0,33.0,2.0,-inf,1.1
0,32767,22,1,2,0,33.0,2.0,-inf,1.1
0,32767,22,1,2,0,33.0,2.0,-inf,1.1
0,32767,22,1,2,1,33.0,2.0,-inf,1.1
0,32767,22,1,2,0,33.0,2.0,-inf,1.1
0,32767,22,1,2,1,33.0,2.0,-inf,1.1
0,32767,22,1,2,1,33.0,2.0,-inf,1.1
0,32767,22,1,2,0,33.0,2.0,-inf,1.1
0,32767,22,1,2,0,33.0,2.0,-inf,1.1
0,32767,22,1,2,0,33.0,2.0,-inf,1.1
0,32767,22,1,2,0,33.0,2.0,-inf,1.1
0,32767,22,1,2,1,33.0,2.0,-inf,1.1
0,32767,22,1,2,0,33.0,2.0,-inf,1.1
0,32767,22,1,2,1,33.0,2.0,-inf,1.1
0,32767,22,1,2,0,33.0,2.0,-inf,1.1
0,32767,22,1,2,1,33.0,2.0,-inf,1.1
0,32767,22,1,2,0,33.0,2.0,-inf,1.1
0,32767,22,1,2,1,33.0,2.0,-inf,1.1
0,32767,22,1,2,1,33.0,2.0,-inf,1.1
0,32767,22,1,2,0,33.0,2.0,-inf,1.1
0,32767,22,1,2,0,33.0,2.0,-inf,1.1
0,32767,22,1,2,0,33.0,2.0,-inf,1.1
0,32767,22,1,2,1,33.0,2.0,-inf,1.1
0,32767,22,1,2,1,33.0,2.0,-inf,1.1
0,32767,22,1,2,0,33.0,2.0,-inf,1.1
0,32767,23,1,1,0,28.8,5.0,-inf,1.3846153846153846
0,32767,23,1,1,1,28.8,5.0,-inf,1.3846153846153846
0,32767,23,1,1,0,28.8,5.0,-inf,1.3846153846153846
0,32767,23,1,1,1,28.8,5.0,-inf,1.3846153846153846
0,32767,23,1,1,0,28.8,5.0,-inf,1.3846153846153846
0,32767,23,1,1,0,28.8,5.0,-inf,1.3846153846153846
0,32767,23,1,1,1,28.8,5.0,-inf,1.3846153846153846
0,32767,23,1,1,0,28.8,5.0,-inf,1.3846153846153846
0,32767,23,1,1,1,28.8,5.0,-inf,1.3846153846153846
0,32767,23,1,1,0,28.8,5.0,-inf,1.3846153846153846
0,32767,23,1,1,1,28.8,5.0,-inf,1.3846153846153846
0,32767,23,1,1,0,28.8,5.0,-inf,1.3846153846153846
0,32767,23,1,1,0,28.8,5.0,-inf,1.3846153846153846
0,32767,23,1,1,0,28.8,5.0,-inf,1.3846153846153846
0,32767,23,1,1,1,28.8,5.0,-inf,1.3846153846153846
0,32767,23,1,1,1,28.8,5.0,-inf,1.3846153846153846
0,32767,23,1,1,1,28.8,5.0,-inf,1.3846153846153846
0,32767,23,1,1,1,28.8,5.0,-inf,1.3846153846153846
0,32767,23,1,2,1,28.8,5.0,-inf,1.3211009174311927
0,32767,23,1,2,1,28.8,5.0,-inf,1.3211009174311927
0,32767,23,1,2,1,28.8,5.0,-inf,1.3211009174311927
0,32767,23,1,2,0,28.8,5.0,-inf,1.3211009174311927
0,32767,23,1,2,0,28.8,5.0,-inf,1.3211009174311927
0,32767,23,1,2,0,28.8,5.0,-inf,1.3211009174311927
0,32767,23,1,2,1,28.8,5.0,-inf,1.3211009174311927
0,32767,23,1,2,0,28.8,5.0,-inf,1.3211009174311927
0,32767,23,1,2,1,28.8,5.0,-inf,1.3211009174311927
0,32767,23,1,2,1,28.8,5.0,-inf,1.3211009174311927
0,32767,23,1,2,0,28.8,5.0,-inf,1.3211009174311927
0,32767,23,1,2,1,28.8,5.0,-inf,1.3211009174311927
0,32767,23,1,2,0,28.8,5.0,-inf,1.3211009174311927
0,32767,23,1,2,1,28.8,5.0,-inf,1.3211009174311927
0,32767,23,1,2,0,28.8,5.0,-inf,1.3211009174311927
0,32767,23,1,2,0,28.8,5.0,-inf,1.3211009174311927
0,32767,23,1,2,1,28.8,5.0,-inf,1.3211009174311927
0,32767,23,1,2,0,28.8,5.0,-inf,1.3211009174311927
0,32767,23,1,2,0,28.8,5.0,-inf,1.3211009174311927
0,32767,23,1,3,0,28.8,5.0,-inf,3.6923076923076916
0,32767,23,1,3,0,28.8,5.0,-inf,3.6923076923076916
0,32767,23,1,3,1,28.8,5.0,-inf,3.6923076923076916
0,32767,23,1,3,1,28.8,5.0,-inf,3.6923076923076916
0,32767,23,1,4,0,28.8,5.0,-inf,1.3211009174311927
0,32767,23,1,4,0,28.8,5.0,-inf,1.3211009174311927
0,32767,23,1,4,1,28.8,5.0,-inf,1.3211009174311927
0,32767,23,1,4,0,28.8,5.0,-inf,1.3211009174311927
0,32767,23,1,4,0,28.8,5.0,-inf,1.3211009174311927
0,32767,23,1,4,0,28.8,5.0,-inf,1.3211009174311927
0,32767,23,1,4,1,28.8,5.0,-inf,1.3211009174311927
0,32767,23,1,4,1,28.8,5.0,-inf,1.3211009174311927
0,32767,23,1,4,1,28.8,5.0,-inf,1.3211009174311927
0,32767,23,1,4,1,28.8,5.0,-inf,1.3211009174311927
0,32767,23,1,4,1,28.8,5.0,-inf,1.3211009174311927
0,32767,23,1,4,1,28.8,5.0,-inf,1.3211009174311927
0,32767,23,1,4,1,28.8,5.0,-inf,1.3211009174311927
0,32767,23,1,4,0,28.8,5.0,-inf,1.3211009174311927
0,32767,23,1,4,0,28.8,5.0,-inf,1.3211009174311927
0,32767,23,1,4,1,28.8,5.0,-inf,1.3211009174311927
0,32767,23,1,4,0,28.8,5.0,-inf,1.3211009174311927
0,32767,23,1,4,0,28.8,5.0,-inf,1.3211009174311927
0,32767,23,1,4,1,28.8,5.0,-inf,1.3211009174311927
0,32767,23,1,4,1,28.8,5.0,-inf,1.3211009174311927
0,32767,23,1,4,1,28.8,5.0,-inf,1.3211009174311927
0,32767,23,1,4,0,28.8,5.0,-inf,1.3211009174311927
0,32767,23,1,5,1,28.8,5.0,-inf,2.0869565217391304
0,32767,23,1,5,1,28.8,5.0,-inf,2.0869565217391304
0,32767,23,1,5,0,28.8,5.0,-inf,2.0869565217391304
0,32767,23,1,5,0,28.8,5.0,-inf,2.0869565217391304
0,32767,23,1,5,0,28.8,5.0,-inf,2.0869565217391304
0,32767,23,1,5,1,28.8,5.0,-inf,2.0869565217391304
0,32767,23,1,5,0,28.8,5.0,-inf,2.0869565217391304
0,32767,24,1,1,1,23.0,2.0,-inf,1.2105263157894737
0,32767,24,1,1,1,23.0,2.0,-inf,1.2105263157894737
0,32767,24,1,1,0,23.0,2.0,-inf,1.2105263157894737
0,32767,24,1,1,1,23.0,2.0,-inf,1.2105263157894737
0,32767,24,1,1,0,23.0,2.0,-inf,1.2105263157894737
0,32767,24,1,1,1,23.0,2.0,-inf,1.2105263157894737
0,32767,24,1,1,0,23.0,2.0,-inf,1.2105263157894737
0,32767,24,1,1,1,23.0,2.0,-inf,1.2105263157894737
0,32767,24,1,1,1,23.0,2.0,-inf,1.2105263157894737
0,32767,24,1,1,0,23.0,2.0,-inf,1.2105263157894737
0,32767,24,1,1,0,23.0,2.0,-inf,1.2105263157894737
0,32767,24,1,1,1,23.0,2.0,-inf,1.2105263157894737
0,32767,24,1,1,1,23.0,2.0,-inf,1.2105263157894737
0,32767,24,1,1,1,23.0,2.0,-inf,1.2105263157894737
0,32767,24,1,1,1,23.0,2.0,-inf,1.2105263157894737
0,32767,24,1,1,0,23.0,2.0,-inf,1.2105263157894737
0,32767,24,1,1,1,23.0,2.0,-inf,1.2105263157894737
0,32767,24,1,1,0,23.0,2.0,-inf,1.2105263157894737
0,32767,24,1,1,1,23.0,2.0,-inf,1.2105263157894737
0,32767,24,1,2,1,23.0,2.0,-inf,1.0952380952380953
0,32767,24,1,2,1,23.0,2.0,-inf,1.0952380952380953
0,32767,24,1,2,0,23.0,2.0,-inf,1.0952380952380953
0,32767,24,1,2,0,23.0,2.0,-inf,1.0952380952380953
0,32767,24,1,2,0,23.0,2.0,-inf,1.0952380952380953
0,32767,24,1,2,1,23.0,2.0,-inf,1.0952380952380953
0,32767,24,1,2,1,23.0,2.0,-inf,1.0952380952380953
0,32767,24,1,2,0,23.0,2.0,-inf,1.0952380952380953
0,32767,24,1,2,0,23.0,2.0,-inf,1.0952380952380953
0,32767,24,1,2,1,23.0,2.0,-inf,1.0952380952380953
0,32767,24,1,2,0,23.0,2.0,-inf,1.0952380952380953
0,32767,24,1,2,1,23.0,2.0,-inf,1.0952380952380953
0,32767,24,1,2,0,23.0,2.0,-inf,1.0952380952380953
0,32767,24,1,2,1,23.0,2.0,-inf,1.0952380952380953
0,32767,24,1,2,1,23.0,2.0,-inf,1.0952380952380953
0,32767,24,1,2,1,23.0,2.0,-inf,1.0952380952380953
0,32767,24,1,2,1,23.0,2.0,-inf,1.0952380952380953
0,32767,25,1,1,1,26.5,2.0,-inf,1.0392156862745099
0,32767,25,1,1,0,26.5,2.0,-inf,1.0392156862745099
0,32767,25,1,1,1,26.5,2.0,-inf,1.0392156862745099
0,32767,25,1,1,0,26.5,2.0,-inf,1.0392156862745099
0,32767,25,1,1,1,26.5,2.0,-inf,1.0392156862745099
0,32767,25,1,1,0,26.5,2.0,-inf,1.0392156862745099
0,32767,25,1,1,1,26.5,2.0,-inf,1.0392156862745099
0,32767,25,1,1,0,26.5,2.0,-inf,1.0392156862745099
0,32767,25,1,1,0,26.5,2.0,-inf,1.0392156862745099
0,32767,25,1,1,1,26.5,2.0,-inf,1.0392156862745099
0,32767,25,1,1,0,26.5,2.0,-inf,1.0392156862745099
0,32767,25,1,1,0,26.5,2.0,-inf,1.0392156862745099
0,32767,25,1,1,1,26.5,2.0,-inf,1.0392156862745099
0,32767,25,1,1,0,26.5,2.0,-inf,1.0392156862745099
0,32767,25,1,1,1,26.5,2.0,-inf,1.0392156862745099
0,32767,25,1,1,1,26.5,2.0,-inf,1.0392156862745099
0,32767,25,1,1,1,26.5,2.0,-inf,1.0392156862745099
0,32767,25,1,1,1,26.5,2.0,-inf,1.0392156862745099
0,32767,25,1,1,0,26.5,2.0,-inf,1.0392156862745099
0,32767,25,1,1,0,26.5,2.0,-inf,1.0392156862745099
0,32767,25,1,2,0,26.5,2.0,-inf,1.0392156862745099
0,32767,25,1,2,0,26.5,2.0,-inf,1.0392156862745099
0,32767,25,1,2,1,26.5,2.0,-inf,1.0392156862745099
0,32767,25,1,2,0,26.5,2.0,-inf,1.0392156862745099
0,32767,25,1,2,1,26.5,2.0,-inf,1.0392156862745099
0,32767,25,1,2,1,26.5,2.0,-inf,1.0392156862745099
0,32767,25,1,2,1,26.5,2.0,-inf,1.0392156862745099
0,32767,25,1,2,0,26.5,2.0,-inf,1.0392156862745099
0,32767,25,1,2,0,26.5,2.0,-inf,1.0392156862745099
0,32767,25,1,2,1,26.5,2.0,-inf,1.0392156862745099
0,32767,25,1,2,1,26.5,2.0,-inf,1.0392156862745099
0,32767,25,1,2,0,26.5,2.0,-inf,1.0392156862745099
0,32767,25,1,2,1,26.5,2.0,-inf,1.0392156862745099
0,32767,25,1,2,1,26.5,2.0,-inf,1.0392156862745099
0,32767,25,1,2,0,26.5,2.0,-inf,1.0392156862745099
0,32767,25,1,2,0,26.5,2.0,-inf,1.0392156862745099
0,32767,25,1,2,0,26.5,2.0,-inf,1.0392156862745099
0,32767,25,1,2,1,26.5,2.0,-inf,1.0392156862745099
0,32767,25,1,2,1,26.5,2.0,-inf,1.0392156862745099
0,32767,26,1,1,1,26.666666666666668,3.0,-inf,1.8181818181818181
0,32767,26,1,1,0,26.666666666666668,3.0,-inf,1.8181818181818181
0,32767,26,1,1,1,26.666666666666668,3.0,-inf,1.8181818181818181
0,32767,26,1,1,1,26.666666666666668,3.0,-inf,1.8181818181818181
0,32767,26,1,1,1,26.666666666666668,3.0,-inf,1.8181818181818181
0,32767,26,1,1,1,26.666666666666668,3.0,-inf,1.8181818181818181
0,32767,26,1,1,0,26.666666666666668,3.0,-inf,1.8181818181818181
0,32767,26,1,1,0,26.666666666666668,3.0,-inf,1.8181818181818181
0,32767,26,1,1,1,26.666666666666668,3.0,-inf,1.8181818181818181
0,32767,26,1,1,1,26.666666666666668,3.0,-inf,1.8181818181818181
0,32767,26,1,2,1,26.666666666666668,3.0,-inf,1.4285714285714284
0,32767,26,1,2,0,26.666666666666668,3.0,-inf,1.4285714285714284
0,32767,26,1,2,1,26.666666666666668,3.0,-inf,1.4285714285714284
0,32767,26,1,2,0,26.666666666666668,3.0,-inf,1.4285714285714284
0,32767,26,1,2,1,26.666666666666668,3.0,-inf,1.4285714285714284
0,32767,26,1,2,0,26.666666666666668,3.0,-inf,1.4285714285714284
0,32767,26,1,2,1,26.666666666666668,3.0,-inf,1.4285714285714284
0,32767,26,1,2,1,26.666666666666668,3.0,-inf,1.4285714285714284
0,32767,26,1,2,0,26.666666666666668,3.0,-inf,1.4285714285714284
0,32767,26,1,2,0,26.666666666666668,3.0,-inf,1.4285714285714284
0,32767,26,1,2,0,26.666666666666668,3.0,-inf,1.4285714285714284
0,32767,26,1,2,0,26.666666666666668,3.0,-inf,1.4285714285714284
0,32767,26,1,2,0,26.666666666666668,3.0,-inf,1.4285714285714284
0,32767,26,1,2,1,26.666666666666668,3.0,-inf,1.4285714285714284
0,32767,26,1,2,0,26.666666666666668,3.0,-inf,1.4285714285714284
0,32767,26,1,2,1,26.666666666666668,3.0,-inf,1.4285714285714284
0,32767,26,1,3,1,26.666666666666668,3.0,-inf,1.6
0,32767,26,1,3,0,26.666666666666668,3.0,-inf,1.6
0,32767,26,1,3,0,26.666666666666668,3.0,-inf,1.6
0,32767,26,1,3,0,26.666666666666668,3.0,-inf,1.6
0,32767,26,1,3,0,26.666666666666668,3.0,-inf,1.6
0,32767,26,1,3,0,26.666666666666668,3.0,-inf,1.6
0,32767,26,1,3,1,26.666666666666668,3.0,-inf,1.6
0,32767,26,1,3,1,26.666666666666668,3.0,-inf,1.6
0,32767,26,1,3,0,26.666666666666668,3.0,-inf,1.6
0,32767,26,1,3,0,26.666666666666668,3.0,-inf,1.6
0,32767,26,1,3,1,26.666666666666668,3.0,-inf,1.6
0,32767,26,1,3,1,26.666666666666668,3.0,-inf,1.6
0,32767,26,1,3,1,26.666666666666668,3.0,-inf,1.6
0,32767,26,1,3,0,26.666666666666668,3.0,-inf,1.6
0,32767,26,1,3,1,26.666666666666668,3.0,-inf,1.6
0,32767,27,1,1,1,36.333333333333336,3.0,-inf,2.2244897959183674
0,32767,27,1,1,0,36.333333333333336,3.0,-inf,2.2244897959183674
0,32767,27,1,1,0,36.333333333333336,3.0,-inf,2.2244897959183674
0,32767,27,1,1,1,36.333333333333336,3.0,-inf,2.2244897959183674
0,32767,27,1,1,1,36.333333333333336,3.0,-inf,2.2244897959183674
0,32767,27,1,1,0,36.333333333333336,3.0,-inf,2.2244897959183674
0,32767,27,1,1,0,36.333333333333336,3.0,-inf,2.2244897959183674
0,32767,27,1,1,1,36.333333333333336,3.0,-inf,2.2244897959183674
0,32767,27,1,1,0,36.333333333333336,3.0,-inf,2.2244897959183674
0,32767,27,1,1,1,36.333333333333336,3.0,-inf,2.2244897959183674
0,32767,27,1,1,0,36.333333333333336,3.0,-inf,2.2244897959183674
0,32767,27,1,1,0,36.333333333333336,3.0,-inf,2.2244897959183674
0,32767,27,1,1,0,36.333333333333336,3.0,-inf,2.2244897959183674
0,32767,27,1,2,1,36.333333333333336,3.0,-inf,1.5571428571428572
0,32767,27,1,2,1,36.333333333333336,3.0,-inf,1.5571428571428572
0,32767,27,1,2,0,36.333333333333336,3.0,-inf,1.5571428571428572
0,32767,27,1,2,0,36.333333333333336,3.0,-inf,1.5571428571428572
0,32767,27,1,2,0,36.333333333333336,3.0,-inf,1.5571428571428572
0,32767,27,1,2,1,36.333333333333336,3.0,-inf,1.5571428571428572
0,32767,27,1,2,0,36.333333333333336,3.0,-inf,1.5571428571428572
0,32767,27,1,2,0,36.333333333333336,3.0,-inf,1.5571428571428572
0,32767,27,1,2,1,36.333333333333336,3.0,-inf,1.5571428571428572
0,32767,27,1,2,1,36.333333333333336,3.0,-inf,1.5571428571428572
0,32767,27,1,2,1,36.333333333333336,3.0,-inf,1.5571428571428572
0,32767,27,1,2,1,36.333333333333336,3.0,-inf,1.5571428571428572
0,32767,27,1,2,0,36.333333333333336,3.0,-inf,1.5571428571428572
0,32767,27,1,2,1,36.333333333333336,3.0,-inf,1.5571428571428572
0,32767,27,1,2,0,36.333333333333336,3.0,-inf,1.5571428571428572
0,32767,27,1,2,0,36.333333333333336,3.0,-inf,1.5571428571428572
0,32767,27,1,2,0,36.333333333333336,3.0,-inf,1.5571428571428572
0,32767,27,1,2,1,36.333333333333336,3.0,-inf,1.5571428571428572
0,32767,27,1,2,1,36.333333333333336,3.0,-inf,1.5571428571428572
0,32767,27,1,2,0,36.333333333333336,3.0,-inf,1.5571428571428572
0,32767,27,1,3,1,36.333333333333336,3.0,-inf,1.2386363636363635
0,32767,27,1,3,0,36.333333333333336,3.0,-inf,1.2386363636363635
0,32767,27,1,3,0,36.333333333333336,3.0,-inf,1.2386363636363635
0,32767,27,1,3,0,36.333333333333336,3.0,-inf,1.2386363636363635
0,32767,27,1,3,0,36.333333333333336,3.0,-inf,1.2386363636363635
0,32767,27,1,3,0,36.333333333333336,3.0,-inf,1.2386363636363635
0,32767,27,1,3,0,36.333333333333336,3.0,-inf,1.2386363636363635
0,32767,27,1,3,0,36.333333333333336,3.0,-inf,1.2386363636363635
0,32767,27,1,3,0,36.333333333333336,3.0,-inf,1.2386363636363635
0,32767,27,1,3,0,36.333333333333336,3.0,-inf,1.2386363636363635
0,32767,27,1,3,1,36.333333333333336,3.0,-inf,1.2386363636363635
0,32767,27,1,3,0,36.333333333333336,3.0,-inf,1.2386363636363635
0,32767,27,1,3,0,36.333333333333336,3.0,-inf,1.2386363636363635
0,32767,27,1,3,0,36.333333333333336,3.0,-inf,1.2386363636363635
0,32767,27,1,3,0,36.333333333333336,3.0,-inf,1.2386363636363635
0,32767,27,1,3,1,36.333333333333336,3.0,-inf,1.2386363636363635
0,32767,27,1,3,0,36.333333333333336,3.0,-inf,1.2386363636363635
0,32767,27,1,3,1,36.333333333333336,3.0,-inf,1.2386363636363635
0,32767,27,1,3,1,36.333333333333336,3.0,-inf,1.2386363636363635
0,32767,27,1,3,1,36.333333333333336,3.0,-inf,1.2386363636363635
0,32767,27,1,3,1,36.333333333333336,3.0,-inf,1.2386363636363635
0,32767,27,1,3,1,36.333333333333336,3.0,-inf,1.2386363636363635
0,32767,27,1,3,1,36.333333333333336,3.0,-inf,1.2386363636363635
0,32767,27,1,3,0,36.333333333333336,3.0,-inf,1.2386363636363635
0,32767,27,1,3,0,36.333333333333336,3.0,-inf,1.2386363636363635
0,32767,27,1,2,0,36.333333333333336,3.0,-inf,1.5571428571428572
0,32767,27,1,3,1,36.333333333333336,3.0,-inf,1.2386363636363635
0,32767,28,1,1,1,30.749999999999996,4.0,-inf,1.2947368421052632
0,32767,28,1,1,1,30.749999999999996,4.0,-inf,1.2947368421052632
0,32767,28,1,1,1,30.749999999999996,4.0,-inf,1.2947368421052632
0,32767,28,1,1,0,30.749999999999996,4.0,-inf,1.2947368421052632
0,32767,28,1,1,1,30.749999999999996,4.0,-inf,1.2947368421052632
0,32767,28,1,1,1,30.749999999999996,4.0,-inf,1.2947368421052632
0,32767,28,1,1,0,30.749999999999996,4.0,-inf,1.2947368421052632
0,32767,28,1,1,1,30.749999999999996,4.0,-inf,1.2947368421052632
0,32767,28,1,1,0,30.749999999999996,4.0,-inf,1.2947368421052632
0,32767,28,1,1,1,30.749999999999996,4.0,-inf,1.2947368421052632
0,32767,28,1,1,1,30.749999999999996,4.0,-inf,1.2947368421052632
0,32767,28,1,1,0,30.749999999999996,4.0,-inf,1.2947368421052632
0,32767,28,1,1,1,30.749999999999996,4.0,-inf,1.2947368421052632
0,32767,28,1,1,0,30.749999999999996,4.0,-inf,1.2947368421052632
0,32767,28,1,1,1,30.749999999999996,4.0,-inf,1.2947368421052632
0,32767,28,1,1,0,30.749999999999996,4.0,-inf,1.2947368421052632
0,32767,28,1,1,0,30.749999999999996,4.0,-inf,1.2947368421052632
0,32767,28,1,1,0,30.749999999999996,4.0,-inf,1.2947368421052632
0,32767,28,1,1,0,30.749999999999996,4.0,-inf,1.2947368421052632
0,32767,28,1,1,0,30.749999999999996,4.0,-inf,1.2947368421052632
0,32767,28,1,1,1,30.749999999999996,4.0,-inf,1.2947368421052632
0,32767,28,1,1,1,30.749999999999996,4.0,-inf,1.2947368421052632
0,32767,28,1,2,1,30.749999999999996,4.0,-inf,1.8358208955223883
0,32767,28,1,2,0,30.749999999999996,4.0,-inf,1.8358208955223883
0,32767,28,1,2,0,30.749999999999996,4.0,-inf,1.8358208955223883
0,32767,28,1,2,1,30.749999999999996,4.0,-inf,1.8358208955223883
0,32767,28,1,2,1,30.749999999999996,4.0,-inf,1.8358208955223883
0,32767,28,1,2,0,30.749999999999996,4.0,-inf,1.8358208955223883
0,32767,28,1,2,0,30.749999999999996,4.0,-inf,1.8358208955223883
0,32767,28,1,2,0,30.749999999999996,4.0,-inf,1.8358208955223883
0,32767,28,1,2,0,30.749999999999996,4.0,-inf,1.8358208955223883
0,32767,28,1,2,0,30.749999999999996,4.0,-inf,1.8358208955223883
0,32767,28,1,2,1,30.749999999999996,4.0,-inf,1.8358208955223883
0,32767,28,1,2,1,30.749999999999996,4.0,-inf,1.8358208955223883
0,32767,28,1,3,1,30.749999999999996,4.0,-inf,1.9523809523809523
0,32767,28,1,3,1,30.749999999999996,4.0,-inf,1.9523809523809523
0,32767,28,1,3,0,30.749999999999996,4.0,-inf,1.9523809523809523
0,32767,28,1,3,1,30.749999999999996,4.0,-inf,1.9523809523809523
0,32767,28,1,3,0,30.749999999999996,4.0,-inf,1.9523809523809523
0,32767,28,1,3,1,30.749999999999996,4.0,-inf,1.9523809523809523
0,32767,28,1,3,1,30.749999999999996,4.0,-inf,1.9523809523809523
0,32767,28,1,3,0,30.749999999999996,4.0,-inf,1.9523809523809523
0,32767,28,1,3,0,30.749999999999996,4.0,-inf,1.9523809523809523
0,32767,28,1,3,0,30.749999999999996,4.0,-inf,1.9523809523809523
0,32767,28,1,3,0,30.749999999999996,4.0,-inf,1.9523809523809523
0,32767,28,1,3,0,30.749999999999996,4.0,-inf,1.9523809523809523
0,32767,28,1,3,1,30.749999999999996,4.0,-inf,1.9523809523809523
0,32767,28,1,4,1,30.749999999999996,4.0,-inf,1.1495327102803738
0,32767,28,1,4,0,30.749999999999996,4.0,-inf,1.1495327102803738
0,32767,28,1,4,1,30.749999999999996,4.0,-inf,1.1495327102803738
0,32767,28,1,4,1,30.749999999999996,4.0,-inf,1.1495327102803738
0,32767,28,1,4,0,30.749999999999996,4.0,-inf,1.1495327102803738
0,32767,28,1,4,1,30.749999999999996,4.0,-inf,1.1495327102803738
0,32767,28,1,4,1,30.749999999999996,4.0,-inf,1.1495327102803738
0,32767,28,1,4,1,30.749999999999996,4.0,-inf,1.1495327102803738
0,32767,28,1,4,1,30.749999999999996,4.0,-inf,1.1495327102803738
0,32767,28,1,4,1,30.749999999999996,4.0,-inf,1.1495327102803738
0,32767,28,1,4,1,30.749999999999996,4.0,-inf,1.1495327102803738
0,32767,28,1,4,0,30.749999999999996,4.0,-inf,1.1495327102803738
0,32767,28,1,4,1,30.749999999999996,4.0,-inf,1.1495327102803738
0,32767,28,1,4,0,30.749999999999996,4.0,-inf,1.1495327102803738
0,32767,28,1,4,0,30.749999999999996,4.0,-inf,1.1495327102803738
0,32767,28,1,4,0,30.749999999999996,4.0,-inf,1.1495327102803738
0,32767,28,1,4,1,30.749999999999996,4.0,-inf,1.1495327102803738
0,32767,28,1,4,0,30.749999999999996,4.0,-inf,1.1495327102803738
0,32767,28,1,4,1,30.749999999999996,4.0,-inf,1.1495327102803738
0,32767,28,1,4,1,30.749999999999996,4.0,-inf,1.1495327102803738
0,32767,28,1,4,1,30.749999999999996,4.0,-inf,1.1495327102803738
0,32767,28,1,4,0,30.749999999999996,4.0,-inf,1.1495327102803738
0,32767,29,1,1,0,36.0,2.0,-inf,1.161290322580645
0,32767,29,1,1,0,36.0,2.0,-inf,1.161290322580645
0,32767,29,1,1,1,36.0,2.0,-inf,1.161290322580645
0,32767,29,1,1,0,36.0,2.0,-inf,1.161290322580645
0,32767,29,1,1,1,36.0,2.0,-inf,1.161290322580645
0,32767,29,1,1,0,36.0,2.0,-inf,1.161290322580645
0,32767,29,1,1,0,36.0,2.0,-inf,1.161290322580645
0,32767,29,1,1,1,36.0,2.0,-inf,1.161290322580645
0,32767,29,1,1,1,36.0,2.0,-inf,1.161290322580645
0,32767,29,1,1,0,36.0,2.0,-inf,1.161290322580645
0,32767,29,1,1,1,36.0,2.0,-inf,1.161290322580645
0,32767,29,1,1,1,36.0,2.0,-inf,1.161290322580645
0,32767,29,1,1,0,36.0,2.0,-inf,1.161290322580645
0,32767,29,1,1,1,36.0,2.0,-inf,1.161290322580645
0,32767,29,1,1,1,36.0,2.0,-inf,1.161290322580645
0,32767,29,1,1,0,36.0,2.0,-inf,1.161290322580645
0,32767,29,1,1,1,36.0,2.0,-inf,1.161290322580645
0,32767,29,1,1,1,36.0,2.0,-inf,1.161290322580645
0,32767,29,1,1,1,36.0,2.0,-inf,1.161290322580645
0,32767,29,1,1,0,36.0,2.0,-inf,1.161290322580645
0,32767,29,1,1,0,36.0,2.0,-inf,1.161290322580645
0,32767,29,1,1,0,36.0,2.0,-inf,1.161290322580645
0,32767,29,1,1,1,36.0,2.0,-inf,1.161290322580645
0,32767,29,1,1,1,36.0,2.0,-inf,1.161290322580645
0,32767,29,1,1,0,36.0,2.0,-inf,1.161290322580645
0,32767,29,1,1,0,36.0,2.0,-inf,1.161290322580645
0,32767,29,1,2,0,36.0,2.0,-inf,1.7999999999999998
0,32767,29,1,2,0,36.0,2.0,-inf,1.7999999999999998
0,32767,29,1,2,0,36.0,2.0,-inf,1.7999999999999998
0,32767,29,1,2,1,36.0,2.0,-inf,1.7999999999999998
0,32767,29,1,2,0,36.0,2.0,-inf,1.7999999999999998
0,32767,29,1,2,1,36.0,2.0,-inf,1.7999999999999998
0,32767,29,1,2,0,36.0,2.0,-inf,1.7999999999999998
0,32767,29,1,2,0,36.0,2.0,-inf,1.7999999999999998
0,32767,29,1,2,0,36.0,2.0,-inf,1.7999999999999998
0,32767,29,1,2,1,36.0,2.0,-inf,1.7999999999999998
0,32767,29,1,2,0,36.0,2.0,-inf,1.7999999999999998
0,32767,29,1,1,1,36.0,2.0,-inf,1.161290322580645
0,32767,1,2,1,0,33.5,2.0,-inf,1.0307692307692307
0,32767,1,2,1,1,33.5,2.0,-inf,1.0307692307692307
0,32767,1,2,1,0,33.5,2.0,-inf,1.0307692307692307
0,32767,1,2,1,0,33.5,2.0,-inf,1.0307692307692307
0,32767,1,2,1,0,33.5,2.0,-inf,1.0307692307692307
0,32767,1,2,1,1,33.5,2.0,-inf,1.0307692307692307
0,32767,1,2,1,1,33.5,2.0,-inf,1.0307692307692307
0,32767,1,2,1,1,33.5,2.0,-inf,1.0307692307692307
0,32767,1,2,1,0,33.5,2.0,-inf,1.0307692307692307
0,32767,1,2,1,0,33.5,2.0,-inf,1.0307692307692307
0,32767,1,2,1,1,33.5,2.0,-inf,1.0307692307692307
0,32767,1,2,1,0,33.5,2.0,-inf,1.0307692307692307
0,32767,1,2,1,1,33.5,2.0,-inf,1.0307692307692307
0,32767,1,2,1,0,33.5,2.0,-inf,1.0307692307692307
0,32767,1,2,1,0,33.5,2.0,-inf,1.0307692307692307
0,32767,1,2,1,1,33.5,2.0,-inf,1.0307692307692307
0,32767,1,2,1,1,33.5,2.0,-inf,1.0307692307692307
0,32767,1,2,1,0,33.5,2.0,-inf,1.0307692307692307
0,32767,1,2,1,0,33.5,2.0,-inf,1.0307692307692307
0,32767,1,2,1,1,33.5,2.0,-inf,1.0307692307692307
0,32767,1,2,1,0,33.5,2.0,-inf,1.0307692307692307
0,32767,1,2,1,0,33.5,2.0,-inf,1.0307692307692307
0,32767,1,2,1,1,33.5,2.0,-inf,1.0307692307692307
0,32767,1,2,1,0,33.5,2.0,-inf,1.0307692307692307
0,32767,1,2,1,1,33.5,2.0,-inf,1.0307692307692307
0,32767,1,2,1,1,33.5,2.0,-inf,1.0307692307692307
0,32767,1,2,2,0,33.5,2.0,-inf,1.0307692307692307
0,32767,1,2,2,0,33.5,2.0,-inf,1.0307692307692307
0,32767,1,2,2,0,33.5,2.0,-inf,1.0307692307692307
0,32767,1,2,2,1,33.5,2.0,-inf,1.0307692307692307
0,32767,1,2,2,1,33.5,2.0,-inf,1.0307692307692307
0,32767,1,2,2,0,33.5,2.0,-inf,1.0307692307692307
0,32767,1,2,2,1,33.5,2.0,-inf,1.0307692307692307
0,32767,1,2,2,0,33.5,2.0,-inf,1.0307692307692307
0,32767,1,2,2,1,33.5,2.0,-inf,1.0307692307692307
0,32767,1,2,2,0,33.5,2.0,-inf,1.0307692307692307
0,32767,1,2,2,0,33.5,2.0,-inf,1.0307692307692307
0,32767,1,2,2,0,33.5,2.0,-inf,1.0307692307692307
0,32767,1,2,2,0,33.5,2.0,-inf,1.0307692307692307
0,32767,1,2,2,1,33.5,2.0,-inf,1.0307692307692307
0,32767,1,2,2,1,33.5,2.0,-inf,1.0307692307692307
0,32767,1,2,2,1,33.5,2.0,-inf,1.0307692307692307
0,32767,1,2,2,0,33.5,2.0,-inf,1.0307692307692307
0,32767,1,2,2,0,33.5,2.0,-inf,1.0307692307692307
0,32767,1,2,2,1,33.5,2.0,-inf,1.0307692307692307
0,32767,1,2,2,0,33.5,2.0,-inf,1.0307692307692307
0,32767,1,2,2,0,33.5,2.0,-inf,1.0307692307692307
0,32767,1,2,2,1,33.5,2.0,-inf,1.0307692307692307
0,32767,1,2,2,0,33.5,2.0,-inf,1.0307692307692307
0,32767,1,2,2,1,33.5,2.0,-inf,1.0307692307692307
0,32767,1,2,2,0,33.5,2.0,-inf,1.0307692307692307
0,32767,2,2,1,0,33.6,5.0,-inf,1.0632911392405064
0,32767,2,2,1,0,33.6,5.0,-inf,1.0632911392405064
0,32767,2,2,1,0,33.6,5.0,-inf,1.0632911392405064
0,32767,2,2,1,0,33.6,5.0,-inf,1.0632911392405064
0,32767,2,2,1,0,33.6,5.0,-inf,1.0632911392405064
0,32767,2,2,1,0,33.6,5.0,-inf,1.0632911392405064
0,32767,2,2,1,1,33.6,5.0,-inf,1.0632911392405064
0,32767,2,2,1,1,33.6,5.0,-inf,1.0632911392405064
0,32767,2,2,1,0,33.6,5.0,-inf,1.0632911392405064
0,32767,2,2,1,1,33.6,5.0,-inf,1.0632911392405064
0,32767,2,2,1,0,33.6,5.0,-inf,1.0632911392405064
0,32767,2,2,1,1,33.6,5.0,-inf,1.0632911392405064
0,32767,2,2,1,0,33.6,5.0,-inf,1.0632911392405064
0,32767,2,2,1,0,33.6,5.0,-inf,1.0632911392405064
0,32767,2,2,1,1,33.6,5.0,-inf,1.0632911392405064
0,32767,2,2,1,0,33.6,5.0,-inf,1.0632911392405064
0,32767,2,2,1,0,33.6,5.0,-inf,1.0632911392405064
0,32767,2,2,1,0,33.6,5.0,-inf,1.0632911392405064
0,32767,2,2,1,0,33.6,5.0,-inf,1.0632911392405064
0,32767,2,2,1,0,33.6,5.0,-inf,1.0632911392405064
0,32767,2,2,1,1,33.6,5.0,-inf,1.0632911392405064
0,32767,2,2,1,1,33.6,5.0,-inf,1.0632911392405064
0,32767,2,2,1,0,33.6,5.0,-inf,1.0632911392405064
0,32767,2,2,1,1,33.6,5.0,-inf,1.0632911392405064
0,32767,2,2,1,1,33.6,5.0,-inf,1.0632911392405064
0,32767,2,2,1,1,33.6,5.0,-inf,1.0632911392405064
0,32767,2,2,1,0,33.6,5.0,-inf,1.0632911392405064
0,32767,2,2,2,1,33.6,5.0,-inf,1.0632911392405064
0,32767,2,2,2,1,33.6,5.0,-inf,1.0632911392405064
0,32767,2,2,2,0,33.6,5.0,-inf,1.0632911392405064
0,32767,2,2,2,0,33.6,5.0,-inf,1.0632911392405064
0,32767,2,2,2,1,33.6,5.0,-inf,1.0632911392405064
0,32767,2,2,2,1,33.6,5.0,-inf,1.0632911392405064
0,32767,2,2,2,1,33.6,5.0,-inf,1.0632911392405064
0,32767,2,2,2,1,33.6,5.0,-inf,1.0632911392405064
0,32767,2,2,2,0,33.6,5.0,-inf,1.0632911392405064
0,32767,2,2,2,0,33.6,5.0,-inf,1.0632911392405064
0,32767,2,2,2,0,33.6,5.0,-inf,1.0632911392405064
0,32767,2,2,2,1,33.6,5.0,-inf,1.0632911392405064
0,32767,2,2,2,0,33.6,5.0,-inf,1.0632911392405064
0,32767,2,2,2,0,33.6,5.0,-inf,1.0632911392405064
0,32767,2,2,2,0,33.6,5.0,-inf,1.0632911392405064
0,32767,2,2,2,0,33.6,5.0,-inf,1.0632911392405064
0,32767,2,2,2,1,33.6,5.0,-inf,1.0632911392405064
0,32767,2,2,2,0,33.6,5.0,-inf,1.0632911392405064
0,32767,2,2,2,0,33.6,5.0,-inf,1.0632911392405064
0,32767,2,2,2,0,33.6,5.0,-inf,1.0632911392405064
0,32767,2,2,2,1,33.6,5.0,-inf,1.0632911392405064
0,32767,2,2,2,1,33.6,5.0,-inf,1.0632911392405064
0,32767,2,2,2,0,33.6,5.0,-inf,1.0632911392405064
0,32767,2,2,2,1,33.6,5.0,-inf,1.0632911392405064
0,32767,2,2,2,1,33.6,5.0,-inf,1.0632911392405064
0,32767,2,2,2,1,33.6,5.0,-inf,1.0632911392405064
0,32767,2,2,2,1,33.6,5.0,-inf,1.0632911392405064
0,32767,2,2,2,1,33.6,5.0,-inf,1.0632911392405064
0,32767,2,2,2,0,33.6,5.0,-inf,1.0632911392405064
0,32767,2,2,3,0,33.6,5.0,-inf,1.0980392156862746
0,32767,2,2,3,0,33.6,5.0,-inf,1.0980392156862746
0,32767,2,2,3,1,33.6,5.0,-inf,1.0980392156862746
0,32767,2,2,3,1,33.6,5.0,-inf,1.0980392156862746
0,32767,2,2,3,0,33.6,5.0,-inf,1.0980392156862746
0,32767,2,2,3,0,33.6,5.0,-inf,1.0980392156862746
0,32767,2,2,3,0,33.6,5.0,-inf,1.0980392156862746
0,32767,2,2,3,1,33.6,5.0,-inf,1.0980392156862746
0,32767,2,2,3,0,33.6,5.0,-inf,1.0980392156862746
0,32767,2,2,3,0,33.6,5.0,-inf,1.0980392156862746
0,32767,2,2,3,0,33.6,5.0,-inf,1.0980392156862746
0,32767,2,2,3,0,33.6,5.0,-inf,1.0980392156862746
0,32767,2,2,3,0,33.6,5.0,-inf,1.0980392156862746
0,32767,2,2,3,0,33.6,5.0,-inf,1.0980392156862746
0,32767,2,2,3,1,33.6,5.0,-inf,1.0980392156862746
0,32767,2,2,3,1,33.6,5.0,-inf,1.0980392156862746
0,32767,2,2,3,1,33.6,5.0,-inf,1.0980392156862746
0,32767,2,2,3,0,33.6,5.0,-inf,1.0980392156862746
0,32767,2,2,3,0,33.6,5.0,-inf,1.0980392156862746
0,32767,2,2,3,1,33.6,5.0,-inf,1.0980392156862746
0,32767,2,2,3,1,33.6,5.0,-inf,1.0980392156862746
0,32767,2,2,3,0,33.6,5.0,-inf,1.0980392156862746
0,32767,2,2,3,0,33.6,5.0,-inf,1.0980392156862746
0,32767,2,2,3,1,33.6,5.0,-inf,1.0980392156862746
0,32767,2,2,4,1,33.6,5.0,-inf,1.0980392156862746
0,32767,2,2,4,0,33.6,5.0,-inf,1.0980392156862746
0,32767,2,2,4,1,33.6,5.0,-inf,1.0980392156862746
0,32767,2,2,4,1,33.6,5.0,-inf,1.0980392156862746
0,32767,2,2,4,0,33.6,5.0,-inf,1.0980392156862746
0,32767,2,2,4,1,33.6,5.0,-inf,1.0980392156862746
0,32767,2,2,4,0,33.6,5.0,-inf,1.0980392156862746
0,32767,2,2,4,1,33.6,5.0,-inf,1.0980392156862746
0,32767,2,2,4,1,33.6,5.0,-inf,1.0980392156862746
0,32767,2,2,4,0,33.6,5.0,-inf,1.0980392156862746
0,32767,2,2,4,0,33.6,5.0,-inf,1.0980392156862746
0,32767,2,2,4,0,33.6,5.0,-inf,1.0980392156862746
0,32767,2,2,4,0,33.6,5.0,-inf,1.0980392156862746
0,32767,2,2,4,0,33.6,5.0,-inf,1.0980392156862746
0,32767,2,2,4,1,33.6,5.0,-inf,1.0980392156862746
0,32767,2,2,4,0,33.6,5.0,-inf,1.0980392156862746
0,32767,2,2,4,0,33.6,5.0,-inf,1.0980392156862746
0,32767,2,2,4,1,33.6,5.0,-inf,1.0980392156862746
0,32767,2,2,4,0,33.6,5.0,-inf,1.0980392156862746
0,32767,2,2,4,0,33.6,5.0,-inf,1.0980392156862746
0,32767,2,2,4,1,33.6,5.0,-inf,1.0980392156862746
0,32767,2,2,4,1,33.6,5.0,-inf,1.0980392156862746
0,32767,2,2,4,1,33.6,5.0,-inf,1.0980392156862746
0,32767,2,2,5,0,33.6,5.0,-inf,1.135135135135135
0,32767,2,2,5,0,33.6,5.0,-inf,1.135135135135135
0,32767,2,2,5,0,33.6,5.0,-inf,1.135135135135135
0,32767,2,2,5,1,33.6,5.0,-inf,1.135135135135135
0,32767,2,2,5,0,33.6,5.0,-inf,1.135135135135135
0,32767,2,2,5,1,33.6,5.0,-inf,1.135135135135135
0,32767,2,2,5,0,33.6,5.0,-inf,1.135135135135135
0,32767,2,2,5,0,33.6,5.0,-inf,1.135135135135135
0,32767,2,2,5,1,33.6,5.0,-inf,1.135135135135135
0,32767,2,2,5,0,33.6,5.0,-inf,1.135135135135135
0,32767,2,2,5,1,33.6,5.0,-inf,1.135135135135135
0,32767,2,2,5,1,33.6,5.0,-inf,1.135135135135135
0,32767,2,2,5,0,33.6,5.0,-inf,1.135135135135135
0,32767,2,2,5,1,33.6,5.0,-inf,1.135135135135135
0,32767,2,2,5,1,33.6,5.0,-inf,1.135135135135135
0,32767,2,2,5,1,33.6,5.0,-inf,1.135135135135135
0,32767,2,2,5,0,33.6,5.0,-inf,1.135135135135135
0,32767,2,2,5,0,33.6,5.0,-inf,1.135135135135135
0,32767,2,2,5,0,33.6,5.0,-inf,1.135135135135135
0,32767,2,2,5,1,33.6,5.0,-inf,1.135135135135135
0,32767,2,2,5,1,33.6,5.0,-inf,1.135135135135135
0,32767,2,2,5,0,33.6,5.0,-inf,1.135135135135135
0,32767,2,2,5,1,33.6,5.0,-inf,1.135135135135135
0,32767,2,2,5,1,33.6,5.0,-inf,1.135135135135135
0,32767,2,2,5,0,33.6,5.0,-inf,1.135135135135135
0,32767,3,2,1,0,5.000000000000001,1.0,-inf,2.5
0,32767,3,2,1,1,5.000000000000001,1.0,-inf,2.5
0,32767,4,2,1,1,25.0,1.0,-inf,1.4705882352941175
0,32767,4,2,1,1,25.0,1.0,-inf,1.4705882352941175
0,32767,4,2,1,0,25.0,1.0,-inf,1.4705882352941175
0,32767,4,2,1,0,25.0,1.0,-inf,1.4705882352941175
0,32767,4,2,1,0,25.0,1.0,-inf,1.4705882352941175
0,32767,4,2,1,0,25.0,1.0,-inf,1.4705882352941175
0,32767,4,2,1,0,25.0,1.0,-inf,1.4705882352941175
0,32767,4,2,1,0,25.0,1.0,-inf,1.4705882352941175
0,32767,4,2,1,0,25.0,1.0,-inf,1.4705882352941175
0,32767,4,2,1,0,25.0,1.0,-inf,1.4705882352941175
0,32767,4,2,1,0,25.0,1.0,-inf,1.4705882352941175
0,32767,4,2,1,1,25.0,1.0,-inf,1.4705882352941175
0,32767,4,2,1,1,25.0,1.0,-inf,1.4705882352941175
0,32767,4,2,1,1,25.0,1.0,-inf,1.4705882352941175
0,32767,4,2,1,0,25.0,1.0,-inf,1.4705882352941175
0,32767,6,2,1,0,36.0,2.0,-inf,1.0
0,32767,6,2,1,0,36.0,2.0,-inf,1.0
0,32767,6,2,1,0,36.0,2.0,-inf,1.0
0,32767,6,2,1,1,36.0,2.0,-inf,1.0
0,32767,6,2,1,1,36.0,2.0,-inf,1.0
0,32767,6,2,1,1,36.0,2.0,-inf,1.0
0,32767,6,2,1,0,36.0,2.0,-inf,1.0
0,32767,6,2,1,1,36.0,2.0,-inf,1.0
0,32767,6,2,1,0,36.0,2.0,-inf,1.0
0,32767,6,2,1,1,36.0,2.0,-inf,1.0
0,32767,6,2,1,0,36.0,2.0,-inf,1.0
0,32767,6,2,1,1,36.0,2.0,-inf,1.0
0,32767,6,2,1,0,36.0,2.0,-inf,1.0
0,32767,6,2,1,0,36.0,2.0,-inf,1.0
0,32767,6,2,1,0,36.0,2.0,-inf,1.0
0,32767,6,2,1,0,36.0,2.0,-inf,1.0
0,32767,6,2,1,1,36.0,2.0,-inf,1.0
0,32767,6,2,1,1,36.0,2.0,-inf,1.0
0,32767,6,2,1,0,36.0,2.0,-inf,1.0
0,32767,6,2,1,1,36.0,2.0,-inf,1.0
0,32767,6,2,1,1,36.0,2.0,-inf,1.0
0,32767,6,2,1,1,36.0,2.0,-inf,1.0
0,32767,6,2,1,0,36.0,2.0,-inf,1.0
0,32767,6,2,1,1,36.0,2.0,-inf,1.0
0,32767,6,2,1,1,36.0,2.0,-inf,1.0
0,32767,6,2,1,1,36.0,2.0,-inf,1.0
0,32767,6,2,2,0,36.0,2.0,-inf,1.2413793103448276
0,32767,6,2,2,0,36.0,2.0,-inf,1.2413793103448276
0,32767,6,2,2,0,36.0,2.0,-inf,1.2413793103448276
0,32767,6,2,2,1,36.0,2.0,-inf,1.2413793103448276
0,32767,6,2,2,0,36.0,2.0,-inf,1.2413793103448276
0,32767,6,2,2,0,36.0,2.0,-inf,1.2413793103448276
0,32767,6,2,2,1,36.0,2.0,-inf,1.2413793103448276
0,32767,6,2,2,1,36.0,2.0,-inf,1.2413793103448276
0,32767,6,2,2,1,36.0,2.0,-inf,1.2413793103448276
0,32767,6,2,2,1,36.0,2.0,-inf,1.2413793103448276
0,32767,6,2,2,0,36.0,2.0,-inf,1.2413793103448276
0,32767,6,2,2,1,36.0,2.0,-inf,1.2413793103448276
0,32767,6,2,2,0,36.0,2.0,-inf,1.2413793103448276
0,32767,6,2,2,1,36.0,2.0,-inf,1.2413793103448276
0,32767,6,2,2,1,36.0,2.0,-inf,1.2413793103448276
0,32767,6,2,2,0,36.0,2.0,-inf,1.2413793103448276
0,32767,6,2,2,0,36.0,2.0,-inf,1.2413793103448276
0,32767,6,2,2,0,36.0,2.0,-inf,1.2413793103448276
0,32767,6,2,2,1,36.0,2.0,-inf,1.2413793103448276
0,32767,6,2,2,0,36.0,2.0,-inf,1.2413793103448276
0,32767,6,2,2,1,36.0,2.0,-inf,1.2413793103448276
0,32767,6,2,2,1,36.0,2.0,-inf,1.2413793103448276
0,32767,6,2,2,0,36.0,2.0,-inf,1.2413793103448276
0,32767,6,2,2,1,36.0,2.0,-inf,1.2413793103448276
0,32767,7,2,1,0,31.000000000000004,3.0,-inf,1.0689655172413794
0,32767,7,2,1,0,31.000000000000004,3.0,-inf,1.0689655172413794
0,32767,7,2,1,1,31.000000000000004,3.0,-inf,1.0689655172413794
0,32767,7,2,1,0,31.000000000000004,3.0,-inf,1.0689655172413794
0,32767,7,2,1,1,31.000000000000004,3.0,-inf,1.0689655172413794
0,32767,7,2,1,0,31.000000000000004,3.0,-inf,1.0689655172413794
0,32767,7,2,1,1,31.000000000000004,3.0,-inf,1.0689655172413794
0,32767,7,2,1,1,31.000000000000004,3.0,-inf,1.0689655172413794
0,32767,7,2,1,0,31.000000000000004,3.0,-inf,1.0689655172413794
0,32767,7,2,1,0,31.000000000000004,3.0,-inf,1.0689655172413794
0,32767,7,2,1,1,31.000000000000004,3.0,-inf,1.0689655172413794
0,32767,7,2,1,1,31.000000000000004,3.0,-inf,1.0689655172413794
0,32767,7,2,1,1,31.000000000000004,3.0,-inf,1.0689655172413794
0,32767,7,2,1,1,31.000000000000004,3.0,-inf,1.0689655172413794
0,32767,7,2,1,1,31.000000000000004,3.0,-inf,1.0689655172413794
0,32767,7,2,1,0,31.000000000000004,3.0,-inf,1.0689655172413794
0,32767,7,2,1,0,31.000000000000004,3.0,-inf,1.0689655172413794
0,32767,7,2,1,0,31.000000000000004,3.0,-inf,1.0689655172413794
0,32767,7,2,1,1,31.000000000000004,3.0,-inf,1.0689655172413794
0,32767,7,2,1,1,31.000000000000004,3.0,-inf,1.0689655172413794
0,32767,7,2,1,1,31.000000000000004,3.0,-inf,1.0689655172413794
0,32767,7,2,1,1,31.000000000000004,3.0,-inf,1.0689655172413794
0,32767,7,2,1,1,31.000000000000004,3.0,-inf,1.0689655172413794
0,32767,7,2,2,1,31.000000000000004,3.0,-inf,1.1071428571428572
0,32767,7,2,2,1,31.000000000000004,3.0,-inf,1.1071428571428572
0,32767,7,2,2,1,31.000000000000004,3.0,-inf,1.1071428571428572
0,32767,7,2,2,0,31.000000000000004,3.0,-inf,1.1071428571428572
0,32767,7,2,2,0,31.000000000000004,3.0,-inf,1.1071428571428572
0,32767,7,2,2,1,31.000000000000004,3.0,-inf,1.1071428571428572
0,32767,7,2,2,1,31.000000000000004,3.0,-inf,1.1071428571428572
0,32767,7,2,2,0,31.000000000000004,3.0,-inf,1.1071428571428572
0,32767,7,2,2,1,31.000000000000004,3.0,-inf,1.1071428571428572
0,32767,7,2,2,0,31.000000000000004,3.0,-inf,1.1071428571428572
0,32767,7,2,2,1,31.000000000000004,3.0,-inf,1.1071428571428572
0,32767,7,2,2,1,31.000000000000004,3.0,-inf,1.1071428571428572
0,32767,7,2,2,1,31.000000000000004,3.0,-inf,1.1071428571428572
0,32767,7,2,2,1,31.000000000000004,3.0,-inf,1.1071428571428572
0,32767,7,2,2,0,31.000000000000004,3.0,-inf,1.1071428571428572
0,32767,7,2,2,0,31.000000000000004,3.0,-inf,1.1071428571428572
0,32767,7,2,2,0,31.000000000000004,3.0,-inf,1.1071428571428572
0,32767,7,2,2,1,31.000000000000004,3.0,-inf,1.1071428571428572
0,32767,7,2,2,0,31.000000000000004,3.0,-inf,1.1071428571428572
0,32767,7,2,2,0,31.000000000000004,3.0,-inf,1.1071428571428572
0,32767,7,2,2,0,31.000000000000004,3.0,-inf,1.1071428571428572
0,32767,7,2,2,1,31.000000000000004,3.0,-inf,1.1071428571428572
0,32767,7,2,2,0,31.000000000000004,3.0,-inf,1.1071428571428572
0,32767,7,2,2,1,31.000000000000004,3.0,-inf,1.1071428571428572
0,32767,7,2,2,0,31.000000000000004,3.0,-inf,1.1071428571428572
0,32767,7,2,2,1,31.000000000000004,3.0,-inf,1.1071428571428572
0,32767,7,2,2,1,31.000000000000004,3.0,-inf,1.1071428571428572
0,32767,7,2,2,1,31.000000000000004,3.0,-inf,1.1071428571428572
0,32767,7,2,3,1,31.000000000000004,3.0,-inf,1.0333333333333332
0,32767,7,2,3,1,31.000000000000004,3.0,-inf,1.0333333333333332
0,32767,7,2,3,0,31.000000000000004,3.0,-inf,1.0333333333333332
0,32767,7,2,3,1,31.000000000000004,3.0,-inf,1.0333333333333332
0,32767,7,2,3,1,31.000000000000004,3.0,-inf,1.0333333333333332
0,32767,7,2,3,1,31.000000000000004,3.0,-inf,1.0333333333333332
0,32767,7,2,3,0,31.000000000000004,3.0,-inf,1.0333333333333332
0,32767,7,2,3,0,31.000000000000004,3.0,-inf,1.0333333333333332
0,32767,7,2,3,1,31.000000000000004,3.0,-inf,1.0333333333333332
0,32767,7,2,3,1,31.000000000000004,3.0,-inf,1.0333333333333332
0,32767,7,2,3,0,31.000000000000004,3.0,-inf,1.0333333333333332
0,32767,7,2,3,1,31.000000000000004,3.0,-inf,1.0333333333333332
0,32767,7,2,3,1,31.000000000000004,3.0,-inf,1.0333333333333332
0,32767,7,2,3,0,31.000000000000004,3.0,-inf,1.0333333333333332
0,32767,7,2,3,1,31.000000000000004,3.0,-inf,1.0333333333333332
0,32767,7,2,3,1,31.000000000000004,3.0,-inf,1.0333333333333332
0,32767,7,2,3,1,31.000000000000004,3.0,-inf,1.0333333333333332
0,32767,7,2,3,0,31.000000000000004,3.0,-inf,1.0333333333333332
0,32767,7,2,3,1,31.000000000000004,3.0,-inf,1.0333333333333332
0,32767,7,2,3,0,31.000000000000004,3.0,-inf,1.0333333333333332
0,32767,7,2,3,1,31.000000000000004,3.0,-inf,1.0333333333333332
0,32767,7,2,3,1,31.000000000000004,3.0,-inf,1.0333333333333332
0,32767,7,2,3,1,31.000000000000004,3.0,-inf,1.0333333333333332
0,32767,7,2,3,0,31.000000000000004,3.0,-inf,1.0333333333333332
0,32767,8,2,1,1,31.75,4.0,-inf,1.0
0,32767,8,2,1,1,31.75,4.0,-inf,1.0
0,32767,8,2,1,0,31.75,4.0,-inf,1.0
0,32767,8,2,1,1,31.75,4.0,-inf,1.0
0,32767,8,2,1,0,31.75,4.0,-inf,1.0
0,32767,8,2,1,1,31.75,4.0,-inf,1.0
0,32767,8,2,1,0,31.75,4.0,-inf,1.0
0,32767,8,2,1,1,31.75,4.0,-inf,1.0
0,32767,8,2,1,0,31.75,4.0,-inf,1.0
0,32767,8,2,1,1,31.75,4.0,-inf,1.0
0,32767,8,2,1,1,31.75,4.0,-inf,1.0
0,32767,8,2,1,1,31.75,4.0,-inf,1.0
0,32767,8,2,1,0,31.75,4.0,-inf,1.0
0,32767,8,2,1,1,31.75,4.0,-inf,1.0
0,32767,8,2,1,0,31.75,4.0,-inf,1.0
0,32767,8,2,1,1,31.75,4.0,-inf,1.0
0,32767,8,2,1,0,31.75,4.0,-inf,1.0
0,32767,8,2,1,1,31.75,4.0,-inf,1.0
0,32767,8,2,1,0,31.75,4.0,-inf,1.0
0,32767,8,2,1,1,31.75,4.0,-inf,1.0
0,32767,8,2,1,0,31.75,4.0,-inf,1.0
0,32767,8,2,1,1,31.75,4.0,-inf,1.0
0,32767,8,2,1,0,31.75,4.0,-inf,1.0
0,32767,8,2,1,0,31.75,4.0,-inf,1.0
0,32767,8,2,1,1,31.75,4.0,-inf,1.0
0,32767,8,2,1,1,31.75,4.0,-inf,1.0
0,32767,8,2,1,1,31.75,4.0,-inf,1.0
0,32767,8,2,1,0,31.75,4.0,-inf,1.0
0,32767,8,2,1,1,31.75,4.0,-inf,1.0
0,32767,8,2,2,1,31.75,4.0,-inf,1.1869158878504673
0,32767,8,2,2,0,31.75,4.0,-inf,1.1869158878504673
0,32767,8,2,2,1,31.75,4.0,-inf,1.1869158878504673
0,32767,8,2,2,1,31.75,4.0,-inf,1.1869158878504673
0,32767,8,2,2,1,31.75,4.0,-inf,1.1869158878504673
0,32767,8,2,2,1,31.75,4.0,-inf,1.1869158878504673
0,32767,8,2,2,0,31.75,4.0,-inf,1.1869158878504673
0,32767,8,2,2,1,31.75,4.0,-inf,1.1869158878504673
0,32767,8,2,2,1,31.75,4.0,-inf,1.1869158878504673
0,32767,8,2,2,0,31.75,4.0,-inf,1.1869158878504673
0,32767,8,2,2,0,31.75,4.0,-inf,1.1869158878504673
0,32767,8,2,2,1,31.75,4.0,-inf,1.1869158878504673
0,32767,8,2,2,1,31.75,4.0,-inf,1.1869158878504673
0,32767,8,2,2,1,31.75,4.0,-inf,1.1869158878504673
0,32767,8,2,2,1,31.75,4.0,-inf,1.1869158878504673
0,32767,8,2,2,0,31.75,4.0,-inf,1.1869158878504673
0,32767,8,2,3,1,31.75,4.0,-inf,2.015873015873016
0,32767,8,2,3,0,31.75,4.0,-inf,2.015873015873016
0,32767,8,2,3,1,31.75,4.0,-inf,2.015873015873016
0,32767,8,2,3,0,31.75,4.0,-inf,2.015873015873016
0,32767,8,2,3,0,31.75,4.0,-inf,2.015873015873016
0,32767,8,2,3,0,31.75,4.0,-inf,2.015873015873016
0,32767,8,2,3,0,31.75,4.0,-inf,2.015873015873016
0,32767,8,2,3,1,31.75,4.0,-inf,2.015873015873016
0,32767,8,2,3,0,31.75,4.0,-inf,2.015873015873016
0,32767,8,2,3,1,31.75,4.0,-inf,2.015873015873016
0,32767,8,2,3,0,31.75,4.0,-inf,2.015873015873016
0,32767,8,2,3,0,31.75,4.0,-inf,2.015873015873016
0,32767,8,2,3,1,31.75,4.0,-inf,2.015873015873016
0,32767,8,2,3,0,31.75,4.0,-inf,2.015873015873016
0,32767,8,2,3,1,31.75,4.0,-inf,2.015873015873016
0,32767,8,2,3,0,31.75,4.0,-inf,2.015873015873016
0,32767,8,2,4,1,31.75,4.0,-inf,1.0672268907563025
0,32767,8,2,4,0,31.75,4.0,-inf,1.0672268907563025
0,32767,8,2,4,0,31.75,4.0,-inf,1.0672268907563025
0,32767,8,2,4,0,31.75,4.0,-inf,1.0672268907563025
0,32767,8,2,4,0,31.75,4.0,-inf,1.0672268907563025
0,32767,8,2,4,0,31.75,4.0,-inf,1.0672268907563025
0,32767,8,2,4,0,31.75,4.0,-inf,1.0672268907563025
0,32767,8,2,4,1,31.75,4.0,-inf,1.0672268907563025
0,32767,8,2,4,1,31.75,4.0,-inf,1.0672268907563025
0,32767,8,2,4,0,31.75,4.0,-inf,1.0672268907563025
0,32767,8,2,4,1,31.75,4.0,-inf,1.0672268907563025
0,32767,8,2,4,1,31.75,4.0,-inf,1.0672268907563025
0,32767,8,2,4,0,31.75,4.0,-inf,1.0672268907563025
0,32767,8,2,4,1,31.75,4.0,-inf,1.0672268907563025
0,32767,8,2,4,1,31.75,4.0,-inf,1.0672268907563025
0,32767,8,2,4,0,31.75,4.0,-inf,1.0672268907563025
0,32767,8,2,4,1,31.75,4.0,-inf,1.0672268907563025
0,32767,8,2,4,0,31.75,4.0,-inf,1.0672268907563025
0,32767,8,2,4,1,31.75,4.0,-inf,1.0672268907563025
0,32767,8,2,4,1,31.75,4.0,-inf,1.0672268907563025
0,32767,8,2,4,0,31.75,4.0,-inf,1.0672268907563025
0,32767,8,2,4,1,31.75,4.0,-inf,1.0672268907563025
0,32767,8,2,4,0,31.75,4.0,-inf,1.0672268907563025
0,32767,8,2,4,1,31.75,4.0,-inf,1.0672268907563025
0,32767,8,2,4,1,31.75,4.0,-inf,1.0672268907563025
0,32767,8,2,4,0,31.75,4.0,-inf,1.0672268907563025
0,32767,8,2,4,1,31.75,4.0,-inf,1.0672268907563025
0,32767,8,2,4,1,31.75,4.0,-inf,1.0672268907563025
0,32767,9,2,1,0,32.0,5.0,-inf,1.391304347826087
0,32767,9,2,1,1,32.0,5.0,-inf,1.391304347826087
0,32767,9,2,1,1,32.0,5.0,-inf,1.391304347826087
0,32767,9,2,1,1,32.0,5.0,-inf,1.391304347826087
0,32767,9,2,1,0,32.0,5.0,-inf,1.391304347826087
0,32767,9,2,1,1,32.0,5.0,-inf,1.391304347826087
0,32767,9,2,1,0,32.0,5.0,-inf,1.391304347826087
0,32767,9,2,1,0,32.0,5.0,-inf,1.391304347826087
0,32767,9,2,1,1,32.0,5.0,-inf,1.391304347826087
0,32767,9,2,1,0,32.0,5.0,-inf,1.391304347826087
0,32767,9,2,1,0,32.0,5.0,-inf,1.391304347826087
0,32767,9,2,1,1,32.0,5.0,-inf,1.391304347826087
0,32767,9,2,1,0,32.0,5.0,-inf,1.391304347826087
0,32767,9,2,1,1,32.0,5.0,-inf,1.391304347826087
0,32767,9,2,1,0,32.0,5.0,-inf,1.391304347826087
0,32767,9,2,1,0,32.0,5.0,-inf,1.391304347826087
0,32767,9,2,1,1,32.0,5.0,-inf,1.391304347826087
0,32767,9,2,1,0,32.0,5.0,-inf,1.391304347826087
0,32767,9,2,2,0,32.0,5.0,-inf,1.5238095238095237
0,32767,9,2,2,0,32.0,5.0,-inf,1.5238095238095237
0,32767,9,2,2,0,32.0,5.0,-inf,1.5238095238095237
0,32767,9,2,2,1,32.0,5.0,-inf,1.5238095238095237
0,32767,9,2,2,1,32.0,5.0,-inf,1.5238095238095237
0,32767,9,2,2,1,32.0,5.0,-inf,1.5238095238095237
0,32767,9,2,2,0,32.0,5.0,-inf,1.5238095238095237
0,32767,9,2,2,1,32.0,5.0,-inf,1.5238095238095237
0,32767,9,2,2,0,32.0,5.0,-inf,1.5238095238095237
0,32767,9,2,2,1,32.0,5.0,-inf,1.5238095238095237
0,32767,9,2,2,0,32.0,5.0,-inf,1.5238095238095237
0,32767,9,2,2,1,32.0,5.0,-inf,1.5238095238095237
0,32767,9,2,2,1,32.0,5.0,-inf,1.5238095238095237
0,32767,9,2,2,0,32.0,5.0,-inf,1.5238095238095237
0,32767,9,2,2,0,32.0,5.0,-inf,1.5238095238095237
0,32767,9,2,2,1,32.0,5.0,-inf,1.5238095238095237
0,32767,9,2,2,0,32.0,5.0,-inf,1.5238095238095237
0,32767,9,2,2,1,32.0,5.0,-inf,1.5238095238095237
0,32767,9,2,2,0,32.0,5.0,-inf,1.5238095238095237
0,32767,9,2,2,1,32.0,5.0,-inf,1.5238095238095237
0,32767,9,2,3,0,32.0,5.0,-inf,1.28
0,32767,9,2,3,1,32.0,5.0,-inf,1.28
0,32767,9,2,3,1,32.0,5.0,-inf,1.28
0,32767,9,2,3,0,32.0,5.0,-inf,1.28
0,32767,9,2,3,1,32.0,5.0,-inf,1.28
0,32767,9,2,3,1,32.0,5.0,-inf,1.28
0,32767,9,2,3,0,32.0,5.0,-inf,1.28
0,32767,9,2,3,1,32.0,5.0,-inf,1.28
0,32767,9,2,3,0,32.0,5.0,-inf,1.28
0,32767,9,2,3,1,32.0,5.0,-inf,1.28
0,32767,9,2,3,0,32.0,5.0,-inf,1.28
0,32767,9,2,3,1,32.0,5.0,-inf,1.28
0,32767,9,2,3,0,32.0,5.0,-inf,1.28
0,32767,9,2,3,0,32.0,5.0,-inf,1.28
0,32767,9,2,3,0,32.0,5.0,-inf,1.28
0,32767,9,2,3,0,32.0,5.0,-inf,1.28
0,32767,9,2,3,1,32.0,5.0,-inf,1.28
0,32767,9,2,3,0,32.0,5.0,-inf,1.28
0,32767,9,2,3,0,32.0,5.0,-inf,1.28
0,32767,9,2,3,1,32.0,5.0,-inf,1.28
0,32767,9,2,3,0,32.0,5.0,-inf,1.28
0,32767,9,2,4,1,32.0,5.0,-inf,1.2307692307692308
0,32767,9,2,4,0,32.0,5.0,-inf,1.2307692307692308
0,32767,9,2,4,0,32.0,5.0,-inf,1.2307692307692308
0,32767,9,2,4,1,32.0,5.0,-inf,1.2307692307692308
0,32767,9,2,4,0,32.0,5.0,-inf,1.2307692307692308
0,32767,9,2,4,1,32.0,5.0,-inf,1.2307692307692308
0,32767,9,2,4,0,32.0,5.0,-inf,1.2307692307692308
0,32767,9,2,4,1,32.0,5.0,-inf,1.2307692307692308
0,32767,9,2,4,0,32.0,5.0,-inf,1.2307692307692308
0,32767,9,2,4,1,32.0,5.0,-inf,1.2307692307692308
0,32767,9,2,4,0,32.0,5.0,-inf,1.2307692307692308
0,32767,9,2,4,0,32.0,5.0,-inf,1.2307692307692308
0,32767,9,2,4,0,32.0,5.0,-inf,1.2307692307692308
0,32767,9,2,4,1,32.0,5.0,-inf,1.2307692307692308
0,32767,9,2,4,1,32.0,5.0,-inf,1.2307692307692308
0,32767,9,2,4,0,32.0,5.0,-inf,1.2307692307692308
0,32767,9,2,4,1,32.0,5.0,-inf,1.2307692307692308
0,32767,9,2,4,1,32.0,5.0,-inf,1.2307692307692308
0,32767,9,2,5,0,32.0,5.0,-inf,1.3333333333333333
0,32767,9,2,5,0,32.0,5.0,-inf,1.3333333333333333
0,32767,9,2,5,0,32.0,5.0,-inf,1.3333333333333333
0,32767,9,2,5,0,32.0,5.0,-inf,1.3333333333333333
0,32767,9,2,5,0,32.0,5.0,-inf,1.3333333333333333
0,32767,9,2,5,0,32.0,5.0,-inf,1.3333333333333333
0,32767,9,2,5,0,32.0,5.0,-inf,1.3333333333333333
0,32767,9,2,5,0,32.0,5.0,-inf,1.3333333333333333
0,32767,9,2,5,1,32.0,5.0,-inf,1.3333333333333333
0,32767,9,2,5,1,32.0,5.0,-inf,1.3333333333333333
0,32767,9,2,5,1,32.0,5.0,-inf,1.3333333333333333
0,32767,9,2,5,1,32.0,5.0,-inf,1.3333333333333333
0,32767,9,2,5,0,32.0,5.0,-inf,1.3333333333333333
0,32767,9,2,5,1,32.0,5.0,-inf,1.3333333333333333
0,32767,9,2,5,0,32.0,5.0,-inf,1.3333333333333333
0,32767,9,2,5,1,32.0,5.0,-inf,1.3333333333333333
0,32767,9,2,5,0,32.0,5.0,-inf,1.3333333333333333
0,32767,9,2,5,0,32.0,5.0,-inf,1.3333333333333333
0,32767,10,2,1,0,24.5,2.0,-inf,2.8823529411764706
0,32767,10,2,1,1,24.5,2.0,-inf,2.8823529411764706
0,32767,10,2,1,0,24.5,2.0,-inf,2.8823529411764706
0,32767,10,2,1,0,24.5,2.0,-inf,2.8823529411764706
0,32767,10,2,1,1,24.5,2.0,-inf,2.8823529411764706
0,32767,10,2,1,0,24.5,2.0,-inf,2.8823529411764706
0,32767,10,2,2,0,24.5,2.0,-inf,1.1951219512195121
0,32767,10,2,2,1,24.5,2.0,-inf,1.1951219512195121
0,32767,10,2,2,1,24.5,2.0,-inf,1.1951219512195121
0,32767,10,2,2,0,24.5,2.0,-inf,1.1951219512195121
0,32767,10,2,2,0,24.5,2.0,-inf,1.1951219512195121
0,32767,10,2,2,1,24.5,2.0,-inf,1.1951219512195121
0,32767,10,2,2,0,24.5,2.0,-inf,1.1951219512195121
0,32767,10,2,2,1,24.5,2.0,-inf,1.1951219512195121
0,32767,10,2,2,1,24.5,2.0,-inf,1.1951219512195121
0,32767,10,2,2,0,24.5,2.0,-inf,1.1951219512195121
0,32767,10,2,2,1,24.5,2.0,-inf,1.1951219512195121
0,32767,10,2,2,1,24.5,2.0,-inf,1.1951219512195121
0,32767,10,2,2,1,24.5,2.0,-inf,1.1951219512195121
0,32767,10,2,2,0,24.5,2.0,-inf,1.1951219512195121
0,32767,10,2,2,0,24.5,2.0,-inf,1.1951219512195121
0,32767,11,2,1,1,35.5,4.0,-inf,1.1639344262295082
0,32767,11,2,1,1,35.5,4.0,-inf,1.1639344262295082
0,32767,11,2,1,0,35.5,4.0,-inf,1.1639344262295082
0,32767,11,2,1,0,35.5,4.0,-inf,1.1639344262295082
0,32767,11,2,1,1,35.5,4.0,-inf,1.1639344262295082
0,32767,11,2,1,0,35.5,4.0,-inf,1.1639344262295082
0,32767,11,2,1,1,35.5,4.0,-inf,1.1639344262295082
0,32767,11,2,1,1,35.5,4.0,-inf,1.1639344262295082
0,32767,11,2,1,1,35.5,4.0,-inf,1.1639344262295082
0,32767,11,2,1,0,35.5,4.0,-inf,1.1639344262295082
0,32767,11,2,1,0,35.5,4.0,-inf,1.1639344262295082
0,32767,11,2,1,0,35.5,4.0,-inf,1.1639344262295082
0,32767,11,2,1,0,35.5,4.0,-inf,1.1639344262295082
0,32767,11,2,1,0,35.5,4.0,-inf,1.1639344262295082
0,32767,11,2,1,0,35.5,4.0,-inf,1.1639344262295082
0,32767,11,2,1,0,35.5,4.0,-inf,1.1639344262295082
0,32767,11,2,1,1,35.5,4.0,-inf,1.1639344262295082
0,32767,11,2,1,1,35.5,4.0,-inf,1.1639344262295082
0,32767,11,2,1,1,35.5,4.0,-inf,1.1639344262295082
0,32767,11,2,1,1,35.5,4.0,-inf,1.1639344262295082
0,32767,11,2,1,0,35.5,4.0,-inf,1.1639344262295082
0,32767,11,2,1,0,35.5,4.0,-inf,1.1639344262295082
0,32767,11,2,1,0,35.5,4.0,-inf,1.1639344262295082
0,32767,11,2,1,1,35.5,4.0,-inf,1.1639344262295082
0,32767,11,2,1,1,35.5,4.0,-inf,1.1639344262295082
0,32767,11,2,2,1,35.5,4.0,-inf,1.0289855072463767
0,32767,11,2,2,0,35.5,4.0,-inf,1.0289855072463767
0,32767,11,2,2,0,35.5,4.0,-inf,1.0289855072463767
0,32767,11,2,2,1,35.5,4.0,-inf,1.0289855072463767
0,32767,11,2,2,0,35.5,4.0,-inf,1.0289855072463767
0,32767,11,2,2,0,35.5,4.0,-inf,1.0289855072463767
0,32767,11,2,2,1,35.5,4.0,-inf,1.0289855072463767
0,32767,11,2,2,1,35.5,4.0,-inf,1.0289855072463767
0,32767,11,2,2,1,35.5,4.0,-inf,1.0289855072463767
0,32767,11,2,2,1,35.5,4.0,-inf,1.0289855072463767
0,32767,11,2,2,1,35.5,4.0,-inf,1.0289855072463767
0,32767,11,2,2,0,35.5,4.0,-inf,1.0289855072463767
0,32767,11,2,2,0,35.5,4.0,-inf,1.0289855072463767
0,32767,11,2,2,0,35.5,4.0,-inf,1.0289855072463767
0,32767,11,2,2,1,35.5,4.0,-inf,1.0289855072463767
0,32767,11,2,2,0,35.5,4.0,-inf,1.0289855072463767
0,32767,11,2,2,0,35.5,4.0,-inf,1.0289855072463767
0,32767,11,2,2,1,35.5,4.0,-inf,1.0289855072463767
0,32767,11,2,2,1,35.5,4.0,-inf,1.0289855072463767
0,32767,11,2,2,1,35.5,4.0,-inf,1.0289855072463767
0,32767,11,2,2,1,35.5,4.0,-inf,1.0289855072463767
0,32767,11,2,2,1,35.5,4.0,-inf,1.0289855072463767
0,32767,11,2,2,1,35.5,4.0,-inf,1.0289855072463767
0,32767,11,2,2,0,35.5,4.0,-inf,1.0289855072463767
0,32767,11,2,3,1,35.5,4.0,-inf,1.290909090909091
0,32767,11,2,3,0,35.5,4.0,-inf,1.290909090909091
0,32767,11,2,3,0,35.5,4.0,-inf,1.290909090909091
0,32767,11,2,3,1,35.5,4.0,-inf,1.290909090909091
0,32767,11,2,3,1,35.5,4.0,-inf,1.290909090909091
0,32767,11,2,3,1,35.5,4.0,-inf,1.290909090909091
0,32767,11,2,3,1,35.5,4.0,-inf,1.290909090909091
0,32767,11,2,3,1,35.5,4.0,-inf,1.290909090909091
0,32767,11,2,3,1,35.5,4.0,-inf,1.290909090909091
0,32767,11,2,3,0,35.5,4.0,-inf,1.290909090909091
0,32767,11,2,3,0,35.5,4.0,-inf,1.290909090909091
0,32767,11,2,3,0,35.5,4.0,-inf,1.290909090909091
0,32767,11,2,3,0,35.5,4.0,-inf,1.290909090909091
0,32767,11,2,3,0,35.5,4.0,-inf,1.290909090909091
0,32767,11,2,3,0,35.5,4.0,-inf,1.290909090909091
0,32767,11,2,3,1,35.5,4.0,-inf,1.290909090909091
0,32767,11,2,3,0,35.5,4.0,-inf,1.290909090909091
0,32767,11,2,3,0,35.5,4.0,-inf,1.290909090909091
0,32767,11,2,3,0,35.5,4.0,-inf,1.290909090909091
0,32767,11,2,3,1,35.5,4.0,-inf,1.290909090909091
0,32767,11,2,3,0,35.5,4.0,-inf,1.290909090909091
0,32767,11,2,3,1,35.5,4.0,-inf,1.290909090909091
0,32767,11,2,3,0,35.5,4.0,-inf,1.290909090909091
0,32767,11,2,4,1,35.5,4.0,-inf,1.0923076923076922
0,32767,11,2,4,1,35.5,4.0,-inf,1.0923076923076922
0,32767,11,2,4,1,35.5,4.0,-inf,1.0923076923076922
0,32767,11,2,4,0,35.5,4.0,-inf,1.0923076923076922
0,32767,11,2,4,1,35.5,4.0,-inf,1.0923076923076922
0,32767,11,2,4,0,35.5,4.0,-inf,1.0923076923076922
0,32767,11,2,4,1,35.5,4.0,-inf,1.0923076923076922
0,32767,11,2,4,1,35.5,4.0,-inf,1.0923076923076922
0,32767,11,2,4,1,35.5,4.0,-inf,1.0923076923076922
0,32767,11,2,4,0,35.5,4.0,-inf,1.0923076923076922
0,32767,11,2,4,0,35.5,4.0,-inf,1.0923076923076922
0,32767,11,2,4,0,35.5,4.0,-inf,1.0923076923076922
0,32767,11,2,4,0,35.5,4.0,-inf,1.0923076923076922
0,32767,11,2,4,1,35.5,4.0,-inf,1.0923076923076922
0,32767,11,2,4,0,35.5,4.0,-inf,1.0923076923076922
0,32767,11,2,4,0,35.5,4.0,-inf,1.0923076923076922
0,32767,11,2,4,0,35.5,4.0,-inf,1.0923076923076922
0,32767,11,2,4,0,35.5,4.0,-inf,1.0923076923076922
0,32767,11,2,4,1,35.5,4.0,-inf,1.0923076923076922
0,32767,11,2,4,1,35.5,4.0,-inf,1.0923076923076922
0,32767,11,2,4,1,35.5,4.0,-inf,1.0923076923076922
0,32767,11,2,4,1,35.5,4.0,-inf,1.0923076923076922
0,32767,11,2,4,0,35.5,4.0,-inf,1.0923076923076922
0,32767,11,2,4,1,35.5,4.0,-inf,1.0923076923076922
0,32767,12,2,1,1,24.0,1.0,-inf,2.181818181818182
0,32767,12,2,1,0,24.0,1.0,-inf,2.181818181818182
0,32767,12,2,1,1,24.0,1.0,-inf,2.181818181818182
0,32767,12,2,1,1,24.0,1.0,-inf,2.181818181818182
0,32767,12,2,1,1,24.0,1.0,-inf,2.181818181818182
0,32767,12,2,1,1,24.0,1.0,-inf,2.181818181818182
0,32767,12,2,1,0,24.0,1.0,-inf,2.181818181818182
0,32767,12,2,1,1,24.0,1.0,-inf,2.181818181818182
0,32767,12,2,1,1,24.0,1.0,-inf,2.181818181818182
0,32767,12,2,1,1,24.0,1.0,-inf,2.181818181818182
0,32767,13,2,1,0,28.0,3.0,-inf,1.0769230769230769
0,32767,13,2,1,1,28.0,3.0,-inf,1.0769230769230769
0,32767,13,2,1,1,28.0,3.0,-inf,1.0769230769230769
0,32767,13,2,1,0,28.0,3.0,-inf,1.0769230769230769
0,32767,13,2,1,0,28.0,3.0,-inf,1.0769230769230769
0,32767,13,2,1,1,28.0,3.0,-inf,1.0769230769230769
0,32767,13,2,1,1,28.0,3.0,-inf,1.0769230769230769
0,32767,13,2,1,0,28.0,3.0,-inf,1.0769230769230769
0,32767,13,2,1,0,28.0,3.0,-inf,1.0769230769230769
0,32767,13,2,1,0,28.0,3.0,-inf,1.0769230769230769
0,32767,13,2,1,1,28.0,3.0,-inf,1.0769230769230769
0,32767,13,2,1,1,28.0,3.0,-inf,1.0769230769230769
0,32767,13,2,1,1,28.0,3.0,-inf,1.0769230769230769
0,32767,13,2,1,0,28.0,3.0,-inf,1.0769230769230769
0,32767,13,2,1,0,28.0,3.0,-inf,1.0769230769230769
0,32767,13,2,1,1,28.0,3.0,-inf,1.0769230769230769
0,32767,13,2,1,1,28.0,3.0,-inf,1.0769230769230769
0,32767,13,2,1,0,28.0,3.0,-inf,1.0769230769230769
0,32767,13,2,1,0,28.0,3.0,-inf,1.0769230769230769
0,32767,13,2,1,1,28.0,3.0,-inf,1.0769230769230769
0,32767,13,2,1,1,28.0,3.0,-inf,1.0769230769230769
0,32767,13,2,1,1,28.0,3.0,-inf,1.0769230769230769
0,32767,13,2,1,0,28.0,3.0,-inf,1.0769230769230769
0,32767,13,2,1,0,28.0,3.0,-inf,1.0769230769230769
0,32767,13,2,1,0,28.0,3.0,-inf,1.0769230769230769
0,32767,13,2,1,0,28.0,3.0,-inf,1.0769230769230769
0,32767,13,2,1,0,28.0,3.0,-inf,1.0769230769230769
0,32767,13,2,2,0,28.0,3.0,-inf,1.037037037037037
0,32767,13,2,2,0,28.0,3.0,-inf,1.037037037037037
0,32767,13,2,2,1,28.0,3.0,-inf,1.037037037037037
0,32767,13,2,2,0,28.0,3.0,-inf,1.037037037037037
0,32767,13,2,2,0,28.0,3.0,-inf,1.037037037037037
0,32767,13,2,2,1,28.0,3.0,-inf,1.037037037037037
0,32767,13,2,2,1,28.0,3.0,-inf,1.037037037037037
0,32767,13,2,2,0,28.0,3.0,-inf,1.037037037037037
0,32767,13,2,2,1,28.0,3.0,-inf,1.037037037037037
0,32767,13,2,2,0,28.0,3.0,-inf,1.037037037037037
0,32767,13,2,2,0,28.0,3.0,-inf,1.037037037037037
0,32767,13,2,2,1,28.0,3.0,-inf,1.037037037037037
0,32767,13,2,2,0,28.0,3.0,-inf,1.037037037037037
0,32767,13,2,2,0,28.0,3.0,-inf,1.037037037037037
0,32767,13,2,2,1,28.0,3.0,-inf,1.037037037037037
0,32767,13,2,2,1,28.0,3.0,-inf,1.037037037037037
0,32767,13,2,2,1,28.0,3.0,-inf,1.037037037037037
0,32767,13,2,2,0,28.0,3.0,-inf,1.037037037037037
0,32767,13,2,2,0,28.0,3.0,-inf,1.037037037037037
0,32767,13,2,2,0,28.0,3.0,-inf,1.037037037037037
0,32767,13,2,2,0,28.0,3.0,-inf,1.037037037037037
0,32767,13,2,2,0,28.0,3.0,-inf,1.037037037037037
0,32767,13,2,3,0,28.0,3.0,-inf,1.1199999999999999
0,32767,13,2,3,1,28.0,3.0,-inf,1.1199999999999999
0,32767,13,2,3,0,28.0,3.0,-inf,1.1199999999999999
0,32767,13,2,3,0,28.0,3.0,-inf,1.1199999999999999
0,32767,13,2,3,1,28.0,3.0,-inf,1.1199999999999999
0,32767,13,2,3,0,28.0,3.0,-inf,1.1199999999999999
0,32767,13,2,3,0,28.0,3.0,-inf,1.1199999999999999
0,32767,13,2,3,0,28.0,3.0,-inf,1.1199999999999999
0,32767,13,2,3,0,28.0,3.0,-inf,1.1199999999999999
0,32767,13,2,3,1,28.0,3.0,-inf,1.1199999999999999
0,32767,13,2,3,0,28.0,3.0,-inf,1.1199999999999999
0,32767,13,2,3,1,28.0,3.0,-inf,1.1199999999999999
0,32767,13,2,3,0,28.0,3.0,-inf,1.1199999999999999
0,32767,13,2,3,1,28.0,3.0,-inf,1.1199999999999999
0,32767,13,2,3,0,28.0,3.0,-inf,1.1199999999999999
0,32767,13,2,3,0,28.0,3.0,-inf,1.1199999999999999
0,32767,13,2,3,1,28.0,3.0,-inf,1.1199999999999999
0,32767,13,2,3,0,28.0,3.0,-inf,1.1199999999999999
0,32767,13,2,3,0,28.0,3.0,-inf,1.1199999999999999
0,32767,13,2,3,1,28.0,3.0,-inf,1.1199999999999999
0,32767,13,2,3,0,28.0,3.0,-inf,1.1199999999999999
0,32767,14,2,1,0,26.75,4.0,-inf,1.0
0,32767,14,2,1,1,26.75,4.0,-inf,1.0
0,32767,14,2,1,1,26.75,4.0,-inf,1.0
0,32767,14,2,1,0,26.75,4.0,-inf,1.0
0,32767,14,2,1,1,26.75,4.0,-inf,1.0
0,32767,14,2,1,1,26.75,4.0,-inf,1.0
0,32767,14,2,1,1,26.75,4.0,-inf,1.0
0,32767,14,2,1,1,26.75,4.0,-inf,1.0
0,32767,14,2,1,0,26.75,4.0,-inf,1.0
0,32767,14,2,1,0,26.75,4.0,-inf,1.0
0,32767,14,2,1,0,26.75,4.0,-inf,1.0
0,32767,14,2,1,0,26.75,4.0,-inf,1.0
0,32767,14,2,1,1,26.75,4.0,-inf,1.0
0,32767,14,2,1,0,26.75,4.0,-inf,1.0
0,32767,14,2,1,1,26.75,4.0,-inf,1.0
0,32767,14,2,1,0,26.75,4.0,-inf,1.0
0,32767,14,2,2,0,26.75,4.0,-inf,1.1263157894736842
0,32767,14,2,2,1,26.75,4.0,-inf,1.1263157894736842
0,32767,14,2,2,1,26.75,4.0,-inf,1.1263157894736842
0,32767,14,2,2,1,26.75,4.0,-inf,1.1263157894736842
0,32767,14,2,2,1,26.75,4.0,-inf,1.1263157894736842
0,32767,14,2,2,0,26.75,4.0,-inf,1.1263157894736842
0,32767,14,2,2,1,26.75,4.0,-inf,1.1263157894736842
0,32767,14,2,2,1,26.75,4.0,-inf,1.1263157894736842
0,32767,14,2,2,1,26.75,4.0,-inf,1.1263157894736842
0,32767,14,2,2,0,26.75,4.0,-inf,1.1263157894736842
0,32767,14,2,2,0,26.75,4.0,-inf,1.1263157894736842
0,32767,14,2,2,0,26.75,4.0,-inf,1.1263157894736842
0,32767,14,2,2,0,26.75,4.0,-inf,1.1263157894736842
0,32767,14,2,2,1,26.75,4.0,-inf,1.1263157894736842
0,32767,14,2,2,1,26.75,4.0,-inf,1.1263157894736842
0,32767,14,2,3,1,26.75,4.0,-inf,1.0388349514563107
0,32767,14,2,3,1,26.75,4.0,-inf,1.0388349514563107
0,32767,14,2,3,0,26.75,4.0,-inf,1.0388349514563107
0,32767,14,2,3,0,26.75,4.0,-inf,1.0388349514563107
0,32767,14,2,3,1,26.75,4.0,-inf,1.0388349514563107
0,32767,14,2,3,0,26.75,4.0,-inf,1.0388349514563107
0,32767,14,2,3,0,26.75,4.0,-inf,1.0388349514563107
0,32767,14,2,3,1,26.75,4.0,-inf,1.0388349514563107
0,32767,14,2,3,0,26.75,4.0,-inf,1.0388349514563107
0,32767,14,2,3,1,26.75,4.0,-inf,1.0388349514563107
0,32767,14,2,3,0,26.75,4.0,-inf,1.0388349514563107
0,32767,14,2,3,1,26.75,4.0,-inf,1.0388349514563107
0,32767,14,2,3,1,26.75,4.0,-inf,1.0388349514563107
0,32767,14,2,3,1,26.75,4.0,-inf,1.0388349514563107
0,32767,14,2,3,1,26.75,4.0,-inf,1.0388349514563107
0,32767,14,2,3,1,26.75,4.0,-inf,1.0388349514563107
0,32767,14,2,3,0,26.75,4.0,-inf,1.0388349514563107
0,32767,14,2,3,0,26.75,4.0,-inf,1.0388349514563107
0,32767,14,2,3,1,26.75,4.0,-inf,1.0388349514563107
0,32767,14,2,3,1,26.75,4.0,-inf,1.0388349514563107
0,32767,14,2,3,1,26.75,4.0,-inf,1.0388349514563107
0,32767,14,2,3,0,26.75,4.0,-inf,1.0388349514563107
0,32767,14,2,3,0,26.75,4.0,-inf,1.0388349514563107
0,32767,14,2,4,1,26.75,4.0,-inf,1.2298850574712643
0,32767,14,2,4,0,26.75,4.0,-inf,1.2298850574712643
0,32767,14,2,4,1,26.75,4.0,-inf,1.2298850574712643
0,32767,14,2,4,1,26.75,4.0,-inf,1.2298850574712643
0,32767,14,2,4,0,26.75,4.0,-inf,1.2298850574712643
0,32767,14,2,4,0,26.75,4.0,-inf,1.2298850574712643
0,32767,14,2,4,0,26.75,4.0,-inf,1.2298850574712643
0,32767,14,2,4,1,26.75,4.0,-inf,1.2298850574712643
0,32767,14,2,4,1,26.75,4.0,-inf,1.2298850574712643
0,32767,14,2,4,1,26.75,4.0,-inf,1.2298850574712643
0,32767,14,2,4,0,26.75,4.0,-inf,1.2298850574712643
0,32767,14,2,4,1,26.75,4.0,-inf,1.2298850574712643
0,32767,14,2,4,0,26.75,4.0,-inf,1.2298850574712643
0,32767,14,2,4,0,26.75,4.0,-inf,1.2298850574712643
0,32767,14,2,4,0,26.75,4.0,-inf,1.2298850574712643
0,32767,14,2,4,1,26.75,4.0,-inf,1.2298850574712643
0,32767,14,2,4,0,26.75,4.0,-inf,1.2298850574712643
0,32767,14,2,4,1,26.75,4.0,-inf,1.2298850574712643
0,32767,15,2,1,1,27.5,2.0,-inf,1.0784313725490196
0,32767,15,2,1,0,27.5,2.0,-inf,1.0784313725490196
0,32767,15,2,1,0,27.5,2.0,-inf,1.0784313725490196
0,32767,15,2,1,1,27.5,2.0,-inf,1.0784313725490196
0,32767,15,2,1,0,27.5,2.0,-inf,1.0784313725490196
0,32767,15,2,1,1,27.5,2.0,-inf,1.0784313725490196
0,32767,15,2,1,1,27.5,2.0,-inf,1.0784313725490196
0,32767,15,2,1,1,27.5,2.0,-inf,1.0784313725490196
0,32767,15,2,1,0,27.5,2.0,-inf,1.0784313725490196
0,32767,15,2,1,1,27.5,2.0,-inf,1.0784313725490196
0,32767,15,2,1,0,27.5,2.0,-inf,1.0784313725490196
0,32767,15,2,1,0,27.5,2.0,-inf,1.0784313725490196
0,32767,15,2,1,1,27.5,2.0,-inf,1.0784313725490196
0,32767,15,2,1,1,27.5,2.0,-inf,1.0784313725490196
0,32767,15,2,1,0,27.5,2.0,-inf,1.0784313725490196
0,32767,15,2,1,1,27.5,2.0,-inf,1.0784313725490196
0,32767,15,2,1,1,27.5,2.0,-inf,1.0784313725490196
0,32767,15,2,1,1,27.5,2.0,-inf,1.0784313725490196
0,32767,15,2,1,0,27.5,2.0,-inf,1.0784313725490196
0,32767,15,2,1,1,27.5,2.0,-inf,1.0784313725490196
0,32767,15,2,1,1,27.5,2.0,-inf,1.0784313725490196
0,32767,15,2,1,0,27.5,2.0,-inf,1.0784313725490196
0,32767,15,2,1,0,27.5,2.0,-inf,1.0784313725490196
0,32767,15,2,1,0,27.5,2.0,-inf,1.0784313725490196
0,32767,15,2,2,1,27.5,2.0,-inf,1.0784313725490196
0,32767,15,2,2,1,27.5,2.0,-inf,1.0784313725490196
0,32767,15,2,2,0,27.5,2.0,-inf,1.0784313725490196
0,32767,15,2,2,0,27.5,2.0,-inf,1.0784313725490196
0,32767,15,2,2,1,27.5,2.0,-inf,1.0784313725490196
0,32767,15,2,2,0,27.5,2.0,-inf,1.0784313725490196
0,32767,15,2,2,0,27.5,2.0,-inf,1.0784313725490196
0,32767,15,2,2,0,27.5,2.0,-inf,1.0784313725490196
0,32767,15,2,2,1,27.5,2.0,-inf,1.0784313725490196
0,32767,15,2,2,0,27.5,2.0,-inf,1.0784313725490196
0,32767,15,2,2,0,27.5,2.0,-inf,1.0784313725490196
0,32767,15,2,2,1,27.5,2.0,-inf,1.0784313725490196
0,32767,15,2,2,0,27.5,2.0,-inf,1.0784313725490196
0,32767,15,2,2,0,27.5,2.0,-inf,1.0784313725490196
0,32767,15,2,2,0,27.5,2.0,-inf,1.0784313725490196
0,32767,15,2,2,1,27.5,2.0,-inf,1.0784313725490196
0,32767,15,2,2,1,27.5,2.0,-inf,1.0784313725490196
0,32767,15,2,2,1,27.5,2.0,-inf,1.0784313725490196
0,32767,15,2,2,1,27.5,2.0,-inf,1.0784313725490196
0,32767,16,2,1,1,33.666666666666664,3.0,-inf,1.6290322580645162
0,32767,16,2,1,0,33.666666666666664,3.0,-inf,1.6290322580645162
0,32767,16,2,1,0,33.666666666666664,3.0,-inf,1.6290322580645162
0,32767,16,2,1,0,33.666666666666664,3.0,-inf,1.6290322580645162
0,32767,16,2,1,1,33.666666666666664,3.0,-inf,1.6290322580645162
0,32767,16,2,1,0,33.666666666666664,3.0,-inf,1.6290322580645162
0,32767,16,2,1,0,33.666666666666664,3.0,-inf,1.6290322580645162
0,32767,16,2,1,0,33.666666666666664,3.0,-inf,1.6290322580645162
0,32767,16,2,1,1,33.666666666666664,3.0,-inf,1.6290322580645162
0,32767,16,2,1,1,33.666666666666664,3.0,-inf,1.6290322580645162
0,32767,16,2,1,1,33.666666666666664,3.0,-inf,1.6290322580645162
0,32767,16,2,1,1,33.666666666666664,3.0,-inf,1.6290322580645162
0,32767,16,2,1,0,33.666666666666664,3.0,-inf,1.6290322580645162
0,32767,16,2,1,1,33.666666666666664,3.0,-inf,1.6290322580645162
0,32767,16,2,1,0,33.666666666666664,3.0,-inf,1.6290322580645162
0,32767,16,2,1,0,33.666666666666664,3.0,-inf,1.6290322580645162
0,32767,16,2,2,0,33.666666666666664,3.0,-inf,1.0
0,32767,16,2,2,0,33.666666666666664,3.0,-inf,1.0
0,32767,16,2,2,1,33.666666666666664,3.0,-inf,1.0
0,32767,16,2,2,1,33.666666666666664,3.0,-inf,1.0
0,32767,16,2,2,1,33.666666666666664,3.0,-inf,1.0
0,32767,16,2,2,1,33.666666666666664,3.0,-inf,1.0
0,32767,16,2,2,1,33.666666666666664,3.0,-inf,1.0
0,32767,16,2,2,1,33.666666666666664,3.0,-inf,1.0
0,32767,16,2,2,0,33.666666666666664,3.0,-inf,1.0
0,32767,16,2,2,0,33.666666666666664,3.0,-inf,1.0
0,32767,16,2,2,1,33.666666666666664,3.0,-inf,1.0
0,32767,16,2,2,1,33.666666666666664,3.0,-inf,1.0
0,32767,16,2,2,1,33.666666666666664,3.0,-inf,1.0
0,32767,16,2,2,0,33.666666666666664,3.0,-inf,1.0
0,32767,16,2,2,1,33.666666666666664,3.0,-inf,1.0
0,32767,16,2,2,1,33.666666666666664,3.0,-inf,1.0
0,32767,16,2,2,0,33.666666666666664,3.0,-inf,1.0
0,32767,16,2,2,1,33.666666666666664,3.0,-inf,1.0
0,32767,16,2,2,0,33.666666666666664,3.0,-inf,1.0
0,32767,16,2,2,1,33.666666666666664,3.0,-inf,1.0
0,32767,16,2,2,0,33.666666666666664,3.0,-inf,1.0
0,32767,16,2,2,0,33.666666666666664,3.0,-inf,1.0
0,32767,16,2,2,0,33.666666666666664,3.0,-inf,1.0
0,32767,16,2,2,1,33.666666666666664,3.0,-inf,1.0
0,32767,16,2,2,1,33.666666666666664,3.0,-inf,1.0
0,32767,16,2,2,1,33.666666666666664,3.0,-inf,1.0
0,32767,16,2,2,0,33.666666666666664,3.0,-inf,1.0
0,32767,16,2,2,0,33.666666666666664,3.0,-inf,1.0
0,32767,16,2,2,0,33.666666666666664,3.0,-inf,1.0
0,32767,16,2,2,1,33.666666666666664,3.0,-inf,1.0
0,32767,16,2,3,1,33.666666666666664,3.0,-inf,1.5538461538461539
0,32767,16,2,3,1,33.666666666666664,3.0,-inf,1.5538461538461539
0,32767,16,2,3,1,33.666666666666664,3.0,-inf,1.5538461538461539
0,32767,16,2,3,1,33.666666666666664,3.0,-inf,1.5538461538461539
0,32767,16,2,3,0,33.666666666666664,3.0,-inf,1.5538461538461539
0,32767,16,2,3,0,33.666666666666664,3.0,-inf,1.5538461538461539
0,32767,16,2,3,0,33.666666666666664,3.0,-inf,1.5538461538461539
0,32767,16,2,3,0,33.666666666666664,3.0,-inf,1.5538461538461539
0,32767,16,2,3,1,33.666666666666664,3.0,-inf,1.5538461538461539
0,32767,16,2,3,1,33.666666666666664,3.0,-inf,1.5538461538461539
0,32767,16,2,3,0,33.666666666666664,3.0,-inf,1.5538461538461539
0,32767,16,2,3,1,33.666666666666664,3.0,-inf,1.5538461538461539
0,32767,16,2,3,1,33.666666666666664,3.0,-inf,1.5538461538461539
0,32767,16,2,3,1,33.666666666666664,3.0,-inf,1.5538461538461539
0,32767,16,2,3,0,33.666666666666664,3.0,-inf,1.5538461538461539
0,32767,16,2,3,0,33.666666666666664,3.0,-inf,1.5538461538461539
0,32767,16,2,3,0,33.666666666666664,3.0,-inf,1.5538461538461539
0,32767,16,2,3,0,33.666666666666664,3.0,-inf,1.5538461538461539
0,32767,16,2,3,1,33.666666666666664,3.0,-inf,1.5538461538461539
0,32767,16,2,3,0,33.666666666666664,3.0,-inf,1.5538461538461539
0,32767,17,2,1,1,28.25,4.0,-inf,1.036697247706422
0,32767,17,2,1,0,28.25,4.0,-inf,1.036697247706422
0,32767,17,2,1,0,28.25,4.0,-inf,1.036697247706422
0,32767,17,2,1,1,28.25,4.0,-inf,1.036697247706422
0,32767,17,2,1,1,28.25,4.0,-inf,1.036697247706422
0,32767,17,2,1,1,28.25,4.0,-inf,1.036697247706422
0,32767,17,2,1,0,28.25,4.0,-inf,1.036697247706422
0,32767,17,2,1,1,28.25,4.0,-inf,1.036697247706422
0,32767,17,2,1,1,28.25,4.0,-inf,1.036697247706422
0,32767,17,2,1,0,28.25,4.0,-inf,1.036697247706422
0,32767,17,2,1,0,28.25,4.0,-inf,1.036697247706422
0,32767,17,2,1,0,28.25,4.0,-inf,1.036697247706422
0,32767,17,2,1,1,28.25,4.0,-inf,1.036697247706422
0,32767,17,2,1,1,28.25,4.0,-inf,1.036697247706422
0,32767,17,2,1,0,28.25,4.0,-inf,1.036697247706422
0,32767,17,2,1,0,28.25,4.0,-inf,1.036697247706422
0,32767,17,2,1,1,28.25,4.0,-inf,1.036697247706422
0,32767,17,2,1,1,28.25,4.0,-inf,1.036697247706422
0,32767,17,2,1,0,28.25,4.0,-inf,1.036697247706422
0,32767,17,2,1,1,28.25,4.0,-inf,1.036697247706422
0,32767,17,2,1,0,28.25,4.0,-inf,1.036697247706422
0,32767,17,2,1,0,28.25,4.0,-inf,1.036697247706422
0,32767,17,2,1,1,28.25,4.0,-inf,1.036697247706422
0,32767,17,2,2,1,28.25,4.0,-inf,1.2150537634408602
0,32767,17,2,2,0,28.25,4.0,-inf,1.2150537634408602
0,32767,17,2,2,0,28.25,4.0,-inf,1.2150537634408602
0,32767,17,2,2,0,28.25,4.0,-inf,1.2150537634408602
0,32767,17,2,2,0,28.25,4.0,-inf,1.2150537634408602
0,32767,17,2,2,1,28.25,4.0,-inf,1.2150537634408602
0,32767,17,2,2,0,28.25,4.0,-inf,1.2150537634408602
0,32767,17,2,2,1,28.25,4.0,-inf,1.2150537634408602
0,32767,17,2,2,1,28.25,4.0,-inf,1.2150537634408602
0,32767,17,2,2,1,28.25,4.0,-inf,1.2150537634408602
0,32767,17,2,2,0,28.25,4.0,-inf,1.2150537634408602
0,32767,17,2,2,1,28.25,4.0,-inf,1.2150537634408602
0,32767,17,2,2,1,28.25,4.0,-inf,1.2150537634408602
0,32767,17,2,2,0,28.25,4.0,-inf,1.2150537634408602
0,32767,17,2,2,0,28.25,4.0,-inf,1.2150537634408602
0,32767,17,2,2,1,28.25,4.0,-inf,1.2150537634408602
0,32767,17,2,3,1,28.25,4.0,-inf,1.0
0,32767,17,2,3,1,28.25,4.0,-inf,1.0
0,32767,17,2,3,0,28.25,4.0,-inf,1.0
0,32767,17,2,3,0,28.25,4.0,-inf,1.0
0,32767,17,2,3,0,28.25,4.0,-inf,1.0
0,32767,17,2,3,0,28.25,4.0,-inf,1.0
0,32767,17,2,3,1,28.25,4.0,-inf,1.0
0,32767,17,2,3,0,28.25,4.0,-inf,1.0
0,32767,17,2,3,0,28.25,4.0,-inf,1.0
0,32767,17,2,3,1,28.25,4.0,-inf,1.0
0,32767,17,2,3,1,28.25,4.0,-inf,1.0
0,32767,17,2,3,0,28.25,4.0,-inf,1.0
0,32767,17,2,3,1,28.25,4.0,-inf,1.0
0,32767,17,2,3,0,28.25,4.0,-inf,1.0
0,32767,17,2,3,0,28.25,4.0,-inf,1.0
0,32767,17,2,3,0,28.25,4.0,-inf,1.0
0,32767,17,2,3,1,28.25,4.0,-inf,1.0
0,32767,17,2,3,1,28.25,4.0,-inf,1.0
0,32767,17,2,3,0,28.25,4.0,-inf,1.0
0,32767,17,2,3,1,28.25,4.0,-inf,1.0
0,32767,17,2,3,1,28.25,4.0,-inf,1.0
0,32767,17,2,3,1,28.25,4.0,-inf,1.0
0,32767,17,2,3,0,28.25,4.0,-inf,1.0
0,32767,17,2,4,1,28.25,4.0,-inf,1.036697247706422
0,32767,17,2,4,0,28.25,4.0,-inf,1.036697247706422
0,32767,17,2,4,1,28.25,4.0,-inf,1.036697247706422
0,32767,17,2,4,1,28.25,4.0,-inf,1.036697247706422
0,32767,17,2,4,1,28.25,4.0,-inf,1.036697247706422
0,32767,17,2,4,1,28.25,4.0,-inf,1.036697247706422
0,32767,17,2,4,0,28.25,4.0,-inf,1.036697247706422
0,32767,17,2,4,1,28.25,4.0,-inf,1.036697247706422
0,32767,17,2,4,1,28.25,4.0,-inf,1.036697247706422
0,32767,17,2,4,1,28.25,4.0,-inf,1.036697247706422
0,32767,17,2,4,1,28.25,4.0,-inf,1.036697247706422
0,32767,17,2,4,1,28.25,4.0,-inf,1.036697247706422
0,32767,17,2,4,0,28.25,4.0,-inf,1.036697247706422
0,32767,17,2,4,0,28.25,4.0,-inf,1.036697247706422
0,32767,17,2,4,0,28.25,4.0,-inf,1.036697247706422
0,32767,17,2,4,0,28.25,4.0,-inf,1.036697247706422
0,32767,17,2,4,0,28.25,4.0,-inf,1.036697247706422
0,32767,17,2,4,0,28.25,4.0,-inf,1.036697247706422
0,32767,17,2,4,0,28.25,4.0,-inf,1.036697247706422
0,32767,17,2,4,0,28.25,4.0,-inf,1.036697247706422
0,32767,17,2,4,0,28.25,4.0,-inf,1.036697247706422
0,32767,17,2,4,0,28.25,4.0,-inf,1.036697247706422
0,32767,18,2,1,1,18.0,2.0,-inf,1.125
0,32767,18,2,1,0,18.0,2.0,-inf,1.125
0,32767,18,2,1,0,18.0,2.0,-inf,1.125
0,32767,18,2,1,0,18.0,2.0,-inf,1.125
0,32767,18,2,1,1,18.0,2.0,-inf,1.125
0,32767,18,2,1,1,18.0,2.0,-inf,1.125
0,32767,18,2,1,1,18.0,2.0,-inf,1.125
0,32767,18,2,1,0,18.0,2.0,-inf,1.125
0,32767,18,2,1,1,18.0,2.0,-inf,1.125
0,32767,18,2,1,1,18.0,2.0,-inf,1.125
0,32767,18,2,1,0,18.0,2.0,-inf,1.125
0,32767,18,2,1,0,18.0,2.0,-inf,1.125
0,32767,18,2,2,1,18.0,2.0,-inf,1.3846153846153846
0,32767,18,2,2,0,18.0,2.0,-inf,1.3846153846153846
0,32767,18,2,2,1,18.0,2.0,-inf,1.3846153846153846
0,32767,18,2,2,1,18.0,2.0,-inf,1.3846153846153846
0,32767,18,2,2,0,18.0,2.0,-inf,1.3846153846153846
0,32767,18,2,2,0,18.0,2.0,-inf,1.3846153846153846
0,32767,18,2,2,0,18.0,2.0,-inf,1.3846153846153846
0,32767,18,2,2,1,18.0,2.0,-inf,1.3846153846153846
0,32767,18,2,2,0,18.0,2.0,-inf,1.3846153846153846
0,32767,19,2,1,0,32.0,2.0,-inf,1.032258064516129
0,32767,19,2,1,0,32.0,2.0,-inf,1.032258064516129
0,32767,19,2,1,0,32.0,2.0,-inf,1.032258064516129
0,32767,19,2,1,0,32.0,2.0,-inf,1.032258064516129
0,32767,19,2,1,1,32.0,2.0,-inf,1.032258064516129
0,32767,19,2,1,0,32.0,2.0,-inf,1.032258064516129
0,32767,19,2,1,0,32.0,2.0,-inf,1.032258064516129
0,32767,19,2,1,1,32.0,2.0,-inf,1.032258064516129
0,32767,19,2,1,0,32.0,2.0,-inf,1.032258064516129
0,32767,19,2,1,1,32.0,2.0,-inf,1.032258064516129
0,32767,19,2,1,1,32.0,2.0,-inf,1.032258064516129
0,32767,19,2,1,0,32.0,2.0,-inf,1.032258064516129
0,32767,19,2,1,1,32.0,2.0,-inf,1.032258064516129
0,32767,19,2,1,1,32.0,2.0,-inf,1.032258064516129
0,32767,19,2,1,1,32.0,2.0,-inf,1.032258064516129
0,32767,19,2,1,1,32.0,2.0,-inf,1.032258064516129
0,32767,19,2,1,1,32.0,2.0,-inf,1.032258064516129
0,32767,19,2,1,0,32.0,2.0,-inf,1.032258064516129
0,32767,19,2,1,1,32.0,2.0,-inf,1.032258064516129
0,32767,19,2,1,0,32.0,2.0,-inf,1.032258064516129
0,32767,19,2,1,1,32.0,2.0,-inf,1.032258064516129
0,32767,19,2,1,1,32.0,2.0,-inf,1.032258064516129
0,32767,19,2,1,1,32.0,2.0,-inf,1.032258064516129
0,32767,19,2,1,0,32.0,2.0,-inf,1.032258064516129
0,32767,19,2,1,0,32.0,2.0,-inf,1.032258064516129
0,32767,19,2,1,1,32.0,2.0,-inf,1.032258064516129
0,32767,19,2,1,0,32.0,2.0,-inf,1.032258064516129
0,32767,19,2,1,1,32.0,2.0,-inf,1.032258064516129
0,32767,19,2,2,1,32.0,2.0,-inf,1.103448275862069
0,32767,19,2,2,1,32.0,2.0,-inf,1.103448275862069
0,32767,19,2,2,0,32.0,2.0,-inf,1.103448275862069
0,32767,19,2,2,0,32.0,2.0,-inf,1.103448275862069
0,32767,19,2,2,1,32.0,2.0,-inf,1.103448275862069
0,32767,19,2,2,0,32.0,2.0,-inf,1.103448275862069
0,32767,19,2,2,0,32.0,2.0,-inf,1.103448275862069
0,32767,19,2,2,1,32.0,2.0,-inf,1.103448275862069
0,32767,19,2,2,0,32.0,2.0,-inf,1.103448275862069
0,32767,19,2,2,0,32.0,2.0,-inf,1.103448275862069
0,32767,19,2,2,0,32.0,2.0,-inf,1.103448275862069
0,32767,19,2,2,0,32.0,2.0,-inf,1.103448275862069
0,32767,19,2,2,0,32.0,2.0,-inf,1.103448275862069
0,32767,19,2,2,1,32.0,2.0,-inf,1.103448275862069
0,32767,19,2,2,0,32.0,2.0,-inf,1.103448275862069
0,32767,19,2,2,1,32.0,2.0,-inf,1.103448275862069
0,32767,19,2,2,0,32.0,2.0,-inf,1.103448275862069
0,32767,19,2,2,1,32.0,2.0,-inf,1.103448275862069
0,32767,19,2,2,1,32.0,2.0,-inf,1.103448275862069
0,32767,19,2,2,0,32.0,2.0,-inf,1.103448275862069
0,32767,19,2,2,1,32.0,2.0,-inf,1.103448275862069
0,32767,19,2,2,0,32.0,2.0,-inf,1.103448275862069
0,32767,20,2,1,0,17.0,1.0,-inf,3.4
0,32767,21,2,1,0,4.000000000000001,0.5,-inf,1.0
0,32767,21,2,1,1,4.000000000000001,0.5,-inf,1.0
0,32767,22,2,1,0,26.5,2.0,-inf,2.12
0,32767,22,2,1,1,26.5,2.0,-inf,2.12
0,32767,22,2,1,1,26.5,2.0,-inf,2.12
0,32767,22,2,1,1,26.5,2.0,-inf,2.12
0,32767,22,2,1,1,26.5,2.0,-inf,2.12
0,32767,22,2,1,0,26.5,2.0,-inf,2.12
0,32767,22,2,1,0,26.5,2.0,-inf,2.12
0,32767,22,2,1,1,26.5,2.0,-inf,2.12
0,32767,22,2,1,1,26.5,2.0,-inf,2.12
0,32767,22,2,1,0,26.5,2.0,-inf,2.12
0,32767,22,2,1,1,26.5,2.0,-inf,2.12
0,32767,22,2,1,0,26.5,2.0,-inf,2.12
0,32767,22,2,1,0,26.5,2.0,-inf,2.12
0,32767,22,2,1,0,26.5,2.0,-inf,2.12
0,32767,22,2,2,0,26.5,2.0,-inf,1.0816326530612246
0,32767,22,2,2,1,26.5,2.0,-inf,1.0816326530612246
0,32767,22,2,2,1,26.5,2.0,-inf,1.0816326530612246
0,32767,22,2,2,0,26.5,2.0,-inf,1.0816326530612246
0,32767,22,2,2,0,26.5,2.0,-inf,1.0816326530612246
0,32767,22,2,2,1,26.5,2.0,-inf,1.0816326530612246
0,32767,22,2,2,1,26.5,2.0,-inf,1.0816326530612246
0,32767,22,2,2,1,26.5,2.0,-inf,1.0816326530612246
0,32767,22,2,2,0,26.5,2.0,-inf,1.0816326530612246
0,32767,22,2,2,1,26.5,2.0,-inf,1.0816326530612246
0,32767,22,2,2,0,26.5,2.0,-inf,1.0816326530612246
0,32767,22,2,2,1,26.5,2.0,-inf,1.0816326530612246
0,32767,22,2,2,1,26.5,2.0,-inf,1.0816326530612246
0,32767,22,2,2,1,26.5,2.0,-inf,1.0816326530612246
0,32767,22,2,2,1,26.5,2.0,-inf,1.0816326530612246
0,32767,22,2,2,1,26.5,2.0,-inf,1.0816326530612246
0,32767,22,2,2,0,26.5,2.0,-inf,1.0816326530612246
0,32767,22,2,2,0,26.5,2.0,-inf,1.0816326530612246
0,32767,22,2,2,0,26.5,2.0,-inf,1.0816326530612246
0,32767,22,2,2,1,26.5,2.0,-inf,1.0816326530612246
0,32767,23,2,1,1,31.000000000000004,5.0,-inf,1.722222222222222
0,32767,23,2,1,0,31.000000000000004,5.0,-inf,1.722222222222222
0,32767,23,2,1,1,31.000000000000004,5.0,-inf,1.722222222222222
0,32767,23,2,1,1,31.000000000000004,5.0,-inf,1.722222222222222
0,32767,23,2,1,0,31.000000000000004,5.0,-inf,1.722222222222222
0,32767,23,2,1,1,31.000000000000004,5.0,-inf,1.722222222222222
0,32767,23,2,1,1,31.000000000000004,5.0,-inf,1.722222222222222
0,32767,23,2,1,1,31.000000000000004,5.0,-inf,1.722222222222222
0,32767,23,2,1,0,31.000000000000004,5.0,-inf,1.722222222222222
0,32767,23,2,1,0,31.000000000000004,5.0,-inf,1.722222222222222
0,32767,23,2,1,0,31.000000000000004,5.0,-inf,1.722222222222222
0,32767,23,2,1,1,31.000000000000004,5.0,-inf,1.722222222222222
0,32767,23,2,1,1,31.000000000000004,5.0,-inf,1.722222222222222
0,32767,23,2,1,0,31.000000000000004,5.0,-inf,1.722222222222222
0,32767,23,2,1,1,31.000000000000004,5.0,-inf,1.722222222222222
0,32767,23,2,1,1,31.000000000000004,5.0,-inf,1.722222222222222
0,32767,23,2,1,0,31.000000000000004,5.0,-inf,1.722222222222222
0,32767,23,2,1,1,31.000000000000004,5.0,-inf,1.722222222222222
0,32767,23,2,2,0,31.000000000000004,5.0,-inf,1.24
0,32767,23,2,2,0,31.000000000000004,5.0,-inf,1.24
0,32767,23,2,2,1,31.000000000000004,5.0,-inf,1.24
0,32767,23,2,2,1,31.000000000000004,5.0,-inf,1.24
0,32767,23,2,2,1,31.000000000000004,5.0,-inf,1.24
0,32767,23,2,2,0,31.000000000000004,5.0,-inf,1.24
0,32767,23,2,2,0,31.000000000000004,5.0,-inf,1.24
0,32767,23,2,2,0,31.000000000000004,5.0,-inf,1.24
0,32767,23,2,2,0,31.000000000000004,5.0,-inf,1.24
0,32767,23,2,2,0,31.000000000000004,5.0,-inf,1.24
0,32767,23,2,2,0,31.000000000000004,5.0,-inf,1.24
0,32767,23,2,2,1,31.000000000000004,5.0,-inf,1.24
0,32767,23,2,2,0,31.000000000000004,5.0,-inf,1.24
0,32767,23,2,2,1,31.000000000000004,5.0,-inf,1.24
0,32767,23,2,2,0,31.000000000000004,5.0,-inf,1.24
0,32767,23,2,2,0,31.000000000000004,5.0,-inf,1.24
0,32767,23,2,2,0,31.000000000000004,5.0,-inf,1.24
0,32767,23,2,2,1,31.000000000000004,5.0,-inf,1.24
0,32767,23,2,2,1,31.000000000000004,5.0,-inf,1.24
0,32767,23,2,2,1,31.000000000000004,5.0,-inf,1.24
0,32767,23,2,2,0,31.000000000000004,5.0,-inf,1.24
0,32767,23,2,2,0,31.000000000000004,5.0,-inf,1.24
0,32767,23,2,2,1,31.000000000000004,5.0,-inf,1.24
0,32767,23,2,2,1,31.000000000000004,5.0,-inf,1.24
0,32767,23,2,2,1,31.000000000000004,5.0,-inf,1.24
0,32767,23,2,3,1,31.000000000000004,5.0,-inf,1.4761904761904763
0,32767,23,2,3,1,31.000000000000004,5.0,-inf,1.4761904761904763
0,32767,23,2,3,1,31.000000000000004,5.0,-inf,1.4761904761904763
0,32767,23,2,3,0,31.000000000000004,5.0,-inf,1.4761904761904763
0,32767,23,2,3,1,31.000000000000004,5.0,-inf,1.4761904761904763
0,32767,23,2,3,0,31.000000000000004,5.0,-inf,1.4761904761904763
0,32767,23,2,3,0,31.000000000000004,5.0,-inf,1.4761904761904763
0,32767,23,2,3,0,31.000000000000004,5.0,-inf,1.4761904761904763
0,32767,23,2,3,1,31.000000000000004,5.0,-inf,1.4761904761904763
0,32767,23,2,3,0,31.000000000000004,5.0,-inf,1.4761904761904763
0,32767,23,2,3,0,31.000000000000004,5.0,-inf,1.4761904761904763
0,32767,23,2,3,1,31.000000000000004,5.0,-inf,1.4761904761904763
0,32767,23,2,3,0,31.000000000000004,5.0,-inf,1.4761904761904763
0,32767,23,2,3,0,31.000000000000004,5.0,-inf,1.4761904761904763
0,32767,23,2,3,0,31.000000000000004,5.0,-inf,1.4761904761904763
0,32767,23,2,3,1,31.000000000000004,5.0,-inf,1.4761904761904763
0,32767,23,2,3,0,31.000000000000004,5.0,-inf,1.4761904761904763
0,32767,23,2,4,0,31.000000000000004,5.0,-inf,1.3478260869565217
0,32767,23,2,4,1,31.000000000000004,5.0,-inf,1.3478260869565217
0,32767,23,2,4,1,31.000000000000004,5.0,-inf,1.3478260869565217
0,32767,23,2,4,0,31.000000000000004,5.0,-inf,1.3478260869565217
0,32767,23,2,4,0,31.000000000000004,5.0,-inf,1.3478260869565217
0,32767,23,2,4,0,31.000000000000004,5.0,-inf,1.3478260869565217
0,32767,23,2,4,0,31.000000000000004,5.0,-inf,1.3478260869565217
0,32767,23,2,4,1,31.000000000000004,5.0,-inf,1.3478260869565217
0,32767,23,2,4,1,31.000000000000004,5.0,-inf,1.3478260869565217
0,32767,23,2,4,1,31.000000000000004,5.0,-inf,1.3478260869565217
0,32767,23,2,4,1,31.000000000000004,5.0,-inf,1.3478260869565217
0,32767,23,2,4,1,31.000000000000004,5.0,-inf,1.3478260869565217
0,32767,23,2,4,0,31.000000000000004,5.0,-inf,1.3478260869565217
0,32767,23,2,4,0,31.000000000000004,5.0,-inf,1.3478260869565217
0,32767,23,2,4,0,31.000000000000004,5.0,-inf,1.3478260869565217
0,32767,23,2,4,1,31.000000000000004,5.0,-inf,1.3478260869565217
0,32767,23,2,4,0,31.000000000000004,5.0,-inf,1.3478260869565217
0,32767,23,2,4,0,31.000000000000004,5.0,-inf,1.3478260869565217
0,32767,23,2,5,1,31.000000000000004,5.0,-inf,1.722222222222222
0,32767,23,2,5,0,31.000000000000004,5.0,-inf,1.722222222222222
0,32767,23,2,5,0,31.000000000000004,5.0,-inf,1.722222222222222
0,32767,23,2,5,0,31.000000000000004,5.0,-inf,1.722222222222222
0,32767,23,2,5,0,31.000000000000004,5.0,-inf,1.722222222222222
0,32767,23,2,5,1,31.000000000000004,5.0,-inf,1.722222222222222
0,32767,23,2,5,1,31.000000000000004,5.0,-inf,1.722222222222222
0,32767,23,2,5,1,31.000000000000004,5.0,-inf,1.722222222222222
0,32767,23,2,5,1,31.000000000000004,5.0,-inf,1.722222222222222
0,32767,23,2,5,0,31.000000000000004,5.0,-inf,1.722222222222222
0,32767,23,2,5,0,31.000000000000004,5.0,-inf,1.722222222222222
0,32767,23,2,5,0,31.000000000000004,5.0,-inf,1.722222222222222
0,32767,23,2,5,0,31.000000000000004,5.0,-inf,1.722222222222222
0,32767,23,2,5,1,31.000000000000004,5.0,-inf,1.722222222222222
0,32767,23,2,5,0,31.000000000000004,5.0,-inf,1.722222222222222
0,32767,23,2,5,1,31.000000000000004,5.0,-inf,1.722222222222222
0,32767,24,2,1,0,28.5,2.0,-inf,1.2666666666666666
0,32767,24,2,1,0,28.5,2.0,-inf,1.2666666666666666
0,32767,24,2,1,0,28.5,2.0,-inf,1.2666666666666666
0,32767,24,2,1,0,28.5,2.0,-inf,1.2666666666666666
0,32767,24,2,1,0,28.5,2.0,-inf,1.2666666666666666
0,32767,24,2,1,1,28.5,2.0,-inf,1.2666666666666666
0,32767,24,2,1,0,28.5,2.0,-inf,1.2666666666666666
0,32767,24,2,1,0,28.5,2.0,-inf,1.2666666666666666
0,32767,24,2,1,1,28.5,2.0,-inf,1.2666666666666666
0,32767,24,2,1,0,28.5,2.0,-inf,1.2666666666666666
0,32767,24,2,1,1,28.5,2.0,-inf,1.2666666666666666
0,32767,24,2,1,0,28.5,2.0,-inf,1.2666666666666666
0,32767,24,2,1,1,28.5,2.0,-inf,1.2666666666666666
0,32767,24,2,1,0,28.5,2.0,-inf,1.2666666666666666
0,32767,24,2,1,1,28.5,2.0,-inf,1.2666666666666666
0,32767,24,2,1,1,28.5,2.0,-inf,1.2666666666666666
0,32767,24,2,1,1,28.5,2.0,-inf,1.2666666666666666
0,32767,24,2,1,1,28.5,2.0,-inf,1.2666666666666666
0,32767,24,2,1,1,28.5,2.0,-inf,1.2666666666666666
0,32767,24,2,1,1,28.5,2.0,-inf,1.2666666666666666
0,32767,24,2,1,1,28.5,2.0,-inf,1.2666666666666666
0,32767,24,2,2,1,28.5,2.0,-inf,2.111111111111111
0,32767,24,2,2,0,28.5,2.0,-inf,2.111111111111111
0,32767,24,2,2,0,28.5,2.0,-inf,2.111111111111111
0,32767,24,2,2,1,28.5,2.0,-inf,2.111111111111111
0,32767,24,2,2,0,28.5,2.0,-inf,2.111111111111111
0,32767,24,2,2,0,28.5,2.0,-inf,2.111111111111111
0,32767,24,2,2,1,28.5,2.0,-inf,2.111111111111111
0,32767,24,2,2,1,28.5,2.0,-inf,2.111111111111111
0,32767,24,2,2,0,28.5,2.0,-inf,2.111111111111111
0,32767,24,2,2,1,28.5,2.0,-inf,2.111111111111111
0,32767,24,2,2,0,28.5,2.0,-inf,2.111111111111111
0,32767,24,2,2,0,28.5,2.0,-inf,2.111111111111111
0,32767,25,2,1,1,31.5,2.0,-inf,1.2857142857142856
0,32767,25,2,1,0,31.5,2.0,-inf,1.2857142857142856
0,32767,25,2,1,1,31.5,2.0,-inf,1.2857142857142856
0,32767,25,2,1,1,31.5,2.0,-inf,1.2857142857142856
0,32767,25,2,1,1,31.5,2.0,-inf,1.2857142857142856
0,32767,25,2,1,1,31.5,2.0,-inf,1.2857142857142856
0,32767,25,2,1,1,31.5,2.0,-inf,1.2857142857142856
0,32767,25,2,1,1,31.5,2.0,-inf,1.2857142857142856
0,32767,25,2,1,0,31.5,2.0,-inf,1.2857142857142856
0,32767,25,2,1,0,31.5,2.0,-inf,1.2857142857142856
0,32767,25,2,1,0,31.5,2.0,-inf,1.2857142857142856
0,32767,25,2,1,0,31.5,2.0,-inf,1.2857142857142856
0,32767,25,2,1,1,31.5,2.0,-inf,1.2857142857142856
0,32767,25,2,1,0,31.5,2.0,-inf,1.2857142857142856
0,32767,25,2,2,1,31.5,2.0,-inf,1.0677966101694916
0,32767,25,2,2,1,31.5,2.0,-inf,1.0677966101694916
0,32767,25,2,2,1,31.5,2.0,-inf,1.0677966101694916
0,32767,25,2,2,0,31.5,2.0,-inf,1.0677966101694916
0,32767,25,2,2,1,31.5,2.0,-inf,1.0677966101694916
0,32767,25,2,2,1,31.5,2.0,-inf,1.0677966101694916
0,32767,25,2,2,0,31.5,2.0,-inf,1.0677966101694916
0,32767,25,2,2,0,31.5,2.0,-inf,1.0677966101694916
0,32767,25,2,2,1,31.5,2.0,-inf,1.0677966101694916
0,32767,25,2,2,1,31.5,2.0,-inf,1.0677966101694916
0,32767,25,2,2,0,31.5,2.0,-inf,1.0677966101694916
0,32767,25,2,2,1,31.5,2.0,-inf,1.0677966101694916
0,32767,25,2,2,1,31.5,2.0,-inf,1.0677966101694916
0,32767,25,2,2,1,31.5,2.0,-inf,1.0677966101694916
0,32767,25,2,2,0,31.5,2.0,-inf,1.0677966101694916
0,32767,25,2,2,1,31.5,2.0,-inf,1.0677966101694916
0,32767,25,2,2,1,31.5,2.0,-inf,1.0677966101694916
0,32767,25,2,2,1,31.5,2.0,-inf,1.0677966101694916
0,32767,25,2,2,1,31.5,2.0,-inf,1.0677966101694916
0,32767,25,2,2,0,31.5,2.0,-inf,1.0677966101694916
0,32767,26,2,1,1,30.0,2.0,-inf,1.5
0,32767,26,2,1,0,30.0,2.0,-inf,1.5
0,32767,26,2,1,1,30.0,2.0,-inf,1.5
0,32767,26,2,1,0,30.0,2.0,-inf,1.5
0,32767,26,2,1,1,30.0,2.0,-inf,1.5
0,32767,26,2,1,0,30.0,2.0,-inf,1.5
0,32767,26,2,1,1,30.0,2.0,-inf,1.5
0,32767,26,2,1,1,30.0,2.0,-inf,1.5
0,32767,26,2,1,1,30.0,2.0,-inf,1.5
0,32767,26,2,1,1,30.0,2.0,-inf,1.5
0,32767,26,2,1,1,30.0,2.0,-inf,1.5
0,32767,26,2,1,0,30.0,2.0,-inf,1.5
0,32767,26,2,1,1,30.0,2.0,-inf,1.5
0,32767,26,2,1,0,30.0,2.0,-inf,1.5
0,32767,26,2,1,0,30.0,2.0,-inf,1.5
0,32767,26,2,1,0,30.0,2.0,-inf,1.5
0,32767,26,2,1,1,30.0,2.0,-inf,1.5
0,32767,26,2,2,0,30.0,2.0,-inf,1.25
0,32767,26,2,2,0,30.0,2.0,-inf,1.25
0,32767,26,2,2,1,30.0,2.0,-inf,1.25
0,32767,26,2,2,0,30.0,2.0,-inf,1.25
0,32767,26,2,2,0,30.0,2.0,-inf,1.25
0,32767,26,2,2,1,30.0,2.0,-inf,1.25
0,32767,26,2,2,1,30.0,2.0,-inf,1.25
0,32767,26,2,2,0,30.0,2.0,-inf,1.25
0,32767,26,2,2,1,30.0,2.0,-inf,1.25
0,32767,26,2,2,0,30.0,2.0,-inf,1.25
0,32767,26,2,2,0,30.0,2.0,-inf,1.25
0,32767,26,2,2,1,30.0,2.0,-inf,1.25
0,32767,26,2,2,0,30.0,2.0,-inf,1.25
0,32767,26,2,2,0,30.0,2.0,-inf,1.25
0,32767,26,2,2,0,30.0,2.0,-inf,1.25
0,32767,26,2,2,0,30.0,2.0,-inf,1.25
0,32767,26,2,2,0,30.0,2.0,-inf,1.25
0,32767,26,2,2,0,30.0,2.0,-inf,1.25
0,32767,26,2,2,1,30.0,2.0,-inf,1.25
0,32767,26,2,2,1,30.0,2.0,-inf,1.25
0,32767,26,2,2,1,30.0,2.0,-inf,1.25
0,32767,26,2,2,1,30.0,2.0,-inf,1.25
0,32767,26,2,2,0,30.0,2.0,-inf,1.25
0,32767,26,2,2,1,30.0,2.0,-inf,1.25
0,32767,26,2,2,0,30.0,2.0,-inf,1.25
0,32767,27,2,1,0,29.666666666666668,3.0,-inf,1.155844155844156
0,32767,27,2,1,0,29.666666666666668,3.0,-inf,1.155844155844156
0,32767,27,2,1,1,29.666666666666668,3.0,-inf,1.155844155844156
0,32767,27,2,1,1,29.666666666666668,3.0,-inf,1.155844155844156
0,32767,27,2,1,0,29.666666666666668,3.0,-inf,1.155844155844156
0,32767,27,2,1,0,29.666666666666668,3.0,-inf,1.155844155844156
0,32767,27,2,1,1,29.666666666666668,3.0,-inf,1.155844155844156
0,32767,27,2,1,0,29.666666666666668,3.0,-inf,1.155844155844156
0,32767,27,2,1,1,29.666666666666668,3.0,-inf,1.155844155844156
0,32767,27,2,1,0,29.666666666666668,3.0,-inf,1.155844155844156
0,32767,27,2,1,1,29.666666666666668,3.0,-inf,1.155844155844156
0,32767,27,2,1,0,29.666666666666668,3.0,-inf,1.155844155844156
0,32767,27,2,1,1,29.666666666666668,3.0,-inf,1.155844155844156
0,32767,27,2,1,1,29.666666666666668,3.0,-inf,1.155844155844156
0,32767,27,2,1,0,29.666666666666668,3.0,-inf,1.155844155844156
0,32767,27,2,1,1,29.666666666666668,3.0,-inf,1.155844155844156
0,32767,27,2,1,0,29.666666666666668,3.0,-inf,1.155844155844156
0,32767,27,2,1,1,29.666666666666668,3.0,-inf,1.155844155844156
0,32767,27,2,1,0,29.666666666666668,3.0,-inf,1.155844155844156
0,32767,27,2,1,1,29.666666666666668,3.0,-inf,1.155844155844156
0,32767,27,2,1,1,29.666666666666668,3.0,-inf,1.155844155844156
0,32767,27,2,1,1,29.666666666666668,3.0,-inf,1.155844155844156
0,32767,27,2,1,1,29.666666666666668,3.0,-inf,1.155844155844156
0,32767,27,2,1,0,29.666666666666668,3.0,-inf,1.155844155844156
0,32767,27,2,2,1,29.666666666666668,3.0,-inf,1.2027027027027026
0,32767,27,2,2,1,29.666666666666668,3.0,-inf,1.2027027027027026
0,32767,27,2,2,0,29.666666666666668,3.0,-inf,1.2027027027027026
0,32767,27,2,2,0,29.666666666666668,3.0,-inf,1.2027027027027026
0,32767,27,2,2,0,29.666666666666668,3.0,-inf,1.2027027027027026
0,32767,27,2,2,1,29.666666666666668,3.0,-inf,1.2027027027027026
0,32767,27,2,2,1,29.666666666666668,3.0,-inf,1.2027027027027026
0,32767,27,2,2,1,29.666666666666668,3.0,-inf,1.2027027027027026
0,32767,27,2,2,0,29.666666666666668,3.0,-inf,1.2027027027027026
0,32767,27,2,2,1,29.666666666666668,3.0,-inf,1.2027027027027026
0,32767,27,2,2,1,29.666666666666668,3.0,-inf,1.2027027027027026
0,32767,27,2,2,0,29.666666666666668,3.0,-inf,1.2027027027027026
0,32767,27,2,2,0,29.666666666666668,3.0,-inf,1.2027027027027026
0,32767,27,2,2,1,29.666666666666668,3.0,-inf,1.2027027027027026
0,32767,27,2,2,0,29.666666666666668,3.0,-inf,1.2027027027027026
0,32767,27,2,2,1,29.666666666666668,3.0,-inf,1.2027027027027026
0,32767,27,2,2,0,29.666666666666668,3.0,-inf,1.2027027027027026
0,32767,27,2,2,0,29.666666666666668,3.0,-inf,1.2027027027027026
0,32767,27,2,2,0,29.666666666666668,3.0,-inf,1.2027027027027026
0,32767,27,2,2,0,29.666666666666668,3.0,-inf,1.2027027027027026
0,32767,27,2,2,1,29.666666666666668,3.0,-inf,1.2027027027027026
0,32767,27,2,2,1,29.666666666666668,3.0,-inf,1.2027027027027026
0,32767,27,2,2,1,29.666666666666668,3.0,-inf,1.2027027027027026
0,32767,27,2,2,1,29.666666666666668,3.0,-inf,1.2027027027027026
0,32767,27,2,3,1,29.666666666666668,3.0,-inf,1.8936170212765955
0,32767,27,2,3,0,29.666666666666668,3.0,-inf,1.8936170212765955
0,32767,27,2,3,1,29.666666666666668,3.0,-inf,1.8936170212765955
0,32767,27,2,3,1,29.666666666666668,3.0,-inf,1.8936170212765955
0,32767,27,2,3,0,29.666666666666668,3.0,-inf,1.8936170212765955
0,32767,27,2,3,0,29.666666666666668,3.0,-inf,1.8936170212765955
0,32767,27,2,3,1,29.666666666666668,3.0,-inf,1.8936170212765955
0,32767,27,2,3,1,29.666666666666668,3.0,-inf,1.8936170212765955
0,32767,27,2,3,1,29.666666666666668,3.0,-inf,1.8936170212765955
0,32767,27,2,3,0,29.666666666666668,3.0,-inf,1.8936170212765955
0,32767,27,2,3,1,29.666666666666668,3.0,-inf,1.8936170212765955
0,32767,27,2,3,1,29.666666666666668,3.0,-inf,1.8936170212765955
0,32767,27,2,3,1,29.666666666666668,3.0,-inf,1.8936170212765955
0,32767,27,2,3,1,29.666666666666668,3.0,-inf,1.8936170212765955
0,32767,28,2,1,1,29.0,4.0,-inf,1.380952380952381
0,32767,28,2,1,0,29.0,4.0,-inf,1.380952380952381
0,32767,28,2,1,1,29.0,4.0,-inf,1.380952380952381
0,32767,28,2,1,0,29.0,4.0,-inf,1.380952380952381
0,32767,28,2,1,1,29.0,4.0,-inf,1.380952380952381
0,32767,28,2,1,1,29.0,4.0,-inf,1.380952380952381
0,32767,28,2,1,1,29.0,4.0,-inf,1.380952380952381
0,32767,28,2,1,1,29.0,4.0,-inf,1.380952380952381
0,32767,28,2,1,1,29.0,4.0,-inf,1.380952380952381
0,32767,28,2,1,1,29.0,4.0,-inf,1.380952380952381
0,32767,28,2,1,0,29.0,4.0,-inf,1.380952380952381
0,32767,28,2,1,0,29.0,4.0,-inf,1.380952380952381
0,32767,28,2,1,1,29.0,4.0,-inf,1.380952380952381
0,32767,28,2,1,0,29.0,4.0,-inf,1.380952380952381
0,32767,28,2,1,1,29.0,4.0,-inf,1.380952380952381
0,32767,28,2,2,1,29.0,4.0,-inf,1.7058823529411766
0,32767,28,2,2,1,29.0,4.0,-inf,1.7058823529411766
0,32767,28,2,2,1,29.0,4.0,-inf,1.7058823529411766
0,32767,28,2,2,1,29.0,4.0,-inf,1.7058823529411766
0,32767,28,2,2,1,29.0,4.0,-inf,1.7058823529411766
0,32767,28,2,2,0,29.0,4.0,-inf,1.7058823529411766
0,32767,28,2,2,1,29.0,4.0,-inf,1.7058823529411766
0,32767,28,2,2,0,29.0,4.0,-inf,1.7058823529411766
0,32767,28,2,2,0,29.0,4.0,-inf,1.7058823529411766
0,32767,28,2,2,0,29.0,4.0,-inf,1.7058823529411766
0,32767,28,2,2,1,29.0,4.0,-inf,1.7058823529411766
0,32767,28,2,2,0,29.0,4.0,-inf,1.7058823529411766
0,32767,28,2,2,1,29.0,4.0,-inf,1.7058823529411766
0,32767,28,2,2,1,29.0,4.0,-inf,1.7058823529411766
0,32767,28,2,2,1,29.0,4.0,-inf,1.7058823529411766
0,32767,28,2,2,1,29.0,4.0,-inf,1.7058823529411766
0,32767,28,2,2,1,29.0,4.0,-inf,1.7058823529411766
0,32767,28,2,2,1,29.0,4.0,-inf,1.7058823529411766
0,32767,28,2,4,1,29.0,4.0,-inf,1.3181818181818183
0,32767,28,2,4,1,29.0,4.0,-inf,1.3181818181818183
0,32767,28,2,4,1,29.0,4.0,-inf,1.3181818181818183
0,32767,28,2,4,0,29.0,4.0,-inf,1.3181818181818183
0,32767,28,2,4,1,29.0,4.0,-inf,1.3181818181818183
0,32767,28,2,4,1,29.0,4.0,-inf,1.3181818181818183
0,32767,28,2,4,1,29.0,4.0,-inf,1.3181818181818183
0,32767,28,2,4,0,29.0,4.0,-inf,1.3181818181818183
0,32767,28,2,4,1,29.0,4.0,-inf,1.3181818181818183
0,32767,28,2,4,1,29.0,4.0,-inf,1.3181818181818183
0,32767,28,2,4,0,29.0,4.0,-inf,1.3181818181818183
0,32767,28,2,4,0,29.0,4.0,-inf,1.3181818181818183
0,32767,28,2,4,1,29.0,4.0,-inf,1.3181818181818183
0,32767,28,2,4,0,29.0,4.0,-inf,1.3181818181818183
0,32767,28,2,4,0,29.0,4.0,-inf,1.3181818181818183
0,32767,28,2,4,0,29.0,4.0,-inf,1.3181818181818183
0,32767,28,2,4,1,29.0,4.0,-inf,1.3181818181818183
0,32767,28,2,4,1,29.0,4.0,-inf,1.3181818181818183
0,32767,28,2,4,1,29.0,4.0,-inf,1.3181818181818183
0,32767,28,2,4,1,29.0,4.0,-inf,1.3181818181818183
0,32767,29,2,1,0,34.5,2.0,-inf,1.3018867924528303
0,32767,29,2,1,0,34.5,2.0,-inf,1.3018867924528303
0,32767,29,2,1,0,34.5,2.0,-inf,1.3018867924528303
0,32767,29,2,1,1,34.5,2.0,-inf,1.3018867924528303
0,32767,29,2,1,1,34.5,2.0,-inf,1.3018867924528303
0,32767,29,2,1,1,34.5,2.0,-inf,1.3018867924528303
0,32767,29,2,1,1,34.5,2.0,-inf,1.3018867924528303
0,32767,29,2,1,1,34.5,2.0,-inf,1.3018867924528303
0,32767,29,2,1,0,34.5,2.0,-inf,1.3018867924528303
0,32767,29,2,1,0,34.5,2.0,-inf,1.3018867924528303
0,32767,29,2,1,1,34.5,2.0,-inf,1.3018867924528303
0,32767,29,2,1,1,34.5,2.0,-inf,1.3018867924528303
0,32767,29,2,1,0,34.5,2.0,-inf,1.3018867924528303
0,32767,29,2,1,1,34.5,2.0,-inf,1.3018867924528303
0,32767,29,2,1,0,34.5,2.0,-inf,1.3018867924528303
0,32767,29,2,1,0,34.5,2.0,-inf,1.3018867924528303
0,32767,29,2,1,1,34.5,2.0,-inf,1.3018867924528303
0,32767,29,2,1,0,34.5,2.0,-inf,1.3018867924528303
0,32767,29,2,2,0,34.5,2.0,-inf,1.7692307692307694
0,32767,29,2,2,1,34.5,2.0,-inf,1.7692307692307694
0,32767,29,2,2,0,34.5,2.0,-inf,1.7692307692307694
0,32767,29,2,2,1,34.5,2.0,-inf,1.7692307692307694
0,32767,29,2,2,0,34.5,2.0,-inf,1.7692307692307694
0,32767,29,2,2,1,34.5,2.0,-inf,1.7692307692307694
0,32767,29,2,2,0,34.5,2.0,-inf,1.7692307692307694
0,32767,29,2,2,1,34.5,2.0,-inf,1.7692307692307694
0,32767,29,2,2,1,34.5,2.0,-inf,1.7692307692307694
0,32767,29,2,2,1,34.5,2.0,-inf,1.7692307692307694
0,32767,29,2,2,0,34.5,2.0,-inf,1.7692307692307694
0,32767,29,2,2,1,34.5,2.0,-inf,1.7692307692307694
0,32767,29,2,2,1,34.5,2.0,-inf,1.7692307692307694
0,32767,29,2,2,1,34.5,2.0,-inf,1.7692307692307694
0,32767,29,2,2,0,34.5,2.0,-inf,1.7692307692307694
0,32767,29,2,2,1,34.5,2.0,-inf,1.7692307692307694
0,32767,29,2,2,0,34.5,2.0,-inf,1.7692307692307694
0,32767,29,2,2,0,34.5,2.0,-inf,1.7692307692307694
0,32767,1,3,1,1,32.0,2.0,-inf,1.032258064516129
0,32767,1,3,1,1,32.0,2.0,-inf,1.032258064516129
0,32767,1,3,1,1,32.0,2.0,-inf,1.032258064516129
0,32767,1,3,1,1,32.0,2.0,-inf,1.032258064516129
0,32767,1,3,1,1,32.0,2.0,-inf,1.032258064516129
0,32767,1,3,1,0,32.0,2.0,-inf,1.032258064516129
0,32767,1,3,1,1,32.0,2.0,-inf,1.032258064516129
0,32767,1,3,1,0,32.0,2.0,-inf,1.032258064516129
0,32767,1,3,1,0,32.0,2.0,-inf,1.032258064516129
0,32767,1,3,1,1,32.0,2.0,-inf,1.032258064516129
0,32767,1,3,1,0,32.0,2.0,-inf,1.032258064516129
0,32767,1,3,1,0,32.0,2.0,-inf,1.032258064516129
0,32767,1,3,1,0,32.0,2.0,-inf,1.032258064516129
0,32767,1,3,1,0,32.0,2.0,-inf,1.032258064516129
0,32767,1,3,1,1,32.0,2.0,-inf,1.032258064516129
0,32767,1,3,1,0,32.0,2.0,-inf,1.032258064516129
0,32767,1,3,1,0,32.0,2.0,-inf,1.032258064516129
0,32767,1,3,1,1,32.0,2.0,-inf,1.032258064516129
0,32767,1,3,1,1,32.0,2.0,-inf,1.032258064516129
0,32767,1,3,1,0,32.0,2.0,-inf,1.032258064516129
0,32767,1,3,1,0,32.0,2.0,-inf,1.032258064516129
0,32767,1,3,1,1,32.0,2.0,-inf,1.032258064516129
0,32767,1,3,1,0,32.0,2.0,-inf,1.032258064516129
0,32767,1,3,1,0,32.0,2.0,-inf,1.032258064516129
0,32767,1,3,1,1,32.0,2.0,-inf,1.032258064516129
0,32767,1,3,1,1,32.0,2.0,-inf,1.032258064516129
0,32767,1,3,2,1,32.0,2.0,-inf,1.103448275862069
0,32767,1,3,2,1,32.0,2.0,-inf,1.103448275862069
0,32767,1,3,2,0,32.0,2.0,-inf,1.103448275862069
0,32767,1,3,2,0,32.0,2.0,-inf,1.103448275862069
0,32767,1,3,2,0,32.0,2.0,-inf,1.103448275862069
0,32767,1,3,2,1,32.0,2.0,-inf,1.103448275862069
0,32767,1,3,2,0,32.0,2.0,-inf,1.103448275862069
0,32767,1,3,2,0,32.0,2.0,-inf,1.103448275862069
0,32767,1,3,2,1,32.0,2.0,-inf,1.103448275862069
0,32767,1,3,2,1,32.0,2.0,-inf,1.103448275862069
0,32767,1,3,2,1,32.0,2.0,-inf,1.103448275862069
0,32767,1,3,2,0,32.0,2.0,-inf,1.103448275862069
0,32767,1,3,2,1,32.0,2.0,-inf,1.103448275862069
0,32767,1,3,2,0,32.0,2.0,-inf,1.103448275862069
0,32767,1,3,2,1,32.0,2.0,-inf,1.103448275862069
0,32767,1,3,2,1,32.0,2.0,-inf,1.103448275862069
0,32767,1,3,2,1,32.0,2.0,-inf,1.103448275862069
0,32767,1,3,2,1,32.0,2.0,-inf,1.103448275862069
0,32767,1,3,2,0,32.0,2.0,-inf,1.103448275862069
0,32767,1,3,2,0,32.0,2.0,-inf,1.103448275862069
0,32767,1,3,2,1,32.0,2.0,-inf,1.103448275862069
0,32767,1,3,2,0,32.0,2.0,-inf,1.103448275862069
0,32767,2,3,1,1,32.8,5.0,-inf,1.064935064935065
0,32767,2,3,1,0,32.8,5.0,-inf,1.064935064935065
0,32767,2,3,1,1,32.8,5.0,-inf,1.064935064935065
0,32767,2,3,1,1,32.8,5.0,-inf,1.064935064935065
0,32767,2,3,1,1,32.8,5.0,-inf,1.064935064935065
0,32767,2,3,1,1,32.8,5.0,-inf,1.064935064935065
0,32767,2,3,1,1,32.8,5.0,-inf,1.064935064935065
0,32767,2,3,1,0,32.8,5.0,-inf,1.064935064935065
0,32767,2,3,1,1,32.8,5.0,-inf,1.064935064935065
0,32767,2,3,1,1,32.8,5.0,-inf,1.064935064935065
0,32767,2,3,1,0,32.8,5.0,-inf,1.064935064935065
0,32767,2,3,1,0,32.8,5.0,-inf,1.064935064935065
0,32767,2,3,1,0,32.8,5.0,-inf,1.064935064935065
0,32767,2,3,1,0,32.8,5.0,-inf,1.064935064935065
0,32767,2,3,1,0,32.8,5.0,-inf,1.064935064935065
0,32767,2,3,1,1,32.8,5.0,-inf,1.064935064935065
0,32767,2,3,1,1,32.8,5.0,-inf,1.064935064935065
0,32767,2,3,1,0,32.8,5.0,-inf,1.064935064935065
0,32767,2,3,1,1,32.8,5.0,-inf,1.064935064935065
0,32767,2,3,1,0,32.8,5.0,-inf,1.064935064935065
0,32767,2,3,1,1,32.8,5.0,-inf,1.064935064935065
0,32767,2,3,1,0,32.8,5.0,-inf,1.064935064935065
0,32767,2,3,1,0,32.8,5.0,-inf,1.064935064935065
0,32767,2,3,1,1,32.8,5.0,-inf,1.064935064935065
0,32767,2,3,1,1,32.8,5.0,-inf,1.064935064935065
0,32767,2,3,1,0,32.8,5.0,-inf,1.064935064935065
0,32767,2,3,1,0,32.8,5.0,-inf,1.064935064935065
0,32767,2,3,1,0,32.8,5.0,-inf,1.064935064935065
0,32767,2,3,2,0,32.8,5.0,-inf,1.2238805970149254
0,32767,2,3,2,1,32.8,5.0,-inf,1.2238805970149254
0,32767,2,3,2,0,32.8,5.0,-inf,1.2238805970149254
0,32767,2,3,2,0,32.8,5.0,-inf,1.2238805970149254
0,32767,2,3,2,1,32.8,5.0,-inf,1.2238805970149254
0,32767,2,3,2,0,32.8,5.0,-inf,1.2238805970149254
0,32767,2,3,2,1,32.8,5.0,-inf,1.2238805970149254
0,32767,2,3,2,1,32.8,5.0,-inf,1.2238805970149254
0,32767,2,3,2,0,32.8,5.0,-inf,1.2238805970149254
0,32767,2,3,2,1,32.8,5.0,-inf,1.2238805970149254
0,32767,2,3,2,0,32.8,5.0,-inf,1.2238805970149254
0,32767,2,3,2,1,32.8,5.0,-inf,1.2238805970149254
0,32767,2,3,2,1,32.8,5.0,-inf,1.2238805970149254
0,32767,2,3,2,0,32.8,5.0,-inf,1.2238805970149254
0,32767,2,3,2,1,32.8,5.0,-inf,1.2238805970149254
0,32767,2,3,2,0,32.8,5.0,-inf,1.2238805970149254
0,32767,2,3,2,1,32.8,5.0,-inf,1.2238805970149254
0,32767,2,3,2,1,32.8,5.0,-inf,1.2238805970149254
0,32767,2,3,2,0,32.8,5.0,-inf,1.2238805970149254
0,32767,2,3,2,1,32.8,5.0,-inf,1.2238805970149254
0,32767,2,3,3,0,32.8,5.0,-inf,1.1388888888888888
0,32767,2,3,3,1,32.8,5.0,-inf,1.1388888888888888
0,32767,2,3,3,0,32.8,5.0,-inf,1.1388888888888888
0,32767,2,3,3,0,32.8,5.0,-inf,1.1388888888888888
0,32767,2,3,3,0,32.8,5.0,-inf,1.1388888888888888
0,32767,2,3,3,0,32.8,5.0,-inf,1.1388888888888888
0,32767,2,3,3,0,32.8,5.0,-inf,1.1388888888888888
0,32767,2,3,3,0,32.8,5.0,-inf,1.1388888888888888
0,32767,2,3,3,1,32.8,5.0,-inf,1.1388888888888888
0,32767,2,3,3,1,32.8,5.0,-inf,1.1388888888888888
0,32767,2,3,3,0,32.8,5.0,-inf,1.1388888888888888
0,32767,2,3,3,1,32.8,5.0,-inf,1.1388888888888888
0,32767,2,3,3,1,32.8,5.0,-inf,1.1388888888888888
0,32767,2,3,3,1,32.8,5.0,-inf,1.1388888888888888
0,32767,2,3,3,1,32.8,5.0,-inf,1.1388888888888888
0,32767,2,3,3,1,32.8,5.0,-inf,1.1388888888888888
0,32767,2,3,3,0,32.8,5.0,-inf,1.1388888888888888
0,32767,2,3,3,0,32.8,5.0,-inf,1.1388888888888888
0,32767,2,3,3,1,32.8,5.0,-inf,1.1388888888888888
0,32767,2,3,3,0,32.8,5.0,-inf,1.1388888888888888
0,32767,2,3,3,1,32.8,5.0,-inf,1.1388888888888888
0,32767,2,3,3,0,32.8,5.0,-inf,1.1388888888888888
0,32767,2,3,3,0,32.8,5.0,-inf,1.1388888888888888
0,32767,2,3,4,1,32.8,5.0,-inf,1.064935064935065
0,32767,2,3,4,0,32.8,5.0,-inf,1.064935064935065
0,32767,2,3,4,1,32.8,5.0,-inf,1.064935064935065
0,32767,2,3,4,1,32.8,5.0,-inf,1.064935064935065
0,32767,2,3,4,1,32.8,5.0,-inf,1.064935064935065
0,32767,2,3,4,1,32.8,5.0,-inf,1.064935064935065
0,32767,2,3,4,0,32.8,5.0,-inf,1.064935064935065
0,32767,2,3,4,1,32.8,5.0,-inf,1.064935064935065
0,32767,2,3,4,1,32.8,5.0,-inf,1.064935064935065
0,32767,2,3,4,1,32.8,5.0,-inf,1.064935064935065
0,32767,2,3,4,0,32.8,5.0,-inf,1.064935064935065
0,32767,2,3,4,1,32.8,5.0,-inf,1.064935064935065
0,32767,2,3,4,1,32.8,5.0,-inf,1.064935064935065
0,32767,2,3,4,0,32.8,5.0,-inf,1.064935064935065
0,32767,2,3,4,1,32.8,5.0,-inf,1.064935064935065
0,32767,2,3,4,0,32.8,5.0,-inf,1.064935064935065
0,32767,2,3,4,1,32.8,5.0,-inf,1.064935064935065
0,32767,2,3,4,1,32.8,5.0,-inf,1.064935064935065
0,32767,2,3,4,0,32.8,5.0,-inf,1.064935064935065
0,32767,2,3,4,1,32.8,5.0,-inf,1.064935064935065
0,32767,2,3,4,0,32.8,5.0,-inf,1.064935064935065
0,32767,2,3,4,0,32.8,5.0,-inf,1.064935064935065
0,32767,2,3,4,0,32.8,5.0,-inf,1.064935064935065
0,32767,2,3,4,0,32.8,5.0,-inf,1.064935064935065
0,32767,2,3,4,1,32.8,5.0,-inf,1.064935064935065
0,32767,2,3,4,0,32.8,5.0,-inf,1.064935064935065
0,32767,2,3,5,1,32.8,5.0,-inf,1.064935064935065
0,32767,2,3,5,1,32.8,5.0,-inf,1.064935064935065
0,32767,2,3,5,1,32.8,5.0,-inf,1.064935064935065
0,32767,2,3,5,1,32.8,5.0,-inf,1.064935064935065
0,32767,2,3,5,0,32.8,5.0,-inf,1.064935064935065
0,32767,2,3,5,0,32.8,5.0,-inf,1.064935064935065
0,32767,2,3,5,1,32.8,5.0,-inf,1.064935064935065
0,32767,2,3,5,0,32.8,5.0,-inf,1.064935064935065
0,32767,2,3,5,0,32.8,5.0,-inf,1.064935064935065
0,32767,2,3,5,1,32.8,5.0,-inf,1.064935064935065
0,32767,2,3,5,1,32.8,5.0,-inf,1.064935064935065
0,32767,2,3,5,1,32.8,5.0,-inf,1.064935064935065
0,32767,2,3,5,0,32.8,5.0,-inf,1.064935064935065
0,32767,2,3,5,0,32.8,5.0,-inf,1.064935064935065
0,32767,2,3,5,0,32.8,5.0,-inf,1.064935064935065
0,32767,2,3,5,0,32.8,5.0,-inf,1.064935064935065
0,32767,2,3,5,1,32.8,5.0,-inf,1.064935064935065
0,32767,2,3,5,0,32.8,5.0,-inf,1.064935064935065
0,32767,2,3,5,1,32.8,5.0,-inf,1.064935064935065
0,32767,2,3,5,0,32.8,5.0,-inf,1.064935064935065
0,32767,2,3,5,1,32.8,5.0,-inf,1.064935064935065
0,32767,2,3,5,0,32.8,5.0,-inf,1.064935064935065
0,32767,2,3,5,0,32.8,5.0,-inf,1.064935064935065
0,32767,2,3,5,0,32.8,5.0,-inf,1.064935064935065
0,32767,2,3,5,0,32.8,5.0,-inf,1.064935064935065
0,32767,3,3,1,1,7.0,1.0,-inf,1.0
0,32767,3,3,1,0,7.0,1.0,-inf,1.0
0,32767,3,3,1,1,7.0,1.0,-inf,1.0
0,32767,3,3,1,1,7.0,1.0,-inf,1.0
0,32767,4,3,1,0,27.0,1.0,-inf,1.7999999999999998
0,32767,4,3,1,1,27.0,1.0,-inf,1.7999999999999998
0,32767,4,3,1,0,27.0,1.0,-inf,1.7999999999999998
0,32767,4,3,1,0,27.0,1.0,-inf,1.7999999999999998
0,32767,4,3,1,0,27.0,1.0,-inf,1.7999999999999998
0,32767,4,3,1,0,27.0,1.0,-inf,1.7999999999999998
0,32767,4,3,1,0,27.0,1.0,-inf,1.7999999999999998
0,32767,4,3,1,0,27.0,1.0,-inf,1.7999999999999998
0,32767,4,3,1,1,27.0,1.0,-inf,1.7999999999999998
0,32767,4,3,1,0,27.0,1.0,-inf,1.7999999999999998
0,32767,5,3,1,1,6.0,0.5,-inf,1.2
0,32767,5,3,1,0,6.0,0.5,-inf,1.2
0,32767,6,3,1,0,24.0,2.0,-inf,1.2
0,32767,6,3,1,1,24.0,2.0,-inf,1.2
0,32767,6,3,1,1,24.0,2.0,-inf,1.2
0,32767,6,3,1,1,24.0,2.0,-inf,1.2
0,32767,6,3,1,1,24.0,2.0,-inf,1.2
0,32767,6,3,1,0,24.0,2.0,-inf,1.2
0,32767,6,3,1,0,24.0,2.0,-inf,1.2
0,32767,6,3,1,0,24.0,2.0,-inf,1.2
0,32767,6,3,1,0,24.0,2.0,-inf,1.2
0,32767,6,3,1,1,24.0,2.0,-inf,1.2
0,32767,6,3,1,1,24.0,2.0,-inf,1.2
0,32767,6,3,1,1,24.0,2.0,-inf,1.2
0,32767,6,3,1,0,24.0,2.0,-inf,1.2
0,32767,6,3,1,1,24.0,2.0,-inf,1.2
0,32767,6,3,1,1,24.0,2.0,-inf,1.2
0,32767,6,3,1,0,24.0,2.0,-inf,1.2
0,32767,6,3,1,1,24.0,2.0,-inf,1.2
0,32767,6,3,1,0,24.0,2.0,-inf,1.2
0,32767,6,3,1,1,24.0,2.0,-inf,1.2
0,32767,6,3,2,0,24.0,2.0,-inf,1.5
0,32767,6,3,2,0,24.0,2.0,-inf,1.5
0,32767,6,3,2,0,24.0,2.0,-inf,1.5
0,32767,6,3,2,1,24.0,2.0,-inf,1.5
0,32767,6,3,2,1,24.0,2.0,-inf,1.5
0,32767,6,3,2,1,24.0,2.0,-inf,1.5
0,32767,6,3,2,1,24.0,2.0,-inf,1.5
0,32767,6,3,2,1,24.0,2.0,-inf,1.5
0,32767,6,3,2,1,24.0,2.0,-inf,1.5
0,32767,6,3,2,0,24.0,2.0,-inf,1.5
0,32767,6,3,2,0,24.0,2.0,-inf,1.5
0,32767,6,3,2,1,24.0,2.0,-inf,1.5
0,32767,6,3,2,1,24.0,2.0,-inf,1.5
0,32767,6,3,2,0,24.0,2.0,-inf,1.5
0,32767,6,3,2,0,24.0,2.0,-inf,1.5
0,32767,7,3,1,1,27.75,4.0,-inf,1.0373831775700935
0,32767,7,3,1,1,27.75,4.0,-inf,1.0373831775700935
0,32767,7,3,1,0,27.75,4.0,-inf,1.0373831775700935
0,32767,7,3,1,0,27.75,4.0,-inf,1.0373831775700935
0,32767,7,3,1,0,27.75,4.0,-inf,1.0373831775700935
0,32767,7,3,1,1,27.75,4.0,-inf,1.0373831775700935
0,32767,7,3,1,0,27.75,4.0,-inf,1.0373831775700935
0,32767,7,3,1,0,27.75,4.0,-inf,1.0373831775700935
0,32767,7,3,1,0,27.75,4.0,-inf,1.0373831775700935
0,32767,7,3,1,1,27.75,4.0,-inf,1.0373831775700935
0,32767,7,3,1,1,27.75,4.0,-inf,1.0373831775700935
0,32767,7,3,1,0,27.75,4.0,-inf,1.0373831775700935
0,32767,7,3,1,1,27.75,4.0,-inf,1.0373831775700935
0,32767,7,3,1,0,27.75,4.0,-inf,1.0373831775700935
0,32767,7,3,1,0,27.75,4.0,-inf,1.0373831775700935
0,32767,7,3,1,1,27.75,4.0,-inf,1.0373831775700935
0,32767,7,3,1,0,27.75,4.0,-inf,1.0373831775700935
0,32767,7,3,1,0,27.75,4.0,-inf,1.0373831775700935
0,32767,7,3,1,0,27.75,4.0,-inf,1.0373831775700935
0,32767,7,3,1,1,27.75,4.0,-inf,1.0373831775700935
0,32767,7,3,1,0,27.75,4.0,-inf,1.0373831775700935
0,32767,7,3,1,0,27.75,4.0,-inf,1.0373831775700935
0,32767,7,3,2,1,27.75,4.0,-inf,1.0776699029126213
0,32767,7,3,2,1,27.75,4.0,-inf,1.0776699029126213
0,32767,7,3,2,0,27.75,4.0,-inf,1.0776699029126213
0,32767,7,3,2,1,27.75,4.0,-inf,1.0776699029126213
0,32767,7,3,2,1,27.75,4.0,-inf,1.0776699029126213
0,32767,7,3,2,1,27.75,4.0,-inf,1.0776699029126213
0,32767,7,3,2,0,27.75,4.0,-inf,1.0776699029126213
0,32767,7,3,2,0,27.75,4.0,-inf,1.0776699029126213
0,32767,7,3,2,0,27.75,4.0,-inf,1.0776699029126213
0,32767,7,3,2,0,27.75,4.0,-inf,1.0776699029126213
0,32767,7,3,2,1,27.75,4.0,-inf,1.0776699029126213
0,32767,7,3,2,0,27.75,4.0,-inf,1.0776699029126213
0,32767,7,3,2,0,27.75,4.0,-inf,1.0776699029126213
0,32767,7,3,2,0,27.75,4.0,-inf,1.0776699029126213
0,32767,7,3,2,0,27.75,4.0,-inf,1.0776699029126213
0,32767,7,3,2,1,27.75,4.0,-inf,1.0776699029126213
0,32767,7,3,2,0,27.75,4.0,-inf,1.0776699029126213
0,32767,7,3,2,0,27.75,4.0,-inf,1.0776699029126213
0,32767,7,3,2,0,27.75,4.0,-inf,1.0776699029126213
0,32767,7,3,2,1,27.75,4.0,-inf,1.0776699029126213
0,32767,7,3,2,1,27.75,4.0,-inf,1.0776699029126213
0,32767,7,3,3,0,27.75,4.0,-inf,1.3373493975903614
0,32767,7,3,3,0,27.75,4.0,-inf,1.3373493975903614
0,32767,7,3,3,0,27.75,4.0,-inf,1.3373493975903614
0,32767,7,3,3,0,27.75,4.0,-inf,1.3373493975903614
0,32767,7,3,3,0,27.75,4.0,-inf,1.3373493975903614
0,32767,7,3,3,0,27.75,4.0,-inf,1.3373493975903614
0,32767,7,3,3,1,27.75,4.0,-inf,1.3373493975903614
0,32767,7,3,3,1,27.75,4.0,-inf,1.3373493975903614
0,32767,7,3,3,1,27.75,4.0,-inf,1.3373493975903614
0,32767,7,3,3,0,27.75,4.0,-inf,1.3373493975903614
0,32767,7,3,3,0,27.75,4.0,-inf,1.3373493975903614
0,32767,7,3,3,0,27.75,4.0,-inf,1.3373493975903614
0,32767,7,3,3,0,27.75,4.0,-inf,1.3373493975903614
0,32767,7,3,3,1,27.75,4.0,-inf,1.3373493975903614
0,32767,7,3,3,1,27.75,4.0,-inf,1.3373493975903614
0,32767,7,3,4,1,27.75,4.0,-inf,1.3373493975903614
0,32767,7,3,4,0,27.75,4.0,-inf,1.3373493975903614
0,32767,7,3,4,1,27.75,4.0,-inf,1.3373493975903614
0,32767,7,3,4,1,27.75,4.0,-inf,1.3373493975903614
0,32767,7,3,4,0,27.75,4.0,-inf,1.3373493975903614
0,32767,7,3,4,0,27.75,4.0,-inf,1.3373493975903614
0,32767,7,3,4,0,27.75,4.0,-inf,1.3373493975903614
0,32767,7,3,4,1,27.75,4.0,-inf,1.3373493975903614
0,32767,7,3,4,0,27.75,4.0,-inf,1.3373493975903614
0,32767,7,3,4,1,27.75,4.0,-inf,1.3373493975903614
0,32767,7,3,4,0,27.75,4.0,-inf,1.3373493975903614
0,32767,7,3,4,1,27.75,4.0,-inf,1.3373493975903614
0,32767,7,3,4,1,27.75,4.0,-inf,1.3373493975903614
0,32767,7,3,4,0,27.75,4.0,-inf,1.3373493975903614
0,32767,7,3,4,0,27.75,4.0,-inf,1.3373493975903614
0,32767,8,3,1,1,31.75,4.0,-inf,1.1441441441441442
0,32767,8,3,1,0,31.75,4.0,-inf,1.1441441441441442
0,32767,8,3,1,1,31.75,4.0,-inf,1.1441441441441442
0,32767,8,3,1,0,31.75,4.0,-inf,1.1441441441441442
0,32767,8,3,1,0,31.75,4.0,-inf,1.1441441441441442
0,32767,8,3,1,0,31.75,4.0,-inf,1.1441441441441442
0,32767,8,3,1,0,31.75,4.0,-inf,1.1441441441441442
0,32767,8,3,1,0,31.75,4.0,-inf,1.1441441441441442
0,32767,8,3,1,1,31.75,4.0,-inf,1.1441441441441442
0,32767,8,3,1,0,31.75,4.0,-inf,1.1441441441441442
0,32767,8,3,1,0,31.75,4.0,-inf,1.1441441441441442
0,32767,8,3,1,1,31.75,4.0,-inf,1.1441441441441442
0,32767,8,3,1,1,31.75,4.0,-inf,1.1441441441441442
0,32767,8,3,1,0,31.75,4.0,-inf,1.1441441441441442
0,32767,8,3,1,0,31.75,4.0,-inf,1.1441441441441442
0,32767,8,3,1,0,31.75,4.0,-inf,1.1441441441441442
0,32767,8,3,1,0,31.75,4.0,-inf,1.1441441441441442
0,32767,8,3,1,0,31.75,4.0,-inf,1.1441441441441442
0,32767,8,3,1,0,31.75,4.0,-inf,1.1441441441441442
0,32767,8,3,1,1,31.75,4.0,-inf,1.1441441441441442
0,32767,8,3,1,1,31.75,4.0,-inf,1.1441441441441442
0,32767,8,3,1,1,31.75,4.0,-inf,1.1441441441441442
0,32767,8,3,1,1,31.75,4.0,-inf,1.1441441441441442
0,32767,8,3,1,0,31.75,4.0,-inf,1.1441441441441442
0,32767,8,3,1,1,31.75,4.0,-inf,1.1441441441441442
0,32767,8,3,1,1,31.75,4.0,-inf,1.1441441441441442
0,32767,8,3,1,1,31.75,4.0,-inf,1.1441441441441442
0,32767,8,3,1,1,31.75,4.0,-inf,1.1441441441441442
0,32767,8,3,1,0,31.75,4.0,-inf,1.1441441441441442
0,32767,8,3,2,0,31.75,4.0,-inf,2.015873015873016
0,32767,8,3,2,1,31.75,4.0,-inf,2.015873015873016
0,32767,8,3,2,1,31.75,4.0,-inf,2.015873015873016
0,32767,8,3,2,0,31.75,4.0,-inf,2.015873015873016
0,32767,8,3,2,1,31.75,4.0,-inf,2.015873015873016
0,32767,8,3,2,1,31.75,4.0,-inf,2.015873015873016
0,32767,8,3,2,0,31.75,4.0,-inf,2.015873015873016
0,32767,8,3,2,0,31.75,4.0,-inf,2.015873015873016
0,32767,8,3,2,0,31.75,4.0,-inf,2.015873015873016
0,32767,8,3,2,0,31.75,4.0,-inf,2.015873015873016
0,32767,8,3,3,1,31.75,4.0,-inf,1.530120481927711
0,32767,8,3,3,1,31.75,4.0,-inf,1.530120481927711
0,32767,8,3,3,1,31.75,4.0,-inf,1.530120481927711
0,32767,8,3,3,1,31.75,4.0,-inf,1.530120481927711
0,32767,8,3,3,0,31.75,4.0,-inf,1.530120481927711
0,32767,8,3,3,0,31.75,4.0,-inf,1.530120481927711
0,32767,8,3,3,0,31.75,4.0,-inf,1.530120481927711
0,32767,8,3,3,1,31.75,4.0,-inf,1.530120481927711
0,32767,8,3,3,0,31.75,4.0,-inf,1.530120481927711
0,32767,8,3,3,0,31.75,4.0,-inf,1.530120481927711
0,32767,8,3,3,1,31.75,4.0,-inf,1.530120481927711
0,32767,8,3,3,0,31.75,4.0,-inf,1.530120481927711
0,32767,8,3,3,0,31.75,4.0,-inf,1.530120481927711
0,32767,8,3,3,0,31.75,4.0,-inf,1.530120481927711
0,32767,8,3,3,1,31.75,4.0,-inf,1.530120481927711
0,32767,8,3,3,1,31.75,4.0,-inf,1.530120481927711
0,32767,8,3,3,0,31.75,4.0,-inf,1.530120481927711
0,32767,8,3,4,0,31.75,4.0,-inf,1.1441441441441442
0,32767,8,3,4,1,31.75,4.0,-inf,1.1441441441441442
0,32767,8,3,4,0,31.75,4.0,-inf,1.1441441441441442
0,32767,8,3,4,0,31.75,4.0,-inf,1.1441441441441442
0,32767,8,3,4,1,31.75,4.0,-inf,1.1441441441441442
0,32767,8,3,4,1,31.75,4.0,-inf,1.1441441441441442
0,32767,8,3,4,0,31.75,4.0,-inf,1.1441441441441442
0,32767,8,3,4,0,31.75,4.0,-inf,1.1441441441441442
0,32767,8,3,4,1,31.75,4.0,-inf,1.1441441441441442
0,32767,8,3,4,1,31.75,4.0,-inf,1.1441441441441442
0,32767,8,3,4,1,31.75,4.0,-inf,1.1441441441441442
0,32767,8,3,4,0,31.75,4.0,-inf,1.1441441441441442
0,32767,8,3,4,1,31.75,4.0,-inf,1.1441441441441442
0,32767,8,3,4,1,31.75,4.0,-inf,1.1441441441441442
0,32767,8,3,4,0,31.75,4.0,-inf,1.1441441441441442
0,32767,8,3,4,0,31.75,4.0,-inf,1.1441441441441442
0,32767,8,3,4,1,31.75,4.0,-inf,1.1441441441441442
0,32767,8,3,4,0,31.75,4.0,-inf,1.1441441441441442
0,32767,8,3,4,1,31.75,4.0,-inf,1.1441441441441442
0,32767,8,3,4,0,31.75,4.0,-inf,1.1441441441441442
0,32767,8,3,4,0,31.75,4.0,-inf,1.1441441441441442
0,32767,8,3,2,1,31.75,4.0,-inf,2.015873015873016
0,32767,9,3,1,0,30.399999999999995,5.0,-inf,1.034013605442177
0,32767,9,3,1,1,30.399999999999995,5.0,-inf,1.034013605442177
0,32767,9,3,1,1,30.399999999999995,5.0,-inf,1.034013605442177
0,32767,9,3,1,1,30.399999999999995,5.0,-inf,1.034013605442177
0,32767,9,3,1,1,30.399999999999995,5.0,-inf,1.034013605442177
0,32767,9,3,1,0,30.399999999999995,5.0,-inf,1.034013605442177
0,32767,9,3,1,1,30.399999999999995,5.0,-inf,1.034013605442177
0,32767,9,3,1,1,30.399999999999995,5.0,-inf,1.034013605442177
0,32767,9,3,1,1,30.399999999999995,5.0,-inf,1.034013605442177
0,32767,9,3,1,1,30.399999999999995,5.0,-inf,1.034013605442177
0,32767,9,3,1,0,30.399999999999995,5.0,-inf,1.034013605442177
0,32767,9,3,1,1,30.399999999999995,5.0,-inf,1.034013605442177
0,32767,9,3,1,0,30.399999999999995,5.0,-inf,1.034013605442177
0,32767,9,3,1,1,30.399999999999995,5.0,-inf,1.034013605442177
0,32767,9,3,1,0,30.399999999999995,5.0,-inf,1.034013605442177
0,32767,9,3,1,0,30.399999999999995,5.0,-inf,1.034013605442177
0,32767,9,3,1,0,30.399999999999995,5.0,-inf,1.034013605442177
0,32767,9,3,1,0,30.399999999999995,5.0,-inf,1.034013605442177
0,32767,9,3,1,1,30.399999999999995,5.0,-inf,1.034013605442177
0,32767,9,3,2,0,30.399999999999995,5.0,-inf,1.1515151515151514
0,32767,9,3,2,0,30.399999999999995,5.0,-inf,1.1515151515151514
0,32767,9,3,2,1,30.399999999999995,5.0,-inf,1.1515151515151514
0,32767,9,3,2,0,30.399999999999995,5.0,-inf,1.1515151515151514
0,32767,9,3,2,1,30.399999999999995,5.0,-inf,1.1515151515151514
0,32767,9,3,2,0,30.399999999999995,5.0,-inf,1.1515151515151514
0,32767,9,3,2,0,30.399999999999995,5.0,-inf,1.1515151515151514
0,32767,9,3,2,1,30.399999999999995,5.0,-inf,1.1515151515151514
0,32767,9,3,2,1,30.399999999999995,5.0,-inf,1.1515151515151514
0,32767,9,3,2,0,30.399999999999995,5.0,-inf,1.1515151515151514
0,32767,9,3,2,0,30.399999999999995,5.0,-inf,1.1515151515151514
0,32767,9,3,2,1,30.399999999999995,5.0,-inf,1.1515151515151514
0,32767,9,3,2,0,30.399999999999995,5.0,-inf,1.1515151515151514
0,32767,9,3,2,1,30.399999999999995,5.0,-inf,1.1515151515151514
0,32767,9,3,2,1,30.399999999999995,5.0,-inf,1.1515151515151514
0,32767,9,3,2,0,30.399999999999995,5.0,-inf,1.1515151515151514
0,32767,9,3,2,1,30.399999999999995,5.0,-inf,1.1515151515151514
0,32767,9,3,2,1,30.399999999999995,5.0,-inf,1.1515151515151514
0,32767,9,3,2,1,30.399999999999995,5.0,-inf,1.1515151515151514
0,32767,9,3,2,0,30.399999999999995,5.0,-inf,1.1515151515151514
0,32767,9,3,2,1,30.399999999999995,5.0,-inf,1.1515151515151514
0,32767,9,3,2,1,30.399999999999995,5.0,-inf,1.1515151515151514
0,32767,9,3,2,0,30.399999999999995,5.0,-inf,1.1515151515151514
0,32767,9,3,2,0,30.399999999999995,5.0,-inf,1.1515151515151514
0,32767,9,3,3,1,30.399999999999995,5.0,-inf,1.0704225352112675
0,32767,9,3,3,0,30.399999999999995,5.0,-inf,1.0704225352112675
0,32767,9,3,3,0,30.399999999999995,5.0,-inf,1.0704225352112675
0,32767,9,3,3,1,30.399999999999995,5.0,-inf,1.0704225352112675
0,32767,9,3,3,0,30.399999999999995,5.0,-inf,1.0704225352112675
0,32767,9,3,3,1,30.399999999999995,5.0,-inf,1.0704225352112675
0,32767,9,3,3,0,30.399999999999995,5.0,-inf,1.0704225352112675
0,32767,9,3,3,1,30.399999999999995,5.0,-inf,1.0704225352112675
0,32767,9,3,3,0,30.399999999999995,5.0,-inf,1.0704225352112675
0,32767,9,3,3,0,30.399999999999995,5.0,-inf,1.0704225352112675
0,32767,9,3,3,0,30.399999999999995,5.0,-inf,1.0704225352112675
0,32767,9,3,3,0,30.399999999999995,5.0,-inf,1.0704225352112675
0,32767,9,3,3,1,30.399999999999995,5.0,-inf,1.0704225352112675
0,32767,9,3,3,1,30.399999999999995,5.0,-inf,1.0704225352112675
0,32767,9,3,3,1,30.399999999999995,5.0,-inf,1.0704225352112675
0,32767,9,3,3,0,30.399999999999995,5.0,-inf,1.0704225352112675
0,32767,9,3,3,0,30.399999999999995,5.0,-inf,1.0704225352112675
0,32767,9,3,3,0,30.399999999999995,5.0,-inf,1.0704225352112675
0,32767,9,3,3,1,30.399999999999995,5.0,-inf,1.0704225352112675
0,32767,9,3,3,1,30.399999999999995,5.0,-inf,1.0704225352112675
0,32767,9,3,3,1,30.399999999999995,5.0,-inf,1.0704225352112675
0,32767,9,3,3,1,30.399999999999995,5.0,-inf,1.0704225352112675
0,32767,9,3,3,0,30.399999999999995,5.0,-inf,1.0704225352112675
0,32767,9,3,3,0,30.399999999999995,5.0,-inf,1.0704225352112675
0,32767,9,3,4,0,30.399999999999995,5.0,-inf,1.1968503937007875
0,32767,9,3,4,1,30.399999999999995,5.0,-inf,1.1968503937007875
0,32767,9,3,4,0,30.399999999999995,5.0,-inf,1.1968503937007875
0,32767,9,3,4,0,30.399999999999995,5.0,-inf,1.1968503937007875
0,32767,9,3,4,0,30.399999999999995,5.0,-inf,1.1968503937007875
0,32767,9,3,4,1,30.399999999999995,5.0,-inf,1.1968503937007875
0,32767,9,3,4,1,30.399999999999995,5.0,-inf,1.1968503937007875
0,32767,9,3,4,0,30.399999999999995,5.0,-inf,1.1968503937007875
0,32767,9,3,4,1,30.399999999999995,5.0,-inf,1.1968503937007875
0,32767,9,3,4,0,30.399999999999995,5.0,-inf,1.1968503937007875
0,32767,9,3,4,1,30.399999999999995,5.0,-inf,1.1968503937007875
0,32767,9,3,4,1,30.399999999999995,5.0,-inf,1.1968503937007875
0,32767,9,3,4,1,30.399999999999995,5.0,-inf,1.1968503937007875
0,32767,9,3,4,1,30.399999999999995,5.0,-inf,1.1968503937007875
0,32767,9,3,4,0,30.399999999999995,5.0,-inf,1.1968503937007875
0,32767,9,3,4,0,30.399999999999995,5.0,-inf,1.1968503937007875
0,32767,9,3,4,0,30.399999999999995,5.0,-inf,1.1968503937007875
0,32767,9,3,4,0,30.399999999999995,5.0,-inf,1.1968503937007875
0,32767,9,3,5,1,30.399999999999995,5.0,-inf,1.8536585365853657
0,32767,9,3,5,1,30.399999999999995,5.0,-inf,1.8536585365853657
0,32767,9,3,5,0,30.399999999999995,5.0,-inf,1.8536585365853657
0,32767,9,3,5,0,30.399999999999995,5.0,-inf,1.8536585365853657
0,32767,9,3,5,0,30.399999999999995,5.0,-inf,1.8536585365853657
0,32767,9,3,5,0,30.399999999999995,5.0,-inf,1.8536585365853657
0,32767,9,3,5,0,30.399999999999995,5.0,-inf,1.8536585365853657
0,32767,9,3,5,1,30.399999999999995,5.0,-inf,1.8536585365853657
0,32767,9,3,5,0,30.399999999999995,5.0,-inf,1.8536585365853657
0,32767,9,3,5,0,30.399999999999995,5.0,-inf,1.8536585365853657
0,32767,9,3,5,0,30.399999999999995,5.0,-inf,1.8536585365853657
0,32767,9,3,5,0,30.399999999999995,5.0,-inf,1.8536585365853657
0,32767,9,3,5,0,30.399999999999995,5.0,-inf,1.8536585365853657
0,32767,10,3,1,0,24.0,2.0,-inf,1.0434782608695652
0,32767,10,3,1,1,24.0,2.0,-inf,1.0434782608695652
0,32767,10,3,1,0,24.0,2.0,-inf,1.0434782608695652
0,32767,10,3,1,1,24.0,2.0,-inf,1.0434782608695652
0,32767,10,3,1,0,24.0,2.0,-inf,1.0434782608695652
0,32767,10,3,1,0,24.0,2.0,-inf,1.0434782608695652
0,32767,10,3,1,0,24.0,2.0,-inf,1.0434782608695652
0,32767,10,3,1,1,24.0,2.0,-inf,1.0434782608695652
0,32767,10,3,1,1,24.0,2.0,-inf,1.0434782608695652
0,32767,10,3,1,0,24.0,2.0,-inf,1.0434782608695652
0,32767,10,3,1,1,24.0,2.0,-inf,1.0434782608695652
0,32767,10,3,1,1,24.0,2.0,-inf,1.0434782608695652
0,32767,10,3,1,1,24.0,2.0,-inf,1.0434782608695652
0,32767,10,3,1,1,24.0,2.0,-inf,1.0434782608695652
0,32767,10,3,1,0,24.0,2.0,-inf,1.0434782608695652
0,32767,10,3,1,1,24.0,2.0,-inf,1.0434782608695652
0,32767,10,3,1,0,24.0,2.0,-inf,1.0434782608695652
0,32767,10,3,1,0,24.0,2.0,-inf,1.0434782608695652
0,32767,10,3,1,1,24.0,2.0,-inf,1.0434782608695652
0,32767,10,3,1,1,24.0,2.0,-inf,1.0434782608695652
0,32767,10,3,1,0,24.0,2.0,-inf,1.0434782608695652
0,32767,10,3,2,1,24.0,2.0,-inf,1.090909090909091
0,32767,10,3,2,1,24.0,2.0,-inf,1.090909090909091
0,32767,10,3,2,0,24.0,2.0,-inf,1.090909090909091
0,32767,10,3,2,0,24.0,2.0,-inf,1.090909090909091
0,32767,10,3,2,0,24.0,2.0,-inf,1.090909090909091
0,32767,10,3,2,1,24.0,2.0,-inf,1.090909090909091
0,32767,10,3,2,0,24.0,2.0,-inf,1.090909090909091
0,32767,10,3,2,1,24.0,2.0,-inf,1.090909090909091
0,32767,10,3,2,1,24.0,2.0,-inf,1.090909090909091
0,32767,10,3,2,1,24.0,2.0,-inf,1.090909090909091
0,32767,10,3,2,1,24.0,2.0,-inf,1.090909090909091
0,32767,10,3,2,1,24.0,2.0,-inf,1.090909090909091
0,32767,10,3,2,0,24.0,2.0,-inf,1.090909090909091
0,32767,10,3,2,0,24.0,2.0,-inf,1.090909090909091
0,32767,10,3,2,0,24.0,2.0,-inf,1.090909090909091
0,32767,10,3,2,0,24.0,2.0,-inf,1.090909090909091
0,32767,10,3,2,0,24.0,2.0,-inf,1.090909090909091
0,32767,10,3,2,1,24.0,2.0,-inf,1.090909090909091
0,32767,10,3,2,0,24.0,2.0,-inf,1.090909090909091
0,32767,11,3,1,1,30.2,5.0,-inf,1.0342465753424657
0,32767,11,3,1,0,30.2,5.0,-inf,1.0342465753424657
0,32767,11,3,1,1,30.2,5.0,-inf,1.0342465753424657
0,32767,11,3,1,1,30.2,5.0,-inf,1.0342465753424657
0,32767,11,3,1,1,30.2,5.0,-inf,1.0342465753424657
0,32767,11,3,1,0,30.2,5.0,-inf,1.0342465753424657
0,32767,11,3,1,1,30.2,5.0,-inf,1.0342465753424657
0,32767,11,3,1,0,30.2,5.0,-inf,1.0342465753424657
0,32767,11,3,1,0,30.2,5.0,-inf,1.0342465753424657
0,32767,11,3,1,1,30.2,5.0,-inf,1.0342465753424657
0,32767,11,3,1,1,30.2,5.0,-inf,1.0342465753424657
0,32767,11,3,1,0,30.2,5.0,-inf,1.0342465753424657
0,32767,11,3,1,1,30.2,5.0,-inf,1.0342465753424657
0,32767,11,3,1,1,30.2,5.0,-inf,1.0342465753424657
0,32767,11,3,1,1,30.2,5.0,-inf,1.0342465753424657
0,32767,11,3,1,1,30.2,5.0,-inf,1.0342465753424657
0,32767,11,3,1,0,30.2,5.0,-inf,1.0342465753424657
0,32767,11,3,1,0,30.2,5.0,-inf,1.0342465753424657
0,32767,11,3,1,0,30.2,5.0,-inf,1.0342465753424657
0,32767,11,3,1,1,30.2,5.0,-inf,1.0342465753424657
0,32767,11,3,1,1,30.2,5.0,-inf,1.0342465753424657
0,32767,11,3,1,0,30.2,5.0,-inf,1.0342465753424657
0,32767,11,3,1,0,30.2,5.0,-inf,1.0342465753424657
0,32767,11,3,2,1,30.2,5.0,-inf,1.1984126984126984
0,32767,11,3,2,0,30.2,5.0,-inf,1.1984126984126984
0,32767,11,3,2,0,30.2,5.0,-inf,1.1984126984126984
0,32767,11,3,2,1,30.2,5.0,-inf,1.1984126984126984
0,32767,11,3,2,0,30.2,5.0,-inf,1.1984126984126984
0,32767,11,3,2,1,30.2,5.0,-inf,1.1984126984126984
0,32767,11,3,2,0,30.2,5.0,-inf,1.1984126984126984
0,32767,11,3,2,0,30.2,5.0,-inf,1.1984126984126984
0,32767,11,3,2,1,30.2,5.0,-inf,1.1984126984126984
0,32767,11,3,2,0,30.2,5.0,-inf,1.1984126984126984
0,32767,11,3,2,0,30.2,5.0,-inf,1.1984126984126984
0,32767,11,3,2,1,30.2,5.0,-inf,1.1984126984126984
0,32767,11,3,2,1,30.2,5.0,-inf,1.1984126984126984
0,32767,11,3,2,1,30.2,5.0,-inf,1.1984126984126984
0,32767,11,3,2,0,30.2,5.0,-inf,1.1984126984126984
0,32767,11,3,2,1,30.2,5.0,-inf,1.1984126984126984
0,32767,11,3,2,1,30.2,5.0,-inf,1.1984126984126984
0,32767,11,3,3,1,30.2,5.0,-inf,1.3017241379310345
0,32767,11,3,3,1,30.2,5.0,-inf,1.3017241379310345
0,32767,11,3,3,0,30.2,5.0,-inf,1.3017241379310345
0,32767,11,3,3,1,30.2,5.0,-inf,1.3017241379310345
0,32767,11,3,3,0,30.2,5.0,-inf,1.3017241379310345
0,32767,11,3,3,1,30.2,5.0,-inf,1.3017241379310345
0,32767,11,3,3,1,30.2,5.0,-inf,1.3017241379310345
0,32767,11,3,3,1,30.2,5.0,-inf,1.3017241379310345
0,32767,11,3,3,1,30.2,5.0,-inf,1.3017241379310345
0,32767,11,3,3,0,30.2,5.0,-inf,1.3017241379310345
0,32767,11,3,3,1,30.2,5.0,-inf,1.3017241379310345
0,32767,11,3,3,0,30.2,5.0,-inf,1.3017241379310345
0,32767,11,3,3,0,30.2,5.0,-inf,1.3017241379310345
0,32767,11,3,3,1,30.2,5.0,-inf,1.3017241379310345
0,32767,11,3,3,1,30.2,5.0,-inf,1.3017241379310345
0,32767,11,3,4,0,30.2,5.0,-inf,1.1102941176470587
0,32767,11,3,4,0,30.2,5.0,-inf,1.1102941176470587
0,32767,11,3,4,1,30.2,5.0,-inf,1.1102941176470587
0,32767,11,3,4,1,30.2,5.0,-inf,1.1102941176470587
0,32767,11,3,4,1,30.2,5.0,-inf,1.1102941176470587
0,32767,11,3,4,0,30.2,5.0,-inf,1.1102941176470587
0,32767,11,3,4,1,30.2,5.0,-inf,1.1102941176470587
0,32767,11,3,4,0,30.2,5.0,-inf,1.1102941176470587
0,32767,11,3,4,0,30.2,5.0,-inf,1.1102941176470587
0,32767,11,3,4,1,30.2,5.0,-inf,1.1102941176470587
0,32767,11,3,4,0,30.2,5.0,-inf,1.1102941176470587
0,32767,11,3,4,1,30.2,5.0,-inf,1.1102941176470587
0,32767,11,3,4,1,30.2,5.0,-inf,1.1102941176470587
0,32767,11,3,4,0,30.2,5.0,-inf,1.1102941176470587
0,32767,11,3,4,0,30.2,5.0,-inf,1.1102941176470587
0,32767,11,3,4,1,30.2,5.0,-inf,1.1102941176470587
0,32767,11,3,5,0,30.2,5.0,-inf,1.1102941176470587
0,32767,11,3,5,1,30.2,5.0,-inf,1.1102941176470587
0,32767,11,3,5,1,30.2,5.0,-inf,1.1102941176470587
0,32767,11,3,5,0,30.2,5.0,-inf,1.1102941176470587
0,32767,11,3,5,1,30.2,5.0,-inf,1.1102941176470587
0,32767,11,3,5,1,30.2,5.0,-inf,1.1102941176470587
0,32767,11,3,5,0,30.2,5.0,-inf,1.1102941176470587
0,32767,11,3,5,1,30.2,5.0,-inf,1.1102941176470587
0,32767,11,3,5,1,30.2,5.0,-inf,1.1102941176470587
0,32767,11,3,5,0,30.2,5.0,-inf,1.1102941176470587
0,32767,11,3,5,0,30.2,5.0,-inf,1.1102941176470587
0,32767,11,3,5,1,30.2,5.0,-inf,1.1102941176470587
0,32767,11,3,5,1,30.2,5.0,-inf,1.1102941176470587
0,32767,11,3,5,1,30.2,5.0,-inf,1.1102941176470587
0,32767,11,3,5,0,30.2,5.0,-inf,1.1102941176470587
0,32767,11,3,5,0,30.2,5.0,-inf,1.1102941176470587
0,32767,11,3,5,0,30.2,5.0,-inf,1.1102941176470587
0,32767,12,3,1,0,29.0,1.0,-inf,1.7058823529411766
0,32767,12,3,1,0,29.0,1.0,-inf,1.7058823529411766
0,32767,12,3,1,0,29.0,1.0,-inf,1.7058823529411766
0,32767,12,3,1,0,29.0,1.0,-inf,1.7058823529411766
0,32767,12,3,1,0,29.0,1.0,-inf,1.7058823529411766
0,32767,12,3,1,0,29.0,1.0,-inf,1.7058823529411766
0,32767,12,3,1,0,29.0,1.0,-inf,1.7058823529411766
0,32767,12,3,1,1,29.0,1.0,-inf,1.7058823529411766
0,32767,12,3,1,1,29.0,1.0,-inf,1.7058823529411766
0,32767,12,3,1,0,29.0,1.0,-inf,1.7058823529411766
0,32767,12,3,1,0,29.0,1.0,-inf,1.7058823529411766
0,32767,12,3,1,1,29.0,1.0,-inf,1.7058823529411766
0,32767,12,3,1,1,29.0,1.0,-inf,1.7058823529411766
0,32767,13,3,1,0,27.333333333333332,3.0,-inf,1.5769230769230769
0,32767,13,3,1,1,27.333333333333332,3.0,-inf,1.5769230769230769
0,32767,13,3,1,1,27.333333333333332,3.0,-inf,1.5769230769230769
0,32767,13,3,1,0,27.333333333333332,3.0,-inf,1.5769230769230769
0,32767,13,3,1,1,27.333333333333332,3.0,-inf,1.5769230769230769
0,32767,13,3,1,0,27.333333333333332,3.0,-inf,1.5769230769230769
0,32767,13,3,1,0,27.333333333333332,3.0,-inf,1.5769230769230769
0,32767,13,3,1,1,27.333333333333332,3.0,-inf,1.5769230769230769
0,32767,13,3,1,0,27.333333333333332,3.0,-inf,1.5769230769230769
0,32767,13,3,1,1,27.333333333333332,3.0,-inf,1.5769230769230769
0,32767,13,3,1,1,27.333333333333332,3.0,-inf,1.5769230769230769
0,32767,13,3,1,1,27.333333333333332,3.0,-inf,1.5769230769230769
0,32767,13,3,1,1,27.333333333333332,3.0,-inf,1.5769230769230769
0,32767,13,3,1,0,27.333333333333332,3.0,-inf,1.5769230769230769
0,32767,13,3,1,0,27.333333333333332,3.0,-inf,1.5769230769230769
0,32767,13,3,1,0,27.333333333333332,3.0,-inf,1.5769230769230769
0,32767,13,3,2,1,27.333333333333332,3.0,-inf,1.1714285714285715
0,32767,13,3,2,1,27.333333333333332,3.0,-inf,1.1714285714285715
0,32767,13,3,2,1,27.333333333333332,3.0,-inf,1.1714285714285715
0,32767,13,3,2,1,27.333333333333332,3.0,-inf,1.1714285714285715
0,32767,13,3,2,0,27.333333333333332,3.0,-inf,1.1714285714285715
0,32767,13,3,2,1,27.333333333333332,3.0,-inf,1.1714285714285715
0,32767,13,3,2,0,27.333333333333332,3.0,-inf,1.1714285714285715
0,32767,13,3,2,1,27.333333333333332,3.0,-inf,1.1714285714285715
0,32767,13,3,2,0,27.333333333333332,3.0,-inf,1.1714285714285715
0,32767,13,3,2,1,27.333333333333332,3.0,-inf,1.1714285714285715
0,32767,13,3,2,1,27.333333333333332,3.0,-inf,1.1714285714285715
0,32767,13,3,2,0,27.333333333333332,3.0,-inf,1.1714285714285715
0,32767,13,3,2,1,27.333333333333332,3.0,-inf,1.1714285714285715
0,32767,13,3,2,0,27.333333333333332,3.0,-inf,1.1714285714285715
0,32767,13,3,2,0,27.333333333333332,3.0,-inf,1.1714285714285715
0,32767,13,3,2,0,27.333333333333332,3.0,-inf,1.1714285714285715
0,32767,13,3,2,1,27.333333333333332,3.0,-inf,1.1714285714285715
0,32767,13,3,2,1,27.333333333333332,3.0,-inf,1.1714285714285715
0,32767,13,3,2,1,27.333333333333332,3.0,-inf,1.1714285714285715
0,32767,13,3,2,1,27.333333333333332,3.0,-inf,1.1714285714285715
0,32767,13,3,2,0,27.333333333333332,3.0,-inf,1.1714285714285715
0,32767,13,3,2,1,27.333333333333332,3.0,-inf,1.1714285714285715
0,32767,13,3,3,1,27.333333333333332,3.0,-inf,1.1714285714285715
0,32767,13,3,3,0,27.333333333333332,3.0,-inf,1.1714285714285715
0,32767,13,3,3,1,27.333333333333332,3.0,-inf,1.1714285714285715
0,32767,13,3,3,1,27.333333333333332,3.0,-inf,1.1714285714285715
0,32767,13,3,3,1,27.333333333333332,3.0,-inf,1.1714285714285715
0,32767,13,3,3,1,27.333333333333332,3.0,-inf,1.1714285714285715
0,32767,13,3,3,1,27.333333333333332,3.0,-inf,1.1714285714285715
0,32767,13,3,3,1,27.333333333333332,3.0,-inf,1.1714285714285715
0,32767,13,3,3,1,27.333333333333332,3.0,-inf,1.1714285714285715
0,32767,13,3,3,0,27.333333333333332,3.0,-inf,1.1714285714285715
0,32767,13,3,3,1,27.333333333333332,3.0,-inf,1.1714285714285715
0,32767,13,3,3,0,27.333333333333332,3.0,-inf,1.1714285714285715
0,32767,13,3,3,0,27.333333333333332,3.0,-inf,1.1714285714285715
0,32767,13,3,3,0,27.333333333333332,3.0,-inf,1.1714285714285715
0,32767,13,3,3,1,27.333333333333332,3.0,-inf,1.1714285714285715
0,32767,13,3,3,0,27.333333333333332,3.0,-inf,1.1714285714285715
0,32767,13,3,3,0,27.333333333333332,3.0,-inf,1.1714285714285715
0,32767,14,3,1,0,30.25,4.0,-inf,1.110091743119266
0,32767,14,3,1,0,30.25,4.0,-inf,1.110091743119266
0,32767,14,3,1,1,30.25,4.0,-inf,1.110091743119266
0,32767,14,3,1,0,30.25,4.0,-inf,1.110091743119266
0,32767,14,3,1,0,30.25,4.0,-inf,1.110091743119266
0,32767,14,3,1,1,30.25,4.0,-inf,1.110091743119266
0,32767,14,3,1,1,30.25,4.0,-inf,1.110091743119266
0,32767,14,3,1,0,30.25,4.0,-inf,1.110091743119266
0,32767,14,3,1,1,30.25,4.0,-inf,1.110091743119266
0,32767,14,3,1,0,30.25,4.0,-inf,1.110091743119266
0,32767,14,3,1,0,30.25,4.0,-inf,1.110091743119266
0,32767,14,3,1,1,30.25,4.0,-inf,1.110091743119266
0,32767,14,3,1,1,30.25,4.0,-inf,1.110091743119266
0,32767,14,3,1,0,30.25,4.0,-inf,1.110091743119266
0,32767,14,3,1,0,30.25,4.0,-inf,1.110091743119266
0,32767,14,3,1,1,30.25,4.0,-inf,1.110091743119266
0,32767,14,3,1,1,30.25,4.0,-inf,1.110091743119266
0,32767,14,3,1,1,30.25,4.0,-inf,1.110091743119266
0,32767,14,3,2,1,30.25,4.0,-inf,1.110091743119266
0,32767,14,3,2,0,30.25,4.0,-inf,1.110091743119266
0,32767,14,3,2,0,30.25,4.0,-inf,1.110091743119266
0,32767,14,3,2,1,30.25,4.0,-inf,1.110091743119266
0,32767,14,3,2,0,30.25,4.0,-inf,1.110091743119266
0,32767,14,3,2,1,30.25,4.0,-inf,1.110091743119266
0,32767,14,3,2,1,30.25,4.0,-inf,1.110091743119266
0,32767,14,3,2,1,30.25,4.0,-inf,1.110091743119266
0,32767,14,3,2,0,30.25,4.0,-inf,1.110091743119266
0,32767,14,3,2,0,30.25,4.0,-inf,1.110091743119266
0,32767,14,3,2,0,30.25,4.0,-inf,1.110091743119266
0,32767,14,3,2,1,30.25,4.0,-inf,1.110091743119266
0,32767,14,3,2,0,30.25,4.0,-inf,1.110091743119266
0,32767,14,3,2,0,30.25,4.0,-inf,1.110091743119266
0,32767,14,3,2,1,30.25,4.0,-inf,1.110091743119266
0,32767,14,3,2,0,30.25,4.0,-inf,1.110091743119266
0,32767,14,3,2,1,30.25,4.0,-inf,1.110091743119266
0,32767,14,3,3,1,30.25,4.0,-inf,1.198019801980198
0,32767,14,3,3,1,30.25,4.0,-inf,1.198019801980198
0,32767,14,3,3,1,30.25,4.0,-inf,1.198019801980198
0,32767,14,3,3,0,30.25,4.0,-inf,1.198019801980198
0,32767,14,3,3,0,30.25,4.0,-inf,1.198019801980198
0,32767,14,3,3,0,30.25,4.0,-inf,1.198019801980198
0,32767,14,3,3,0,30.25,4.0,-inf,1.198019801980198
0,32767,14,3,3,0,30.25,4.0,-inf,1.198019801980198
0,32767,14,3,3,1,30.25,4.0,-inf,1.198019801980198
0,32767,14,3,3,0,30.25,4.0,-inf,1.198019801980198
0,32767,14,3,3,1,30.25,4.0,-inf,1.198019801980198
0,32767,14,3,3,1,30.25,4.0,-inf,1.198019801980198
0,32767,14,3,3,1,30.25,4.0,-inf,1.198019801980198
0,32767,14,3,3,0,30.25,4.0,-inf,1.198019801980198
0,32767,14,3,3,0,30.25,4.0,-inf,1.198019801980198
0,32767,14,3,3,0,30.25,4.0,-inf,1.198019801980198
0,32767,14,3,3,1,30.25,4.0,-inf,1.198019801980198
0,32767,14,3,3,0,30.25,4.0,-inf,1.198019801980198
0,32767,14,3,3,1,30.25,4.0,-inf,1.198019801980198
0,32767,14,3,3,0,30.25,4.0,-inf,1.198019801980198
0,32767,14,3,4,1,30.25,4.0,-inf,1.6575342465753424
0,32767,14,3,4,1,30.25,4.0,-inf,1.6575342465753424
0,32767,14,3,4,1,30.25,4.0,-inf,1.6575342465753424
0,32767,14,3,4,0,30.25,4.0,-inf,1.6575342465753424
0,32767,14,3,4,1,30.25,4.0,-inf,1.6575342465753424
0,32767,14,3,4,1,30.25,4.0,-inf,1.6575342465753424
0,32767,14,3,4,1,30.25,4.0,-inf,1.6575342465753424
0,32767,14,3,4,1,30.25,4.0,-inf,1.6575342465753424
0,32767,14,3,4,1,30.25,4.0,-inf,1.6575342465753424
0,32767,14,3,4,1,30.25,4.0,-inf,1.6575342465753424
0,32767,14,3,4,0,30.25,4.0,-inf,1.6575342465753424
0,32767,14,3,2,0,30.25,4.0,-inf,1.110091743119266
0,32767,15,3,1,1,30.0,2.0,-inf,1.1538461538461537
0,32767,15,3,1,1,30.0,2.0,-inf,1.1538461538461537
0,32767,15,3,1,1,30.0,2.0,-inf,1.1538461538461537
0,32767,15,3,1,1,30.0,2.0,-inf,1.1538461538461537
0,32767,15,3,1,1,30.0,2.0,-inf,1.1538461538461537
0,32767,15,3,1,0,30.0,2.0,-inf,1.1538461538461537
0,32767,15,3,1,1,30.0,2.0,-inf,1.1538461538461537
0,32767,15,3,1,1,30.0,2.0,-inf,1.1538461538461537
0,32767,15,3,1,1,30.0,2.0,-inf,1.1538461538461537
0,32767,15,3,1,1,30.0,2.0,-inf,1.1538461538461537
0,32767,15,3,1,1,30.0,2.0,-inf,1.1538461538461537
0,32767,15,3,1,0,30.0,2.0,-inf,1.1538461538461537
0,32767,15,3,1,1,30.0,2.0,-inf,1.1538461538461537
0,32767,15,3,1,1,30.0,2.0,-inf,1.1538461538461537
0,32767,15,3,1,1,30.0,2.0,-inf,1.1538461538461537
0,32767,15,3,1,1,30.0,2.0,-inf,1.1538461538461537
0,32767,15,3,2,1,30.0,2.0,-inf,1.1111111111111112
0,32767,15,3,2,0,30.0,2.0,-inf,1.1111111111111112
0,32767,15,3,2,0,30.0,2.0,-inf,1.1111111111111112
0,32767,15,3,2,1,30.0,2.0,-inf,1.1111111111111112
0,32767,15,3,2,0,30.0,2.0,-inf,1.1111111111111112
0,32767,15,3,2,1,30.0,2.0,-inf,1.1111111111111112
0,32767,15,3,2,0,30.0,2.0,-inf,1.1111111111111112
0,32767,15,3,2,1,30.0,2.0,-inf,1.1111111111111112
0,32767,15,3,2,1,30.0,2.0,-inf,1.1111111111111112
0,32767,15,3,2,1,30.0,2.0,-inf,1.1111111111111112
0,32767,15,3,2,1,30.0,2.0,-inf,1.1111111111111112
0,32767,15,3,2,1,30.0,2.0,-inf,1.1111111111111112
0,32767,15,3,2,1,30.0,2.0,-inf,1.1111111111111112
0,32767,15,3,2,1,30.0,2.0,-inf,1.1111111111111112
0,32767,15,3,2,0,30.0,2.0,-inf,1.1111111111111112
0,32767,15,3,2,1,30.0,2.0,-inf,1.1111111111111112
0,32767,15,3,2,1,30.0,2.0,-inf,1.1111111111111112
0,32767,15,3,2,0,30.0,2.0,-inf,1.1111111111111112
0,32767,15,3,2,0,30.0,2.0,-inf,1.1111111111111112
0,32767,15,3,2,1,30.0,2.0,-inf,1.1111111111111112
0,32767,16,3,1,1,32.0,3.0,-inf,1.1428571428571428
0,32767,16,3,1,1,32.0,3.0,-inf,1.1428571428571428
0,32767,16,3,1,0,32.0,3.0,-inf,1.1428571428571428
0,32767,16,3,1,0,32.0,3.0,-inf,1.1428571428571428
0,32767,16,3,1,1,32.0,3.0,-inf,1.1428571428571428
0,32767,16,3,1,0,32.0,3.0,-inf,1.1428571428571428
0,32767,16,3,1,0,32.0,3.0,-inf,1.1428571428571428
0,32767,16,3,1,1,32.0,3.0,-inf,1.1428571428571428
0,32767,16,3,1,1,32.0,3.0,-inf,1.1428571428571428
0,32767,16,3,1,0,32.0,3.0,-inf,1.1428571428571428
0,32767,16,3,1,0,32.0,3.0,-inf,1.1428571428571428
0,32767,16,3,1,1,32.0,3.0,-inf,1.1428571428571428
0,32767,16,3,1,1,32.0,3.0,-inf,1.1428571428571428
0,32767,16,3,1,1,32.0,3.0,-inf,1.1428571428571428
0,32767,16,3,1,1,32.0,3.0,-inf,1.1428571428571428
0,32767,16,3,1,1,32.0,3.0,-inf,1.1428571428571428
0,32767,16,3,1,0,32.0,3.0,-inf,1.1428571428571428
0,32767,16,3,1,0,32.0,3.0,-inf,1.1428571428571428
0,32767,16,3,1,0,32.0,3.0,-inf,1.1428571428571428
0,32767,16,3,1,1,32.0,3.0,-inf,1.1428571428571428
0,32767,16,3,1,1,32.0,3.0,-inf,1.1428571428571428
0,32767,16,3,2,1,32.0,3.0,-inf,1.4545454545454546
0,32767,16,3,2,1,32.0,3.0,-inf,1.4545454545454546
0,32767,16,3,2,1,32.0,3.0,-inf,1.4545454545454546
0,32767,16,3,2,0,32.0,3.0,-inf,1.4545454545454546
0,32767,16,3,2,0,32.0,3.0,-inf,1.4545454545454546
0,32767,16,3,2,0,32.0,3.0,-inf,1.4545454545454546
0,32767,16,3,2,0,32.0,3.0,-inf,1.4545454545454546
0,32767,16,3,2,0,32.0,3.0,-inf,1.4545454545454546
0,32767,16,3,2,0,32.0,3.0,-inf,1.4545454545454546
0,32767,16,3,2,0,32.0,3.0,-inf,1.4545454545454546
0,32767,16,3,2,1,32.0,3.0,-inf,1.4545454545454546
0,32767,16,3,2,1,32.0,3.0,-inf,1.4545454545454546
0,32767,16,3,2,1,32.0,3.0,-inf,1.4545454545454546
0,32767,16,3,2,0,32.0,3.0,-inf,1.4545454545454546
0,32767,16,3,2,1,32.0,3.0,-inf,1.4545454545454546
0,32767,16,3,2,1,32.0,3.0,-inf,1.4545454545454546
0,32767,16,3,3,0,32.0,3.0,-inf,1.28
0,32767,16,3,3,1,32.0,3.0,-inf,1.28
0,32767,16,3,3,0,32.0,3.0,-inf,1.28
0,32767,16,3,3,1,32.0,3.0,-inf,1.28
0,32767,16,3,3,1,32.0,3.0,-inf,1.28
0,32767,16,3,3,1,32.0,3.0,-inf,1.28
0,32767,16,3,3,1,32.0,3.0,-inf,1.28
0,32767,16,3,3,0,32.0,3.0,-inf,1.28
0,32767,16,3,3,0,32.0,3.0,-inf,1.28
0,32767,16,3,3,0,32.0,3.0,-inf,1.28
0,32767,16,3,3,0,32.0,3.0,-inf,1.28
0,32767,16,3,3,1,32.0,3.0,-inf,1.28
0,32767,16,3,3,1,32.0,3.0,-inf,1.28
0,32767,16,3,3,1,32.0,3.0,-inf,1.28
0,32767,16,3,3,0,32.0,3.0,-inf,1.28
0,32767,16,3,3,1,32.0,3.0,-inf,1.28
0,32767,16,3,3,1,32.0,3.0,-inf,1.28
0,32767,16,3,3,1,32.0,3.0,-inf,1.28
0,32767,17,3,1,1,30.0,4.0,-inf,1.5
0,32767,17,3,1,1,30.0,4.0,-inf,1.5
0,32767,17,3,1,1,30.0,4.0,-inf,1.5
0,32767,17,3,1,0,30.0,4.0,-inf,1.5
0,32767,17,3,1,1,30.0,4.0,-inf,1.5
0,32767,17,3,1,0,30.0,4.0,-inf,1.5
0,32767,17,3,1,1,30.0,4.0,-inf,1.5
0,32767,17,3,1,0,30.0,4.0,-inf,1.5
0,32767,17,3,1,0,30.0,4.0,-inf,1.5
0,32767,17,3,1,0,30.0,4.0,-inf,1.5
0,32767,17,3,1,0,30.0,4.0,-inf,1.5
0,32767,17,3,1,1,30.0,4.0,-inf,1.5
0,32767,17,3,1,1,30.0,4.0,-inf,1.5
0,32767,17,3,1,1,30.0,4.0,-inf,1.5
0,32767,17,3,1,1,30.0,4.0,-inf,1.5
0,32767,17,3,1,1,30.0,4.0,-inf,1.5
0,32767,17,3,1,0,30.0,4.0,-inf,1.5
0,32767,17,3,2,0,30.0,4.0,-inf,1.25
0,32767,17,3,2,0,30.0,4.0,-inf,1.25
0,32767,17,3,2,1,30.0,4.0,-inf,1.25
0,32767,17,3,2,0,30.0,4.0,-inf,1.25
0,32767,17,3,2,0,30.0,4.0,-inf,1.25
0,32767,17,3,2,0,30.0,4.0,-inf,1.25
0,32767,17,3,2,1,30.0,4.0,-inf,1.25
0,32767,17,3,2,1,30.0,4.0,-inf,1.25
0,32767,17,3,2,1,30.0,4.0,-inf,1.25
0,32767,17,3,2,1,30.0,4.0,-inf,1.25
0,32767,17,3,2,0,30.0,4.0,-inf,1.25
0,32767,17,3,2,1,30.0,4.0,-inf,1.25
0,32767,17,3,2,0,30.0,4.0,-inf,1.25
0,32767,17,3,2,1,30.0,4.0,-inf,1.25
0,32767,17,3,2,0,30.0,4.0,-inf,1.25
0,32767,17,3,2,1,30.0,4.0,-inf,1.25
0,32767,17,3,2,0,30.0,4.0,-inf,1.25
0,32767,17,3,2,0,30.0,4.0,-inf,1.25
0,32767,17,3,2,0,30.0,4.0,-inf,1.25
0,32767,17,3,3,0,30.0,4.0,-inf,1.0
0,32767,17,3,3,0,30.0,4.0,-inf,1.0
0,32767,17,3,3,0,30.0,4.0,-inf,1.0
0,32767,17,3,3,1,30.0,4.0,-inf,1.0
0,32767,17,3,3,1,30.0,4.0,-inf,1.0
0,32767,17,3,3,1,30.0,4.0,-inf,1.0
0,32767,17,3,3,1,30.0,4.0,-inf,1.0
0,32767,17,3,3,1,30.0,4.0,-inf,1.0
0,32767,17,3,3,1,30.0,4.0,-inf,1.0
0,32767,17,3,3,0,30.0,4.0,-inf,1.0
0,32767,17,3,3,0,30.0,4.0,-inf,1.0
0,32767,17,3,3,0,30.0,4.0,-inf,1.0
0,32767,17,3,3,0,30.0,4.0,-inf,1.0
0,32767,17,3,3,1,30.0,4.0,-inf,1.0
0,32767,17,3,3,1,30.0,4.0,-inf,1.0
0,32767,17,3,3,1,30.0,4.0,-inf,1.0
0,32767,17,3,3,1,30.0,4.0,-inf,1.0
0,32767,17,3,3,1,30.0,4.0,-inf,1.0
0,32767,17,3,3,0,30.0,4.0,-inf,1.0
0,32767,17,3,3,0,30.0,4.0,-inf,1.0
0,32767,17,3,3,1,30.0,4.0,-inf,1.0
0,32767,17,3,3,0,30.0,4.0,-inf,1.0
0,32767,17,3,3,1,30.0,4.0,-inf,1.0
0,32767,17,3,3,0,30.0,4.0,-inf,1.0
0,32767,17,3,3,0,30.0,4.0,-inf,1.0
0,32767,17,3,4,0,30.0,4.0,-inf,1.0
0,32767,17,3,4,0,30.0,4.0,-inf,1.0
0,32767,17,3,4,0,30.0,4.0,-inf,1.0
0,32767,17,3,4,1,30.0,4.0,-inf,1.0
0,32767,17,3,4,1,30.0,4.0,-inf,1.0
0,32767,17,3,4,0,30.0,4.0,-inf,1.0
0,32767,17,3,4,0,30.0,4.0,-inf,1.0
0,32767,17,3,4,1,30.0,4.0,-inf,1.0
0,32767,17,3,4,1,30.0,4.0,-inf,1.0
0,32767,17,3,4,0,30.0,4.0,-inf,1.0
0,32767,17,3,4,0,30.0,4.0,-inf,1.0
0,32767,17,3,4,1,30.0,4.0,-inf,1.0
0,32767,17,3,4,1,30.0,4.0,-inf,1.0
0,32767,17,3,4,1,30.0,4.0,-inf,1.0
0,32767,17,3,4,1,30.0,4.0,-inf,1.0
0,32767,17,3,4,0,30.0,4.0,-inf,1.0
0,32767,17,3,4,0,30.0,4.0,-inf,1.0
0,32767,17,3,4,1,30.0,4.0,-inf,1.0
0,32767,17,3,4,1,30.0,4.0,-inf,1.0
0,32767,17,3,4,0,30.0,4.0,-inf,1.0
0,32767,17,3,4,0,30.0,4.0,-inf,1.0
0,32767,18,3,1,1,24.5,2.0,-inf,1.814814814814815
0,32767,18,3,1,0,24.5,2.0,-inf,1.814814814814815
0,32767,18,3,1,0,24.5,2.0,-inf,1.814814814814815
0,32767,18,3,1,0,24.5,2.0,-inf,1.814814814814815
0,32767,18,3,1,1,24.5,2.0,-inf,1.814814814814815
0,32767,18,3,1,1,24.5,2.0,-inf,1.814814814814815
0,32767,18,3,1,0,24.5,2.0,-inf,1.814814814814815
0,32767,18,3,1,1,24.5,2.0,-inf,1.814814814814815
0,32767,18,3,1,1,24.5,2.0,-inf,1.814814814814815
0,32767,18,3,1,1,24.5,2.0,-inf,1.814814814814815
0,32767,18,3,1,0,24.5,2.0,-inf,1.814814814814815
0,32767,18,3,1,1,24.5,2.0,-inf,1.814814814814815
0,32767,18,3,1,1,24.5,2.0,-inf,1.814814814814815
0,32767,18,3,2,1,24.5,2.0,-inf,1.1951219512195121
0,32767,18,3,2,0,24.5,2.0,-inf,1.1951219512195121
0,32767,18,3,2,1,24.5,2.0,-inf,1.1951219512195121
0,32767,18,3,2,0,24.5,2.0,-inf,1.1951219512195121
0,32767,18,3,2,1,24.5,2.0,-inf,1.1951219512195121
0,32767,18,3,2,0,24.5,2.0,-inf,1.1951219512195121
0,32767,18,3,2,1,24.5,2.0,-inf,1.1951219512195121
0,32767,18,3,2,1,24.5,2.0,-inf,1.1951219512195121
0,32767,18,3,2,0,24.5,2.0,-inf,1.1951219512195121
0,32767,18,3,2,1,24.5,2.0,-inf,1.1951219512195121
0,32767,18,3,2,1,24.5,2.0,-inf,1.1951219512195121
0,32767,18,3,2,0,24.5,2.0,-inf,1.1951219512195121
0,32767,18,3,2,0,24.5,2.0,-inf,1.1951219512195121
0,32767,18,3,2,0,24.5,2.0,-inf,1.1951219512195121
0,32767,18,3,2,0,24.5,2.0,-inf,1.1951219512195121
0,32767,18,3,2,0,24.5,2.0,-inf,1.1951219512195121
0,32767,18,3,2,0,24.5,2.0,-inf,1.1951219512195121
0,32767,18,3,2,1,24.5,2.0,-inf,1.1951219512195121
0,32767,18,3,2,1,24.5,2.0,-inf,1.1951219512195121
0,32767,19,3,1,0,29.333333333333332,3.0,-inf,1.3134328358208955
0,32767,19,3,1,1,29.333333333333332,3.0,-inf,1.3134328358208955
0,32767,19,3,1,1,29.333333333333332,3.0,-inf,1.3134328358208955
0,32767,19,3,1,1,29.333333333333332,3.0,-inf,1.3134328358208955
0,32767,19,3,1,1,29.333333333333332,3.0,-inf,1.3134328358208955
0,32767,19,3,1,0,29.333333333333332,3.0,-inf,1.3134328358208955
0,32767,19,3,1,0,29.333333333333332,3.0,-inf,1.3134328358208955
0,32767,19,3,1,0,29.333333333333332,3.0,-inf,1.3134328358208955
0,32767,19,3,1,1,29.333333333333332,3.0,-inf,1.3134328358208955
0,32767,19,3,1,0,29.333333333333332,3.0,-inf,1.3134328358208955
0,32767,19,3,1,1,29.333333333333332,3.0,-inf,1.3134328358208955
0,32767,19,3,1,0,29.333333333333332,3.0,-inf,1.3134328358208955
0,32767,19,3,1,1,29.333333333333332,3.0,-inf,1.3134328358208955
0,32767,19,3,1,1,29.333333333333332,3.0,-inf,1.3134328358208955
0,32767,19,3,1,1,29.333333333333332,3.0,-inf,1.3134328358208955
0,32767,19,3,1,0,29.333333333333332,3.0,-inf,1.3134328358208955
0,32767,19,3,2,0,29.333333333333332,3.0,-inf,1.0
0,32767,19,3,2,1,29.333333333333332,3.0,-inf,1.0
0,32767,19,3,2,0,29.333333333333332,3.0,-inf,1.0
0,32767,19,3,2,1,29.333333333333332,3.0,-inf,1.0
0,32767,19,3,2,1,29.333333333333332,3.0,-inf,1.0
0,32767,19,3,2,1,29.333333333333332,3.0,-inf,1.0
0,32767,19,3,2,1,29.333333333333332,3.0,-inf,1.0
0,32767,19,3,2,0,29.333333333333332,3.0,-inf,1.0
0,32767,19,3,2,0,29.333333333333332,3.0,-inf,1.0
0,32767,19,3,2,0,29.333333333333332,3.0,-inf,1.0
0,32767,19,3,2,0,29.333333333333332,3.0,-inf,1.0
0,32767,19,3,2,0,29.333333333333332,3.0,-inf,1.0
0,32767,19,3,2,1,29.333333333333332,3.0,-inf,1.0
0,32767,19,3,2,0,29.333333333333332,3.0,-inf,1.0
0,32767,19,3,2,0,29.333333333333332,3.0,-inf,1.0
0,32767,19,3,2,0,29.333333333333332,3.0,-inf,1.0
0,32767,19,3,2,1,29.333333333333332,3.0,-inf,1.0
0,32767,19,3,2,1,29.333333333333332,3.0,-inf,1.0
0,32767,19,3,2,0,29.333333333333332,3.0,-inf,1.0
0,32767,19,3,2,1,29.333333333333332,3.0,-inf,1.0
0,32767,19,3,2,1,29.333333333333332,3.0,-inf,1.0
0,32767,19,3,2,1,29.333333333333332,3.0,-inf,1.0
0,32767,19,3,3,0,29.333333333333332,3.0,-inf,1.0731707317073171
0,32767,19,3,3,0,29.333333333333332,3.0,-inf,1.0731707317073171
0,32767,19,3,3,1,29.333333333333332,3.0,-inf,1.0731707317073171
0,32767,19,3,3,1,29.333333333333332,3.0,-inf,1.0731707317073171
0,32767,19,3,3,1,29.333333333333332,3.0,-inf,1.0731707317073171
0,32767,19,3,3,1,29.333333333333332,3.0,-inf,1.0731707317073171
0,32767,19,3,3,1,29.333333333333332,3.0,-inf,1.0731707317073171
0,32767,19,3,3,1,29.333333333333332,3.0,-inf,1.0731707317073171
0,32767,19,3,3,1,29.333333333333332,3.0,-inf,1.0731707317073171
0,32767,19,3,3,0,29.333333333333332,3.0,-inf,1.0731707317073171
0,32767,19,3,3,0,29.333333333333332,3.0,-inf,1.0731707317073171
0,32767,19,3,3,0,29.333333333333332,3.0,-inf,1.0731707317073171
0,32767,19,3,3,1,29.333333333333332,3.0,-inf,1.0731707317073171
0,32767,19,3,3,0,29.333333333333332,3.0,-inf,1.0731707317073171
0,32767,19,3,3,1,29.333333333333332,3.0,-inf,1.0731707317073171
0,32767,19,3,3,0,29.333333333333332,3.0,-inf,1.0731707317073171
0,32767,19,3,3,1,29.333333333333332,3.0,-inf,1.0731707317073171
0,32767,19,3,3,1,29.333333333333332,3.0,-inf,1.0731707317073171
0,32767,19,3,3,0,29.333333333333332,3.0,-inf,1.0731707317073171
0,32767,19,3,3,0,29.333333333333332,3.0,-inf,1.0731707317073171
0,32767,19,3,3,0,29.333333333333332,3.0,-inf,1.0731707317073171
0,32767,19,3,3,1,29.333333333333332,3.0,-inf,1.0731707317073171
0,32767,19,3,3,0,29.333333333333332,3.0,-inf,1.0731707317073171
0,32767,20,3,1,0,21.0,1.0,-inf,3.5
0,32767,20,3,1,0,21.0,1.0,-inf,3.5
0,32767,20,3,1,1,21.0,1.0,-inf,3.5
0,32767,21,3,1,0,2.0,1.0,-inf,1.0
0,32767,21,3,1,0,2.0,1.0,-inf,1.0
0,32767,22,3,1,0,28.5,2.0,-inf,1.0754716981132075
0,32767,22,3,1,1,28.5,2.0,-inf,1.0754716981132075
0,32767,22,3,1,1,28.5,2.0,-inf,1.0754716981132075
0,32767,22,3,1,1,28.5,2.0,-inf,1.0754716981132075
0,32767,22,3,1,0,28.5,2.0,-inf,1.0754716981132075
0,32767,22,3,1,0,28.5,2.0,-inf,1.0754716981132075
0,32767,22,3,1,1,28.5,2.0,-inf,1.0754716981132075
0,32767,22,3,1,0,28.5,2.0,-inf,1.0754716981132075
0,32767,22,3,1,1,28.5,2.0,-inf,1.0754716981132075
0,32767,22,3,1,0,28.5,2.0,-inf,1.0754716981132075
0,32767,22,3,1,1,28.5,2.0,-inf,1.0754716981132075
0,32767,22,3,1,0,28.5,2.0,-inf,1.0754716981132075
0,32767,22,3,1,1,28.5,2.0,-inf,1.0754716981132075
0,32767,22,3,1,1,28.5,2.0,-inf,1.0754716981132075
0,32767,22,3,1,1,28.5,2.0,-inf,1.0754716981132075
0,32767,22,3,1,0,28.5,2.0,-inf,1.0754716981132075
0,32767,22,3,1,1,28.5,2.0,-inf,1.0754716981132075
0,32767,22,3,1,1,28.5,2.0,-inf,1.0754716981132075
0,32767,22,3,1,0,28.5,2.0,-inf,1.0754716981132075
0,32767,22,3,1,0,28.5,2.0,-inf,1.0754716981132075
0,32767,22,3,1,1,28.5,2.0,-inf,1.0754716981132075
0,32767,22,3,1,1,28.5,2.0,-inf,1.0754716981132075
0,32767,22,3,1,1,28.5,2.0,-inf,1.0754716981132075
0,32767,22,3,2,1,28.5,2.0,-inf,1.0
0,32767,22,3,2,0,28.5,2.0,-inf,1.0
0,32767,22,3,2,0,28.5,2.0,-inf,1.0
0,32767,22,3,2,1,28.5,2.0,-inf,1.0
0,32767,22,3,2,0,28.5,2.0,-inf,1.0
0,32767,22,3,2,1,28.5,2.0,-inf,1.0
0,32767,22,3,2,1,28.5,2.0,-inf,1.0
0,32767,22,3,2,0,28.5,2.0,-inf,1.0
0,32767,22,3,2,1,28.5,2.0,-inf,1.0
0,32767,22,3,2,1,28.5,2.0,-inf,1.0
0,32767,22,3,2,1,28.5,2.0,-inf,1.0
0,32767,22,3,2,1,28.5,2.0,-inf,1.0
0,32767,22,3,2,1,28.5,2.0,-inf,1.0
0,32767,22,3,2,1,28.5,2.0,-inf,1.0
0,32767,22,3,2,1,28.5,2.0,-inf,1.0
0,32767,22,3,2,1,28.5,2.0,-inf,1.0
0,32767,22,3,2,0,28.5,2.0,-inf,1.0
0,32767,22,3,2,0,28.5,2.0,-inf,1.0
0,32767,22,3,2,0,28.5,2.0,-inf,1.0
0,32767,22,3,2,0,28.5,2.0,-inf,1.0
0,32767,22,3,2,1,28.5,2.0,-inf,1.0
0,32767,22,3,2,1,28.5,2.0,-inf,1.0
0,32767,22,3,2,1,28.5,2.0,-inf,1.0
0,32767,22,3,2,1,28.5,2.0,-inf,1.0
0,32767,22,3,2,0,28.5,2.0,-inf,1.0
0,32767,22,3,2,1,28.5,2.0,-inf,1.0
0,32767,23,3,1,0,34.5,4.0,-inf,1.2545454545454546
0,32767,23,3,1,0,34.5,4.0,-inf,1.2545454545454546
0,32767,23,3,1,1,34.5,4.0,-inf,1.2545454545454546
0,32767,23,3,1,0,34.5,4.0,-inf,1.2545454545454546
0,32767,23,3,1,1,34.5,4.0,-inf,1.2545454545454546
0,32767,23,3,1,1,34.5,4.0,-inf,1.2545454545454546
0,32767,23,3,1,0,34.5,4.0,-inf,1.2545454545454546
0,32767,23,3,1,1,34.5,4.0,-inf,1.2545454545454546
0,32767,23,3,1,1,34.5,4.0,-inf,1.2545454545454546
0,32767,23,3,1,1,34.5,4.0,-inf,1.2545454545454546
0,32767,23,3,1,1,34.5,4.0,-inf,1.2545454545454546
0,32767,23,3,1,0,34.5,4.0,-inf,1.2545454545454546
0,32767,23,3,1,1,34.5,4.0,-inf,1.2545454545454546
0,32767,23,3,1,0,34.5,4.0,-inf,1.2545454545454546
0,32767,23,3,1,1,34.5,4.0,-inf,1.2545454545454546
0,32767,23,3,1,1,34.5,4.0,-inf,1.2545454545454546
0,32767,23,3,1,1,34.5,4.0,-inf,1.2545454545454546
0,32767,23,3,1,1,34.5,4.0,-inf,1.2545454545454546
0,32767,23,3,1,1,34.5,4.0,-inf,1.2545454545454546
0,32767,23,3,1,1,34.5,4.0,-inf,1.2545454545454546
0,32767,23,3,1,0,34.5,4.0,-inf,1.2545454545454546
0,32767,23,3,1,0,34.5,4.0,-inf,1.2545454545454546
0,32767,23,3,1,0,34.5,4.0,-inf,1.2545454545454546
0,32767,23,3,1,0,34.5,4.0,-inf,1.2545454545454546
0,32767,23,3,1,0,34.5,4.0,-inf,1.2545454545454546
0,32767,23,3,1,0,34.5,4.0,-inf,1.2545454545454546
0,32767,23,3,1,0,34.5,4.0,-inf,1.2545454545454546
0,32767,23,3,1,1,34.5,4.0,-inf,1.2545454545454546
0,32767,23,3,2,1,34.5,4.0,-inf,1.0
0,32767,23,3,2,0,34.5,4.0,-inf,1.0
0,32767,23,3,2,1,34.5,4.0,-inf,1.0
0,32767,23,3,2,0,34.5,4.0,-inf,1.0
0,32767,23,3,2,0,34.5,4.0,-inf,1.0
0,32767,23,3,2,0,34.5,4.0,-inf,1.0
0,32767,23,3,2,0,34.5,4.0,-inf,1.0
0,32767,23,3,2,1,34.5,4.0,-inf,1.0
0,32767,23,3,2,1,34.5,4.0,-inf,1.0
0,32767,23,3,2,1,34.5,4.0,-inf,1.0
0,32767,23,3,2,1,34.5,4.0,-inf,1.0
0,32767,23,3,2,0,34.5,4.0,-inf,1.0
0,32767,23,3,2,0,34.5,4.0,-inf,1.0
0,32767,23,3,2,0,34.5,4.0,-inf,1.0
0,32767,23,3,2,1,34.5,4.0,-inf,1.0
0,32767,23,3,2,0,34.5,4.0,-inf,1.0
0,32767,23,3,2,0,34.5,4.0,-inf,1.0
0,32767,23,3,2,1,34.5,4.0,-inf,1.0
0,32767,23,3,2,1,34.5,4.0,-inf,1.0
0,32767,23,3,2,0,34.5,4.0,-inf,1.0
0,32767,23,3,2,0,34.5,4.0,-inf,1.0
0,32767,23,3,2,1,34.5,4.0,-inf,1.0
0,32767,23,3,2,1,34.5,4.0,-inf,1.0
0,32767,23,3,2,0,34.5,4.0,-inf,1.0
0,32767,23,3,2,1,34.5,4.0,-inf,1.0
0,32767,23,3,2,1,34.5,4.0,-inf,1.0
0,32767,23,3,2,0,34.5,4.0,-inf,1.0
0,32767,23,3,2,1,34.5,4.0,-inf,1.0
0,32767,23,3,2,0,34.5,4.0,-inf,1.0
0,32767,23,3,3,0,34.5,4.0,-inf,1.2105263157894737
0,32767,23,3,3,1,34.5,4.0,-inf,1.2105263157894737
0,32767,23,3,3,0,34.5,4.0,-inf,1.2105263157894737
0,32767,23,3,3,1,34.5,4.0,-inf,1.2105263157894737
0,32767,23,3,3,1,34.5,4.0,-inf,1.2105263157894737
0,32767,23,3,3,1,34.5,4.0,-inf,1.2105263157894737
0,32767,23,3,3,1,34.5,4.0,-inf,1.2105263157894737
0,32767,23,3,3,1,34.5,4.0,-inf,1.2105263157894737
0,32767,23,3,3,1,34.5,4.0,-inf,1.2105263157894737
0,32767,23,3,3,0,34.5,4.0,-inf,1.2105263157894737
0,32767,23,3,3,1,34.5,4.0,-inf,1.2105263157894737
0,32767,23,3,3,1,34.5,4.0,-inf,1.2105263157894737
0,32767,23,3,3,0,34.5,4.0,-inf,1.2105263157894737
0,32767,23,3,3,0,34.5,4.0,-inf,1.2105263157894737
0,32767,23,3,3,0,34.5,4.0,-inf,1.2105263157894737
0,32767,23,3,3,0,34.5,4.0,-inf,1.2105263157894737
0,32767,23,3,3,0,34.5,4.0,-inf,1.2105263157894737
0,32767,23,3,3,1,34.5,4.0,-inf,1.2105263157894737
0,32767,23,3,3,0,34.5,4.0,-inf,1.2105263157894737
0,32767,23,3,3,0,34.5,4.0,-inf,1.2105263157894737
0,32767,23,3,3,1,34.5,4.0,-inf,1.2105263157894737
0,32767,23,3,3,1,34.5,4.0,-inf,1.2105263157894737
0,32767,23,3,3,0,34.5,4.0,-inf,1.2105263157894737
0,32767,23,3,3,0,34.5,4.0,-inf,1.2105263157894737
0,32767,23,3,4,0,34.5,4.0,-inf,1.3529411764705883
0,32767,23,3,4,0,34.5,4.0,-inf,1.3529411764705883
0,32767,23,3,4,1,34.5,4.0,-inf,1.3529411764705883
0,32767,23,3,4,1,34.5,4.0,-inf,1.3529411764705883
0,32767,23,3,4,0,34.5,4.0,-inf,1.3529411764705883
0,32767,23,3,4,0,34.5,4.0,-inf,1.3529411764705883
0,32767,23,3,4,0,34.5,4.0,-inf,1.3529411764705883
0,32767,23,3,4,1,34.5,4.0,-inf,1.3529411764705883
0,32767,23,3,4,1,34.5,4.0,-inf,1.3529411764705883
0,32767,23,3,4,0,34.5,4.0,-inf,1.3529411764705883
0,32767,23,3,4,0,34.5,4.0,-inf,1.3529411764705883
0,32767,23,3,4,1,34.5,4.0,-inf,1.3529411764705883
0,32767,23,3,4,0,34.5,4.0,-inf,1.3529411764705883
0,32767,23,3,4,0,34.5,4.0,-inf,1.3529411764705883
0,32767,23,3,4,1,34.5,4.0,-inf,1.3529411764705883
0,32767,23,3,4,0,34.5,4.0,-inf,1.3529411764705883
0,32767,23,3,4,0,34.5,4.0,-inf,1.3529411764705883
0,32767,23,3,4,0,34.5,4.0,-inf,1.3529411764705883
0,32767,23,3,4,0,34.5,4.0,-inf,1.3529411764705883
0,32767,23,3,4,1,34.5,4.0,-inf,1.3529411764705883
0,32767,23,3,4,0,34.5,4.0,-inf,1.3529411764705883
0,32767,23,3,5,0,34.5,4.0,-inf,1.0
0,32767,24,3,1,1,28.0,2.0,-inf,1.2173913043478262
0,32767,24,3,1,1,28.0,2.0,-inf,1.2173913043478262
0,32767,24,3,1,0,28.0,2.0,-inf,1.2173913043478262
0,32767,24,3,1,1,28.0,2.0,-inf,1.2173913043478262
0,32767,24,3,1,0,28.0,2.0,-inf,1.2173913043478262
0,32767,24,3,1,0,28.0,2.0,-inf,1.2173913043478262
0,32767,24,3,1,0,28.0,2.0,-inf,1.2173913043478262
0,32767,24,3,1,0,28.0,2.0,-inf,1.2173913043478262
0,32767,24,3,1,0,28.0,2.0,-inf,1.2173913043478262
0,32767,24,3,1,0,28.0,2.0,-inf,1.2173913043478262
0,32767,24,3,1,0,28.0,2.0,-inf,1.2173913043478262
0,32767,24,3,2,1,28.0,2.0,-inf,1.647058823529412
0,32767,24,3,2,0,28.0,2.0,-inf,1.647058823529412
0,32767,24,3,2,1,28.0,2.0,-inf,1.647058823529412
0,32767,24,3,2,1,28.0,2.0,-inf,1.647058823529412
0,32767,24,3,2,0,28.0,2.0,-inf,1.647058823529412
0,32767,24,3,2,0,28.0,2.0,-inf,1.647058823529412
0,32767,24,3,2,0,28.0,2.0,-inf,1.647058823529412
0,32767,24,3,2,0,28.0,2.0,-inf,1.647058823529412
0,32767,25,3,1,0,32.0,2.0,-inf,1.032258064516129
0,32767,25,3,1,1,32.0,2.0,-inf,1.032258064516129
0,32767,25,3,1,1,32.0,2.0,-inf,1.032258064516129
0,32767,25,3,1,1,32.0,2.0,-inf,1.032258064516129
0,32767,25,3,1,1,32.0,2.0,-inf,1.032258064516129
0,32767,25,3,1,1,32.0,2.0,-inf,1.032258064516129
0,32767,25,3,1,0,32.0,2.0,-inf,1.032258064516129
0,32767,25,3,1,0,32.0,2.0,-inf,1.032258064516129
0,32767,25,3,1,1,32.0,2.0,-inf,1.032258064516129
0,32767,25,3,1,0,32.0,2.0,-inf,1.032258064516129
0,32767,25,3,1,1,32.0,2.0,-inf,1.032258064516129
0,32767,25,3,1,1,32.0,2.0,-inf,1.032258064516129
0,32767,25,3,1,1,32.0,2.0,-inf,1.032258064516129
0,32767,25,3,1,0,32.0,2.0,-inf,1.032258064516129
0,32767,25,3,1,0,32.0,2.0,-inf,1.032258064516129
0,32767,25,3,1,0,32.0,2.0,-inf,1.032258064516129
0,32767,25,3,1,0,32.0,2.0,-inf,1.032258064516129
0,32767,25,3,1,0,32.0,2.0,-inf,1.032258064516129
0,32767,25,3,1,0,32.0,2.0,-inf,1.032258064516129
0,32767,25,3,1,1,32.0,2.0,-inf,1.032258064516129
0,32767,25,3,1,0,32.0,2.0,-inf,1.032258064516129
0,32767,25,3,1,1,32.0,2.0,-inf,1.032258064516129
0,32767,25,3,1,1,32.0,2.0,-inf,1.032258064516129
0,32767,25,3,1,1,32.0,2.0,-inf,1.032258064516129
0,32767,25,3,2,0,32.0,2.0,-inf,1.103448275862069
0,32767,25,3,2,1,32.0,2.0,-inf,1.103448275862069
0,32767,25,3,2,1,32.0,2.0,-inf,1.103448275862069
0,32767,25,3,2,0,32.0,2.0,-inf,1.103448275862069
0,32767,25,3,2,1,32.0,2.0,-inf,1.103448275862069
0,32767,25,3,2,1,32.0,2.0,-inf,1.103448275862069
0,32767,25,3,2,1,32.0,2.0,-inf,1.103448275862069
0,32767,25,3,2,0,32.0,2.0,-inf,1.103448275862069
0,32767,25,3,2,0,32.0,2.0,-inf,1.103448275862069
0,32767,25,3,2,0,32.0,2.0,-inf,1.103448275862069
0,32767,25,3,2,0,32.0,2.0,-inf,1.103448275862069
0,32767,25,3,2,1,32.0,2.0,-inf,1.103448275862069
0,32767,25,3,2,1,32.0,2.0,-inf,1.103448275862069
0,32767,25,3,2,0,32.0,2.0,-inf,1.103448275862069
0,32767,25,3,2,0,32.0,2.0,-inf,1.103448275862069
0,32767,25,3,2,0,32.0,2.0,-inf,1.103448275862069
0,32767,25,3,2,1,32.0,2.0,-inf,1.103448275862069
0,32767,25,3,2,0,32.0,2.0,-inf,1.103448275862069
0,32767,25,3,2,0,32.0,2.0,-inf,1.103448275862069
0,32767,25,3,2,1,32.0,2.0,-inf,1.103448275862069
0,32767,25,3,2,0,32.0,2.0,-inf,1.103448275862069
0,32767,25,3,2,1,32.0,2.0,-inf,1.103448275862069
0,32767,26,3,1,1,35.5,2.0,-inf,1.6511627906976745
0,32767,26,3,1,1,35.5,2.0,-inf,1.6511627906976745
0,32767,26,3,1,1,35.5,2.0,-inf,1.6511627906976745
0,32767,26,3,1,0,35.5,2.0,-inf,1.6511627906976745
0,32767,26,3,1,0,35.5,2.0,-inf,1.6511627906976745
0,32767,26,3,1,1,35.5,2.0,-inf,1.6511627906976745
0,32767,26,3,1,1,35.5,2.0,-inf,1.6511627906976745
0,32767,26,3,1,1,35.5,2.0,-inf,1.6511627906976745
0,32767,26,3,1,1,35.5,2.0,-inf,1.6511627906976745
0,32767,26,3,1,1,35.5,2.0,-inf,1.6511627906976745
0,32767,26,3,1,0,35.5,2.0,-inf,1.6511627906976745
0,32767,26,3,1,0,35.5,2.0,-inf,1.6511627906976745
0,32767,26,3,1,0,35.5,2.0,-inf,1.6511627906976745
0,32767,26,3,1,1,35.5,2.0,-inf,1.6511627906976745
0,32767,26,3,1,1,35.5,2.0,-inf,1.6511627906976745
0,32767,26,3,1,1,35.5,2.0,-inf,1.6511627906976745
0,32767,26,3,1,0,35.5,2.0,-inf,1.6511627906976745
0,32767,26,3,1,0,35.5,2.0,-inf,1.6511627906976745
0,32767,26,3,2,1,35.5,2.0,-inf,1.6511627906976745
0,32767,26,3,2,1,35.5,2.0,-inf,1.6511627906976745
0,32767,26,3,2,0,35.5,2.0,-inf,1.6511627906976745
0,32767,26,3,2,0,35.5,2.0,-inf,1.6511627906976745
0,32767,26,3,2,0,35.5,2.0,-inf,1.6511627906976745
0,32767,26,3,2,1,35.5,2.0,-inf,1.6511627906976745
0,32767,26,3,2,1,35.5,2.0,-inf,1.6511627906976745
0,32767,26,3,2,1,35.5,2.0,-inf,1.6511627906976745
0,32767,26,3,2,1,35.5,2.0,-inf,1.6511627906976745
0,32767,26,3,2,1,35.5,2.0,-inf,1.6511627906976745
0,32767,26,3,2,1,35.5,2.0,-inf,1.6511627906976745
0,32767,26,3,2,1,35.5,2.0,-inf,1.6511627906976745
0,32767,26,3,2,0,35.5,2.0,-inf,1.6511627906976745
0,32767,26,3,2,1,35.5,2.0,-inf,1.6511627906976745
0,32767,26,3,2,1,35.5,2.0,-inf,1.6511627906976745
0,32767,26,3,2,1,35.5,2.0,-inf,1.6511627906976745
0,32767,27,3,1,0,27.333333333333332,3.0,-inf,1.1714285714285715
0,32767,27,3,1,1,27.333333333333332,3.0,-inf,1.1714285714285715
0,32767,27,3,1,1,27.333333333333332,3.0,-inf,1.1714285714285715
0,32767,27,3,1,0,27.333333333333332,3.0,-inf,1.1714285714285715
0,32767,27,3,1,1,27.333333333333332,3.0,-inf,1.1714285714285715
0,32767,27,3,1,1,27.333333333333332,3.0,-inf,1.1714285714285715
0,32767,27,3,1,1,27.333333333333332,3.0,-inf,1.1714285714285715
0,32767,27,3,1,1,27.333333333333332,3.0,-inf,1.1714285714285715
0,32767,27,3,1,1,27.333333333333332,3.0,-inf,1.1714285714285715
0,32767,27,3,1,0,27.333333333333332,3.0,-inf,1.1714285714285715
0,32767,27,3,1,1,27.333333333333332,3.0,-inf,1.1714285714285715
0,32767,27,3,1,0,27.333333333333332,3.0,-inf,1.1714285714285715
0,32767,27,3,1,0,27.333333333333332,3.0,-inf,1.1714285714285715
0,32767,27,3,1,1,27.333333333333332,3.0,-inf,1.1714285714285715
0,32767,27,3,1,1,27.333333333333332,3.0,-inf,1.1714285714285715
0,32767,27,3,1,0,27.333333333333332,3.0,-inf,1.1714285714285715
0,32767,27,3,1,0,27.333333333333332,3.0,-inf,1.1714285714285715
0,32767,27,3,1,0,27.333333333333332,3.0,-inf,1.1714285714285715
0,32767,27,3,1,1,27.333333333333332,3.0,-inf,1.1714285714285715
0,32767,27,3,1,1,27.333333333333332,3.0,-inf,1.1714285714285715
0,32767,27,3,1,1,27.333333333333332,3.0,-inf,1.1714285714285715
0,32767,27,3,2,1,27.333333333333332,3.0,-inf,1.1232876712328768
0,32767,27,3,2,1,27.333333333333332,3.0,-inf,1.1232876712328768
0,32767,27,3,2,0,27.333333333333332,3.0,-inf,1.1232876712328768
0,32767,27,3,2,1,27.333333333333332,3.0,-inf,1.1232876712328768
0,32767,27,3,2,0,27.333333333333332,3.0,-inf,1.1232876712328768
0,32767,27,3,2,1,27.333333333333332,3.0,-inf,1.1232876712328768
0,32767,27,3,2,1,27.333333333333332,3.0,-inf,1.1232876712328768
0,32767,27,3,2,1,27.333333333333332,3.0,-inf,1.1232876712328768
0,32767,27,3,2,0,27.333333333333332,3.0,-inf,1.1232876712328768
0,32767,27,3,2,0,27.333333333333332,3.0,-inf,1.1232876712328768
0,32767,27,3,2,1,27.333333333333332,3.0,-inf,1.1232876712328768
0,32767,27,3,2,0,27.333333333333332,3.0,-inf,1.1232876712328768
0,32767,27,3,2,0,27.333333333333332,3.0,-inf,1.1232876712328768
0,32767,27,3,2,0,27.333333333333332,3.0,-inf,1.1232876712328768
0,32767,27,3,2,0,27.333333333333332,3.0,-inf,1.1232876712328768
0,32767,27,3,2,1,27.333333333333332,3.0,-inf,1.1232876712328768
0,32767,27,3,2,1,27.333333333333332,3.0,-inf,1.1232876712328768
0,32767,27,3,2,0,27.333333333333332,3.0,-inf,1.1232876712328768
0,32767,27,3,2,1,27.333333333333332,3.0,-inf,1.1232876712328768
0,32767,27,3,2,0,27.333333333333332,3.0,-inf,1.1232876712328768
0,32767,27,3,2,1,27.333333333333332,3.0,-inf,1.1232876712328768
0,32767,27,3,3,0,27.333333333333332,3.0,-inf,1.0
0,32767,27,3,3,0,27.333333333333332,3.0,-inf,1.0
0,32767,27,3,3,0,27.333333333333332,3.0,-inf,1.0
0,32767,27,3,3,1,27.333333333333332,3.0,-inf,1.0
0,32767,27,3,3,0,27.333333333333332,3.0,-inf,1.0
0,32767,27,3,3,0,27.333333333333332,3.0,-inf,1.0
0,32767,27,3,3,1,27.333333333333332,3.0,-inf,1.0
0,32767,27,3,3,0,27.333333333333332,3.0,-inf,1.0
0,32767,27,3,3,0,27.333333333333332,3.0,-inf,1.0
0,32767,27,3,3,0,27.333333333333332,3.0,-inf,1.0
0,32767,27,3,3,1,27.333333333333332,3.0,-inf,1.0
0,32767,27,3,3,0,27.333333333333332,3.0,-inf,1.0
0,32767,27,3,3,1,27.333333333333332,3.0,-inf,1.0
0,32767,27,3,3,0,27.333333333333332,3.0,-inf,1.0
0,32767,27,3,3,1,27.333333333333332,3.0,-inf,1.0
0,32767,27,3,3,1,27.333333333333332,3.0,-inf,1.0
0,32767,27,3,3,1,27.333333333333332,3.0,-inf,1.0
0,32767,27,3,3,1,27.333333333333332,3.0,-inf,1.0
0,32767,27,3,3,1,27.333333333333332,3.0,-inf,1.0
0,32767,27,3,3,1,27.333333333333332,3.0,-inf,1.0
0,32767,27,3,3,0,27.333333333333332,3.0,-inf,1.0
0,32767,27,3,3,1,27.333333333333332,3.0,-inf,1.0
0,32767,27,3,3,0,27.333333333333332,3.0,-inf,1.0
0,32767,27,3,3,0,27.333333333333332,3.0,-inf,1.0
0,32767,27,3,3,1,27.333333333333332,3.0,-inf,1.0
0,32767,28,3,1,0,29.5,4.0,-inf,1.5945945945945945
0,32767,28,3,1,0,29.5,4.0,-inf,1.5945945945945945
0,32767,28,3,1,0,29.5,4.0,-inf,1.5945945945945945
0,32767,28,3,1,0,29.5,4.0,-inf,1.5945945945945945
0,32767,28,3,1,1,29.5,4.0,-inf,1.5945945945945945
0,32767,28,3,1,1,29.5,4.0,-inf,1.5945945945945945
0,32767,28,3,1,0,29.5,4.0,-inf,1.5945945945945945
0,32767,28,3,1,0,29.5,4.0,-inf,1.5945945945945945
0,32767,28,3,1,0,29.5,4.0,-inf,1.5945945945945945
0,32767,28,3,1,1,29.5,4.0,-inf,1.5945945945945945
0,32767,28,3,1,1,29.5,4.0,-inf,1.5945945945945945
0,32767,28,3,1,1,29.5,4.0,-inf,1.5945945945945945
0,32767,28,3,1,1,29.5,4.0,-inf,1.5945945945945945
0,32767,28,3,1,1,29.5,4.0,-inf,1.5945945945945945
0,32767,28,3,1,0,29.5,4.0,-inf,1.5945945945945945
0,32767,28,3,1,0,29.5,4.0,-inf,1.5945945945945945
0,32767,28,3,2,0,29.5,4.0,-inf,3.105263157894737
0,32767,28,3,2,1,29.5,4.0,-inf,3.105263157894737
0,32767,28,3,2,0,29.5,4.0,-inf,3.105263157894737
0,32767,28,3,2,0,29.5,4.0,-inf,3.105263157894737
0,32767,28,3,2,0,29.5,4.0,-inf,3.105263157894737
0,32767,28,3,2,1,29.5,4.0,-inf,3.105263157894737
0,32767,28,3,3,1,29.5,4.0,-inf,1.5945945945945945
0,32767,28,3,3,0,29.5,4.0,-inf,1.5945945945945945
0,32767,28,3,3,1,29.5,4.0,-inf,1.5945945945945945
0,32767,28,3,3,1,29.5,4.0,-inf,1.5945945945945945
0,32767,28,3,3,0,29.5,4.0,-inf,1.5945945945945945
0,32767,28,3,3,1,29.5,4.0,-inf,1.5945945945945945
0,32767,28,3,3,0,29.5,4.0,-inf,1.5945945945945945
0,32767,28,3,3,1,29.5,4.0,-inf,1.5945945945945945
0,32767,28,3,3,0,29.5,4.0,-inf,1.5945945945945945
0,32767,28,3,3,1,29.5,4.0,-inf,1.5945945945945945
0,32767,28,3,3,0,29.5,4.0,-inf,1.5945945945945945
0,32767,28,3,4,1,29.5,4.0,-inf,1.372093023255814
0,32767,28,3,4,1,29.5,4.0,-inf,1.372093023255814
0,32767,28,3,4,1,29.5,4.0,-inf,1.372093023255814
0,32767,28,3,4,0,29.5,4.0,-inf,1.372093023255814
0,32767,28,3,4,1,29.5,4.0,-inf,1.372093023255814
0,32767,28,3,4,0,29.5,4.0,-inf,1.372093023255814
0,32767,28,3,4,0,29.5,4.0,-inf,1.372093023255814
0,32767,28,3,4,0,29.5,4.0,-inf,1.372093023255814
0,32767,28,3,4,1,29.5,4.0,-inf,1.372093023255814
0,32767,28,3,4,1,29.5,4.0,-inf,1.372093023255814
0,32767,28,3,4,1,29.5,4.0,-inf,1.372093023255814
0,32767,28,3,4,1,29.5,4.0,-inf,1.372093023255814
0,32767,29,3,2,1,39.5,2.0,-inf,1.144927536231884
0,32767,29,3,1,0,39.5,2.0,-inf,1.2153846153846153
0,32767,29,3,1,1,39.5,2.0,-inf,1.2153846153846153
0,32767,29,3,1,0,39.5,2.0,-inf,1.2153846153846153
0,32767,29,3,1,1,39.5,2.0,-inf,1.2153846153846153
0,32767,29,3,1,0,39.5,2.0,-inf,1.2153846153846153
0,32767,29,3,1,1,39.5,2.0,-inf,1.2153846153846153
0,32767,29,3,1,1,39.5,2.0,-inf,1.2153846153846153
0,32767,29,3,1,1,39.5,2.0,-inf,1.2153846153846153
0,32767,29,3,1,1,39.5,2.0,-inf,1.2153846153846153
0,32767,29,3,1,1,39.5,2.0,-inf,1.2153846153846153
0,32767,29,3,1,0,39.5,2.0,-inf,1.2153846153846153
0,32767,29,3,1,0,39.5,2.0,-inf,1.2153846153846153
0,32767,29,3,1,1,39.5,2.0,-inf,1.2153846153846153
0,32767,29,3,1,0,39.5,2.0,-inf,1.2153846153846153
0,32767,29,3,1,0,39.5,2.0,-inf,1.2153846153846153
0,32767,29,3,1,1,39.5,2.0,-inf,1.2153846153846153
0,32767,29,3,1,1,39.5,2.0,-inf,1.2153846153846153
0,32767,29,3,1,1,39.5,2.0,-inf,1.2153846153846153
0,32767,29,3,1,1,39.5,2.0,-inf,1.2153846153846153
0,32767,29,3,1,0,39.5,2.0,-inf,1.2153846153846153
0,32767,29,3,2,1,39.5,2.0,-inf,1.144927536231884
0,32767,29,3,2,1,39.5,2.0,-inf,1.144927536231884
0,32767,29,3,2,0,39.5,2.0,-inf,1.144927536231884
0,32767,29,3,2,0,39.5,2.0,-inf,1.144927536231884
0,32767,29,3,2,0,39.5,2.0,-inf,1.144927536231884
0,32767,29,3,2,0,39.5,2.0,-inf,1.144927536231884
0,32767,29,3,2,0,39.5,2.0,-inf,1.144927536231884
0,32767,29,3,2,1,39.5,2.0,-inf,1.144927536231884
0,32767,29,3,2,1,39.5,2.0,-inf,1.144927536231884
0,32767,29,3,2,1,39.5,2.0,-inf,1.144927536231884
0,32767,29,3,2,1,39.5,2.0,-inf,1.144927536231884
0,32767,29,3,2,1,39.5,2.0,-inf,1.144927536231884
0,32767,29,3,2,1,39.5,2.0,-inf,1.144927536231884
0,32767,29,3,2,1,39.5,2.0,-inf,1.144927536231884
0,32767,29,3,2,1,39.5,2.0,-inf,1.144927536231884
0,32767,29,3,2,1,39.5,2.0,-inf,1.144927536231884
0,32767,29,3,2,0,39.5,2.0,-inf,1.144927536231884
0,32767,29,3,2,0,39.5,2.0,-inf,1.144927536231884
0,32767,29,3,2,0,39.5,2.0,-inf,1.144927536231884
0,32767,29,3,2,0,39.5,2.0,-inf,1.144927536231884
0,32767,29,3,2,0,39.5,2.0,-inf,1.144927536231884
0,32767,29,3,2,1,39.5,2.0,-inf,1.144927536231884
0,32767,29,3,2,0,39.5,2.0,-inf,1.144927536231884
0,32767,29,3,2,1,39.5,2.0,-inf,1.144927536231884
0,32767,29,3,2,1,39.5,2.0,-inf,1.144927536231884
0,32767,1,4,1,1,28.0,2.0,-inf,1.4736842105263157
0,32767,1,4,1,1,28.0,2.0,-inf,1.4736842105263157
0,32767,1,4,1,0,28.0,2.0,-inf,1.4736842105263157
0,32767,1,4,1,0,28.0,2.0,-inf,1.4736842105263157
0,32767,1,4,1,1,28.0,2.0,-inf,1.4736842105263157
0,32767,1,4,1,0,28.0,2.0,-inf,1.4736842105263157
0,32767,1,4,1,0,28.0,2.0,-inf,1.4736842105263157
0,32767,1,4,1,0,28.0,2.0,-inf,1.4736842105263157
0,32767,1,4,1,0,28.0,2.0,-inf,1.4736842105263157
0,32767,1,4,1,0,28.0,2.0,-inf,1.4736842105263157
0,32767,1,4,1,0,28.0,2.0,-inf,1.4736842105263157
0,32767,1,4,1,0,28.0,2.0,-inf,1.4736842105263157
0,32767,1,4,1,0,28.0,2.0,-inf,1.4736842105263157
0,32767,1,4,1,0,28.0,2.0,-inf,1.4736842105263157
0,32767,1,4,2,0,28.0,2.0,-inf,1.0769230769230769
0,32767,1,4,2,0,28.0,2.0,-inf,1.0769230769230769
0,32767,1,4,2,0,28.0,2.0,-inf,1.0769230769230769
0,32767,1,4,2,0,28.0,2.0,-inf,1.0769230769230769
0,32767,1,4,2,0,28.0,2.0,-inf,1.0769230769230769
0,32767,1,4,2,1,28.0,2.0,-inf,1.0769230769230769
0,32767,1,4,2,0,28.0,2.0,-inf,1.0769230769230769
0,32767,1,4,2,1,28.0,2.0,-inf,1.0769230769230769
0,32767,1,4,2,1,28.0,2.0,-inf,1.0769230769230769
0,32767,1,4,2,0,28.0,2.0,-inf,1.0769230769230769
0,32767,1,4,2,1,28.0,2.0,-inf,1.0769230769230769
0,32767,1,4,2,0,28.0,2.0,-inf,1.0769230769230769
0,32767,1,4,2,0,28.0,2.0,-inf,1.0769230769230769
0,32767,1,4,2,1,28.0,2.0,-inf,1.0769230769230769
0,32767,1,4,2,1,28.0,2.0,-inf,1.0769230769230769
0,32767,1,4,2,1,28.0,2.0,-inf,1.0769230769230769
0,32767,1,4,2,1,28.0,2.0,-inf,1.0769230769230769
0,32767,1,4,2,0,28.0,2.0,-inf,1.0769230769230769
0,32767,1,4,2,0,28.0,2.0,-inf,1.0769230769230769
0,32767,2,4,1,0,31.600000000000005,5.0,-inf,1.3982300884955752
0,32767,2,4,1,0,31.600000000000005,5.0,-inf,1.3982300884955752
0,32767,2,4,1,1,31.600000000000005,5.0,-inf,1.3982300884955752
0,32767,2,4,1,0,31.600000000000005,5.0,-inf,1.3982300884955752
0,32767,2,4,1,0,31.600000000000005,5.0,-inf,1.3982300884955752
0,32767,2,4,1,0,31.600000000000005,5.0,-inf,1.3982300884955752
0,32767,2,4,1,0,31.600000000000005,5.0,-inf,1.3982300884955752
0,32767,2,4,1,0,31.600000000000005,5.0,-inf,1.3982300884955752
0,32767,2,4,1,1,31.600000000000005,5.0,-inf,1.3982300884955752
0,32767,2,4,1,1,31.600000000000005,5.0,-inf,1.3982300884955752
0,32767,2,4,1,1,31.600000000000005,5.0,-inf,1.3982300884955752
0,32767,2,4,1,1,31.600000000000005,5.0,-inf,1.3982300884955752
0,32767,2,4,1,0,31.600000000000005,5.0,-inf,1.3982300884955752
0,32767,2,4,1,1,31.600000000000005,5.0,-inf,1.3982300884955752
0,32767,2,4,1,1,31.600000000000005,5.0,-inf,1.3982300884955752
0,32767,2,4,1,1,31.600000000000005,5.0,-inf,1.3982300884955752
0,32767,2,4,1,1,31.600000000000005,5.0,-inf,1.3982300884955752
0,32767,2,4,1,0,31.600000000000005,5.0,-inf,1.3982300884955752
0,32767,2,4,1,1,31.600000000000005,5.0,-inf,1.3982300884955752
0,32767,2,4,2,1,31.600000000000005,5.0,-inf,1.1048951048951048
0,32767,2,4,2,0,31.600000000000005,5.0,-inf,1.1048951048951048
0,32767,2,4,2,1,31.600000000000005,5.0,-inf,1.1048951048951048
0,32767,2,4,2,1,31.600000000000005,5.0,-inf,1.1048951048951048
0,32767,2,4,2,1,31.600000000000005,5.0,-inf,1.1048951048951048
0,32767,2,4,2,1,31.600000000000005,5.0,-inf,1.1048951048951048
0,32767,2,4,2,0,31.600000000000005,5.0,-inf,1.1048951048951048
0,32767,2,4,2,1,31.600000000000005,5.0,-inf,1.1048951048951048
0,32767,2,4,2,0,31.600000000000005,5.0,-inf,1.1048951048951048
0,32767,2,4,2,0,31.600000000000005,5.0,-inf,1.1048951048951048
0,32767,2,4,2,0,31.600000000000005,5.0,-inf,1.1048951048951048
0,32767,2,4,2,0,31.600000000000005,5.0,-inf,1.1048951048951048
0,32767,2,4,2,1,31.600000000000005,5.0,-inf,1.1048951048951048
0,32767,2,4,2,1,31.600000000000005,5.0,-inf,1.1048951048951048
0,32767,2,4,2,0,31.600000000000005,5.0,-inf,1.1048951048951048
0,32767,2,4,2,0,31.600000000000005,5.0,-inf,1.1048951048951048
0,32767,2,4,2,0,31.600000000000005,5.0,-inf,1.1048951048951048
0,32767,2,4,2,1,31.600000000000005,5.0,-inf,1.1048951048951048
0,32767,2,4,2,0,31.600000000000005,5.0,-inf,1.1048951048951048
0,32767,2,4,2,1,31.600000000000005,5.0,-inf,1.1048951048951048
0,32767,2,4,2,1,31.600000000000005,5.0,-inf,1.1048951048951048
0,32767,2,4,2,1,31.600000000000005,5.0,-inf,1.1048951048951048
0,32767,2,4,2,1,31.600000000000005,5.0,-inf,1.1048951048951048
0,32767,2,4,2,0,31.600000000000005,5.0,-inf,1.1048951048951048
0,32767,2,4,2,1,31.600000000000005,5.0,-inf,1.1048951048951048
0,32767,2,4,3,1,31.600000000000005,5.0,-inf,1.0326797385620914
0,32767,2,4,3,1,31.600000000000005,5.0,-inf,1.0326797385620914
0,32767,2,4,3,0,31.600000000000005,5.0,-inf,1.0326797385620914
0,32767,2,4,3,1,31.600000000000005,5.0,-inf,1.0326797385620914
0,32767,2,4,3,0,31.600000000000005,5.0,-inf,1.0326797385620914
0,32767,2,4,3,0,31.600000000000005,5.0,-inf,1.0326797385620914
0,32767,2,4,3,1,31.600000000000005,5.0,-inf,1.0326797385620914
0,32767,2,4,3,0,31.600000000000005,5.0,-inf,1.0326797385620914
0,32767,2,4,3,1,31.600000000000005,5.0,-inf,1.0326797385620914
0,32767,2,4,3,1,31.600000000000005,5.0,-inf,1.0326797385620914
0,32767,2,4,3,1,31.600000000000005,5.0,-inf,1.0326797385620914
0,32767,2,4,3,0,31.600000000000005,5.0,-inf,1.0326797385620914
0,32767,2,4,3,0,31.600000000000005,5.0,-inf,1.0326797385620914
0,32767,2,4,3,1,31.600000000000005,5.0,-inf,1.0326797385620914
0,32767,2,4,3,1,31.600000000000005,5.0,-inf,1.0326797385620914
0,32767,2,4,3,0,31.600000000000005,5.0,-inf,1.0326797385620914
0,32767,2,4,3,0,31.600000000000005,5.0,-inf,1.0326797385620914
0,32767,2,4,3,1,31.600000000000005,5.0,-inf,1.0326797385620914
0,32767,2,4,3,1,31.600000000000005,5.0,-inf,1.0326797385620914
0,32767,2,4,3,0,31.600000000000005,5.0,-inf,1.0326797385620914
0,32767,2,4,3,1,31.600000000000005,5.0,-inf,1.0326797385620914
0,32767,2,4,3,1,31.600000000000005,5.0,-inf,1.0326797385620914
0,32767,2,4,3,1,31.600000000000005,5.0,-inf,1.0326797385620914
0,32767,2,4,3,0,31.600000000000005,5.0,-inf,1.0326797385620914
0,32767,2,4,4,1,31.600000000000005,5.0,-inf,1.144927536231884
0,32767,2,4,4,0,31.600000000000005,5.0,-inf,1.144927536231884
0,32767,2,4,4,1,31.600000000000005,5.0,-inf,1.144927536231884
0,32767,2,4,4,1,31.600000000000005,5.0,-inf,1.144927536231884
0,32767,2,4,4,0,31.600000000000005,5.0,-inf,1.144927536231884
0,32767,2,4,4,0,31.600000000000005,5.0,-inf,1.144927536231884
0,32767,2,4,4,1,31.600000000000005,5.0,-inf,1.144927536231884
0,32767,2,4,4,0,31.600000000000005,5.0,-inf,1.144927536231884
0,32767,2,4,4,1,31.600000000000005,5.0,-inf,1.144927536231884
0,32767,2,4,4,0,31.600000000000005,5.0,-inf,1.144927536231884
0,32767,2,4,4,0,31.600000000000005,5.0,-inf,1.144927536231884
0,32767,2,4,4,1,31.600000000000005,5.0,-inf,1.144927536231884
0,32767,2,4,4,1,31.600000000000005,5.0,-inf,1.144927536231884
0,32767,2,4,4,1,31.600000000000005,5.0,-inf,1.144927536231884
0,32767,2,4,5,1,31.600000000000005,5.0,-inf,1.144927536231884
0,32767,2,4,5,1,31.600000000000005,5.0,-inf,1.144927536231884
0,32767,2,4,5,0,31.600000000000005,5.0,-inf,1.144927536231884
0,32767,2,4,5,0,31.600000000000005,5.0,-inf,1.144927536231884
0,32767,2,4,5,0,31.600000000000005,5.0,-inf,1.144927536231884
0,32767,2,4,5,0,31.600000000000005,5.0,-inf,1.144927536231884
0,32767,2,4,5,1,31.600000000000005,5.0,-inf,1.144927536231884
0,32767,2,4,5,0,31.600000000000005,5.0,-inf,1.144927536231884
0,32767,2,4,5,1,31.600000000000005,5.0,-inf,1.144927536231884
0,32767,2,4,5,0,31.600000000000005,5.0,-inf,1.144927536231884
0,32767,2,4,5,0,31.600000000000005,5.0,-inf,1.144927536231884
0,32767,2,4,5,0,31.600000000000005,5.0,-inf,1.144927536231884
0,32767,2,4,5,1,31.600000000000005,5.0,-inf,1.144927536231884
0,32767,2,4,5,1,31.600000000000005,5.0,-inf,1.144927536231884
0,32767,2,4,5,0,31.600000000000005,5.0,-inf,1.144927536231884
0,32767,2,4,5,0,31.600000000000005,5.0,-inf,1.144927536231884
0,32767,2,4,5,1,31.600000000000005,5.0,-inf,1.144927536231884
0,32767,2,4,5,1,31.600000000000005,5.0,-inf,1.144927536231884
0,32767,2,4,5,0,31.600000000000005,5.0,-inf,1.144927536231884
0,32767,2,4,5,1,31.600000000000005,5.0,-inf,1.144927536231884
0,32767,2,4,5,1,31.600000000000005,5.0,-inf,1.144927536231884
0,32767,2,4,5,1,31.600000000000005,5.0,-inf,1.144927536231884
0,32767,2,4,5,0,31.600000000000005,5.0,-inf,1.144927536231884
0,32767,3,4,1,0,6.0,1.0,-inf,1.0
0,32767,3,4,1,1,6.0,1.0,-inf,1.0
0,32767,3,4,1,1,6.0,1.0,-inf,1.0
0,32767,3,4,1,0,6.0,1.0,-inf,1.0
0,32767,3,4,1,1,6.0,1.0,-inf,1.0
0,32767,3,4,1,0,6.0,1.0,-inf,1.0
0,32767,4,4,1,0,30.0,1.0,-inf,1.1538461538461537
0,32767,4,4,1,0,30.0,1.0,-inf,1.1538461538461537
0,32767,4,4,1,1,30.0,1.0,-inf,1.1538461538461537
0,32767,4,4,1,1,30.0,1.0,-inf,1.1538461538461537
0,32767,4,4,1,1,30.0,1.0,-inf,1.1538461538461537
0,32767,4,4,1,0,30.0,1.0,-inf,1.1538461538461537
0,32767,4,4,1,0,30.0,1.0,-inf,1.1538461538461537
0,32767,4,4,1,0,30.0,1.0,-inf,1.1538461538461537
0,32767,4,4,1,0,30.0,1.0,-inf,1.1538461538461537
0,32767,4,4,1,1,30.0,1.0,-inf,1.1538461538461537
0,32767,4,4,1,1,30.0,1.0,-inf,1.1538461538461537
0,32767,4,4,1,1,30.0,1.0,-inf,1.1538461538461537
0,32767,4,4,1,1,30.0,1.0,-inf,1.1538461538461537
0,32767,4,4,1,0,30.0,1.0,-inf,1.1538461538461537
0,32767,4,4,1,0,30.0,1.0,-inf,1.1538461538461537
0,32767,4,4,1,1,30.0,1.0,-inf,1.1538461538461537
0,32767,4,4,1,1,30.0,1.0,-inf,1.1538461538461537
0,32767,4,4,1,0,30.0,1.0,-inf,1.1538461538461537
0,32767,4,4,1,1,30.0,1.0,-inf,1.1538461538461537
0,32767,5,4,1,1,2.0,0.5,-inf,1.0
0,32767,6,4,1,0,25.333333333333332,3.0,-inf,2.0540540540540544
0,32767,6,4,1,1,25.333333333333332,3.0,-inf,2.0540540540540544
0,32767,6,4,1,0,25.333333333333332,3.0,-inf,2.0540540540540544
0,32767,6,4,1,0,25.333333333333332,3.0,-inf,2.0540540540540544
0,32767,6,4,1,1,25.333333333333332,3.0,-inf,2.0540540540540544
0,32767,6,4,1,0,25.333333333333332,3.0,-inf,2.0540540540540544
0,32767,6,4,1,1,25.333333333333332,3.0,-inf,2.0540540540540544
0,32767,6,4,1,1,25.333333333333332,3.0,-inf,2.0540540540540544
0,32767,6,4,1,0,25.333333333333332,3.0,-inf,2.0540540540540544
0,32767,6,4,1,0,25.333333333333332,3.0,-inf,2.0540540540540544
0,32767,6,4,2,1,25.333333333333332,3.0,-inf,1.5510204081632653
0,32767,6,4,2,0,25.333333333333332,3.0,-inf,1.5510204081632653
0,32767,6,4,2,1,25.333333333333332,3.0,-inf,1.5510204081632653
0,32767,6,4,2,1,25.333333333333332,3.0,-inf,1.5510204081632653
0,32767,6,4,2,0,25.333333333333332,3.0,-inf,1.5510204081632653
0,32767,6,4,2,1,25.333333333333332,3.0,-inf,1.5510204081632653
0,32767,6,4,2,0,25.333333333333332,3.0,-inf,1.5510204081632653
0,32767,6,4,2,0,25.333333333333332,3.0,-inf,1.5510204081632653
0,32767,6,4,2,0,25.333333333333332,3.0,-inf,1.5510204081632653
0,32767,6,4,2,1,25.333333333333332,3.0,-inf,1.5510204081632653
0,32767,6,4,2,1,25.333333333333332,3.0,-inf,1.5510204081632653
0,32767,6,4,2,1,25.333333333333332,3.0,-inf,1.5510204081632653
0,32767,6,4,2,0,25.333333333333332,3.0,-inf,1.5510204081632653
0,32767,6,4,2,1,25.333333333333332,3.0,-inf,1.5510204081632653
0,32767,6,4,3,1,25.333333333333332,3.0,-inf,1.3818181818181818
0,32767,6,4,3,0,25.333333333333332,3.0,-inf,1.3818181818181818
0,32767,6,4,3,1,25.333333333333332,3.0,-inf,1.3818181818181818
0,32767,6,4,3,0,25.333333333333332,3.0,-inf,1.3818181818181818
0,32767,6,4,3,1,25.333333333333332,3.0,-inf,1.3818181818181818
0,32767,6,4,3,1,25.333333333333332,3.0,-inf,1.3818181818181818
0,32767,6,4,3,1,25.333333333333332,3.0,-inf,1.3818181818181818
0,32767,6,4,3,0,25.333333333333332,3.0,-inf,1.3818181818181818
0,32767,6,4,3,1,25.333333333333332,3.0,-inf,1.3818181818181818
0,32767,6,4,3,0,25.333333333333332,3.0,-inf,1.3818181818181818
0,32767,6,4,3,1,25.333333333333332,3.0,-inf,1.3818181818181818
0,32767,6,4,3,0,25.333333333333332,3.0,-inf,1.3818181818181818
0,32767,6,4,3,0,25.333333333333332,3.0,-inf,1.3818181818181818
0,32767,6,4,3,1,25.333333333333332,3.0,-inf,1.3818181818181818
0,32767,6,4,3,0,25.333333333333332,3.0,-inf,1.3818181818181818
0,32767,6,4,3,1,25.333333333333332,3.0,-inf,1.3818181818181818
0,32767,7,4,1,1,28.5,4.0,-inf,1.2127659574468086
0,32767,7,4,1,1,28.5,4.0,-inf,1.2127659574468086
0,32767,7,4,1,0,28.5,4.0,-inf,1.2127659574468086
0,32767,7,4,1,1,28.5,4.0,-inf,1.2127659574468086
0,32767,7,4,1,0,28.5,4.0,-inf,1.2127659574468086
0,32767,7,4,1,0,28.5,4.0,-inf,1.2127659574468086
0,32767,7,4,1,0,28.5,4.0,-inf,1.2127659574468086
0,32767,7,4,1,0,28.5,4.0,-inf,1.2127659574468086
0,32767,7,4,1,1,28.5,4.0,-inf,1.2127659574468086
0,32767,7,4,1,1,28.5,4.0,-inf,1.2127659574468086
0,32767,7,4,1,0,28.5,4.0,-inf,1.2127659574468086
0,32767,7,4,1,0,28.5,4.0,-inf,1.2127659574468086
0,32767,7,4,1,0,28.5,4.0,-inf,1.2127659574468086
0,32767,7,4,1,1,28.5,4.0,-inf,1.2127659574468086
0,32767,7,4,1,1,28.5,4.0,-inf,1.2127659574468086
0,32767,7,4,1,0,28.5,4.0,-inf,1.2127659574468086
0,32767,7,4,2,1,28.5,4.0,-inf,1.2127659574468086
0,32767,7,4,2,0,28.5,4.0,-inf,1.2127659574468086
0,32767,7,4,2,0,28.5,4.0,-inf,1.2127659574468086
0,32767,7,4,2,0,28.5,4.0,-inf,1.2127659574468086
0,32767,7,4,2,1,28.5,4.0,-inf,1.2127659574468086
0,32767,7,4,2,1,28.5,4.0,-inf,1.2127659574468086
0,32767,7,4,2,1,28.5,4.0,-inf,1.2127659574468086
0,32767,7,4,2,0,28.5,4.0,-inf,1.2127659574468086
0,32767,7,4,2,0,28.5,4.0,-inf,1.2127659574468086
0,32767,7,4,2,1,28.5,4.0,-inf,1.2127659574468086
0,32767,7,4,2,1,28.5,4.0,-inf,1.2127659574468086
0,32767,7,4,2,0,28.5,4.0,-inf,1.2127659574468086
0,32767,7,4,2,1,28.5,4.0,-inf,1.2127659574468086
0,32767,7,4,2,1,28.5,4.0,-inf,1.2127659574468086
0,32767,7,4,2,1,28.5,4.0,-inf,1.2127659574468086
0,32767,7,4,2,0,28.5,4.0,-inf,1.2127659574468086
0,32767,7,4,2,0,28.5,4.0,-inf,1.2127659574468086
0,32767,7,4,2,1,28.5,4.0,-inf,1.2127659574468086
0,32767,7,4,2,0,28.5,4.0,-inf,1.2127659574468086
0,32767,7,4,3,1,28.5,4.0,-inf,1.3902439024390243
0,32767,7,4,3,0,28.5,4.0,-inf,1.3902439024390243
0,32767,7,4,3,1,28.5,4.0,-inf,1.3902439024390243
0,32767,7,4,3,1,28.5,4.0,-inf,1.3902439024390243
0,32767,7,4,3,1,28.5,4.0,-inf,1.3902439024390243
0,32767,7,4,3,0,28.5,4.0,-inf,1.3902439024390243
0,32767,7,4,3,1,28.5,4.0,-inf,1.3902439024390243
0,32767,7,4,3,1,28.5,4.0,-inf,1.3902439024390243
0,32767,7,4,3,1,28.5,4.0,-inf,1.3902439024390243
0,32767,7,4,3,0,28.5,4.0,-inf,1.3902439024390243
0,32767,7,4,3,0,28.5,4.0,-inf,1.3902439024390243
0,32767,7,4,3,0,28.5,4.0,-inf,1.3902439024390243
0,32767,7,4,3,0,28.5,4.0,-inf,1.3902439024390243
0,32767,7,4,3,0,28.5,4.0,-inf,1.3902439024390243
0,32767,7,4,3,1,28.5,4.0,-inf,1.3902439024390243
0,32767,7,4,4,1,28.5,4.0,-inf,1.2127659574468086
0,32767,7,4,4,1,28.5,4.0,-inf,1.2127659574468086
0,32767,7,4,4,1,28.5,4.0,-inf,1.2127659574468086
0,32767,7,4,4,1,28.5,4.0,-inf,1.2127659574468086
0,32767,7,4,4,0,28.5,4.0,-inf,1.2127659574468086
0,32767,7,4,4,0,28.5,4.0,-inf,1.2127659574468086
0,32767,7,4,4,0,28.5,4.0,-inf,1.2127659574468086
0,32767,7,4,4,0,28.5,4.0,-inf,1.2127659574468086
0,32767,7,4,4,0,28.5,4.0,-inf,1.2127659574468086
0,32767,7,4,4,0,28.5,4.0,-inf,1.2127659574468086
0,32767,7,4,4,0,28.5,4.0,-inf,1.2127659574468086
0,32767,7,4,4,0,28.5,4.0,-inf,1.2127659574468086
0,32767,7,4,4,0,28.5,4.0,-inf,1.2127659574468086
0,32767,7,4,4,0,28.5,4.0,-inf,1.2127659574468086
0,32767,7,4,4,1,28.5,4.0,-inf,1.2127659574468086
0,32767,7,4,4,1,28.5,4.0,-inf,1.2127659574468086
0,32767,7,4,4,1,28.5,4.0,-inf,1.2127659574468086
0,32767,7,4,4,0,28.5,4.0,-inf,1.2127659574468086
0,32767,7,4,4,1,28.5,4.0,-inf,1.2127659574468086
0,32767,8,4,1,0,31.250000000000004,4.0,-inf,1.8115942028985506
0,32767,8,4,1,0,31.250000000000004,4.0,-inf,1.8115942028985506
0,32767,8,4,1,1,31.250000000000004,4.0,-inf,1.8115942028985506
0,32767,8,4,1,1,31.250000000000004,4.0,-inf,1.8115942028985506
0,32767,8,4,1,0,31.250000000000004,4.0,-inf,1.8115942028985506
0,32767,8,4,1,1,31.250000000000004,4.0,-inf,1.8115942028985506
0,32767,8,4,1,1,31.250000000000004,4.0,-inf,1.8115942028985506
0,32767,8,4,1,0,31.250000000000004,4.0,-inf,1.8115942028985506
0,32767,8,4,1,0,31.250000000000004,4.0,-inf,1.8115942028985506
0,32767,8,4,1,1,31.250000000000004,4.0,-inf,1.8115942028985506
0,32767,8,4,1,0,31.250000000000004,4.0,-inf,1.8115942028985506
0,32767,8,4,1,1,31.250000000000004,4.0,-inf,1.8115942028985506
0,32767,8,4,1,1,31.250000000000004,4.0,-inf,1.8115942028985506
0,32767,8,4,1,1,31.250000000000004,4.0,-inf,1.8115942028985506
0,32767,8,4,2,1,31.250000000000004,4.0,-inf,1.2376237623762376
0,32767,8,4,2,1,31.250000000000004,4.0,-inf,1.2376237623762376
0,32767,8,4,2,0,31.250000000000004,4.0,-inf,1.2376237623762376
0,32767,8,4,2,1,31.250000000000004,4.0,-inf,1.2376237623762376
0,32767,8,4,2,0,31.250000000000004,4.0,-inf,1.2376237623762376
0,32767,8,4,2,1,31.250000000000004,4.0,-inf,1.2376237623762376
0,32767,8,4,2,0,31.250000000000004,4.0,-inf,1.2376237623762376
0,32767,8,4,2,1,31.250000000000004,4.0,-inf,1.2376237623762376
0,32767,8,4,2,1,31.250000000000004,4.0,-inf,1.2376237623762376
0,32767,8,4,2,0,31.250000000000004,4.0,-inf,1.2376237623762376
0,32767,8,4,2,0,31.250000000000004,4.0,-inf,1.2376237623762376
0,32767,8,4,2,0,31.250000000000004,4.0,-inf,1.2376237623762376
0,32767,8,4,2,0,31.250000000000004,4.0,-inf,1.2376237623762376
0,32767,8,4,2,1,31.250000000000004,4.0,-inf,1.2376237623762376
0,32767,8,4,2,0,31.250000000000004,4.0,-inf,1.2376237623762376
0,32767,8,4,2,0,31.250000000000004,4.0,-inf,1.2376237623762376
0,32767,8,4,2,0,31.250000000000004,4.0,-inf,1.2376237623762376
0,32767,8,4,2,1,31.250000000000004,4.0,-inf,1.2376237623762376
0,32767,8,4,2,1,31.250000000000004,4.0,-inf,1.2376237623762376
0,32767,8,4,2,0,31.250000000000004,4.0,-inf,1.2376237623762376
0,32767,8,4,2,1,31.250000000000004,4.0,-inf,1.2376237623762376
0,32767,8,4,3,0,31.250000000000004,4.0,-inf,1.404494382022472
0,32767,8,4,3,0,31.250000000000004,4.0,-inf,1.404494382022472
0,32767,8,4,3,1,31.250000000000004,4.0,-inf,1.404494382022472
0,32767,8,4,3,1,31.250000000000004,4.0,-inf,1.404494382022472
0,32767,8,4,3,0,31.250000000000004,4.0,-inf,1.404494382022472
0,32767,8,4,3,1,31.250000000000004,4.0,-inf,1.404494382022472
0,32767,8,4,3,0,31.250000000000004,4.0,-inf,1.404494382022472
0,32767,8,4,3,0,31.250000000000004,4.0,-inf,1.404494382022472
0,32767,8,4,3,1,31.250000000000004,4.0,-inf,1.404494382022472
0,32767,8,4,3,1,31.250000000000004,4.0,-inf,1.404494382022472
0,32767,8,4,3,1,31.250000000000004,4.0,-inf,1.404494382022472
0,32767,8,4,3,1,31.250000000000004,4.0,-inf,1.404494382022472
0,32767,8,4,3,0,31.250000000000004,4.0,-inf,1.404494382022472
0,32767,8,4,3,0,31.250000000000004,4.0,-inf,1.404494382022472
0,32767,8,4,3,0,31.250000000000004,4.0,-inf,1.404494382022472
0,32767,8,4,3,0,31.250000000000004,4.0,-inf,1.404494382022472
0,32767,8,4,3,0,31.250000000000004,4.0,-inf,1.404494382022472
0,32767,8,4,4,1,31.250000000000004,4.0,-inf,3.3783783783783785
0,32767,8,4,4,1,31.250000000000004,4.0,-inf,3.3783783783783785
0,32767,8,4,4,1,31.250000000000004,4.0,-inf,3.3783783783783785
0,32767,8,4,4,1,31.250000000000004,4.0,-inf,3.3783783783783785
0,32767,8,4,4,0,31.250000000000004,4.0,-inf,3.3783783783783785
0,32767,8,4,1,0,31.250000000000004,4.0,-inf,1.8115942028985506
0,32767,9,4,1,0,29.0,5.0,-inf,1.45
0,32767,9,4,1,0,29.0,5.0,-inf,1.45
0,32767,9,4,1,0,29.0,5.0,-inf,1.45
0,32767,9,4,1,1,29.0,5.0,-inf,1.45
0,32767,9,4,1,1,29.0,5.0,-inf,1.45
0,32767,9,4,1,1,29.0,5.0,-inf,1.45
0,32767,9,4,1,1,29.0,5.0,-inf,1.45
0,32767,9,4,1,1,29.0,5.0,-inf,1.45
0,32767,9,4,1,1,29.0,5.0,-inf,1.45
0,32767,9,4,1,0,29.0,5.0,-inf,1.45
0,32767,9,4,1,1,29.0,5.0,-inf,1.45
0,32767,9,4,1,0,29.0,5.0,-inf,1.45
0,32767,9,4,1,0,29.0,5.0,-inf,1.45
0,32767,9,4,1,1,29.0,5.0,-inf,1.45
0,32767,9,4,2,0,29.0,5.0,-inf,1.1153846153846154
0,32767,9,4,2,0,29.0,5.0,-inf,1.1153846153846154
0,32767,9,4,2,0,29.0,5.0,-inf,1.1153846153846154
0,32767,9,4,2,0,29.0,5.0,-inf,1.1153846153846154
0,32767,9,4,2,0,29.0,5.0,-inf,1.1153846153846154
0,32767,9,4,2,1,29.0,5.0,-inf,1.1153846153846154
0,32767,9,4,2,1,29.0,5.0,-inf,1.1153846153846154
0,32767,9,4,2,1,29.0,5.0,-inf,1.1153846153846154
0,32767,9,4,2,1,29.0,5.0,-inf,1.1153846153846154
0,32767,9,4,2,0,29.0,5.0,-inf,1.1153846153846154
0,32767,9,4,2,1,29.0,5.0,-inf,1.1153846153846154
0,32767,9,4,2,1,29.0,5.0,-inf,1.1153846153846154
0,32767,9,4,2,1,29.0,5.0,-inf,1.1153846153846154
0,32767,9,4,2,1,29.0,5.0,-inf,1.1153846153846154
0,32767,9,4,2,0,29.0,5.0,-inf,1.1153846153846154
0,32767,9,4,2,1,29.0,5.0,-inf,1.1153846153846154
0,32767,9,4,2,0,29.0,5.0,-inf,1.1153846153846154
0,32767,9,4,3,1,29.0,5.0,-inf,1.2083333333333333
0,32767,9,4,3,1,29.0,5.0,-inf,1.2083333333333333
0,32767,9,4,3,1,29.0,5.0,-inf,1.2083333333333333
0,32767,9,4,3,1,29.0,5.0,-inf,1.2083333333333333
0,32767,9,4,3,1,29.0,5.0,-inf,1.2083333333333333
0,32767,9,4,3,1,29.0,5.0,-inf,1.2083333333333333
0,32767,9,4,3,1,29.0,5.0,-inf,1.2083333333333333
0,32767,9,4,3,1,29.0,5.0,-inf,1.2083333333333333
0,32767,9,4,3,0,29.0,5.0,-inf,1.2083333333333333
0,32767,9,4,3,1,29.0,5.0,-inf,1.2083333333333333
0,32767,9,4,3,1,29.0,5.0,-inf,1.2083333333333333
0,32767,9,4,3,1,29.0,5.0,-inf,1.2083333333333333
0,32767,9,4,3,1,29.0,5.0,-inf,1.2083333333333333
0,32767,9,4,3,1,29.0,5.0,-inf,1.2083333333333333
0,32767,9,4,3,0,29.0,5.0,-inf,1.2083333333333333
0,32767,9,4,3,1,29.0,5.0,-inf,1.2083333333333333
0,32767,9,4,3,0,29.0,5.0,-inf,1.2083333333333333
0,32767,9,4,3,0,29.0,5.0,-inf,1.2083333333333333
0,32767,9,4,4,0,29.0,5.0,-inf,1.45
0,32767,9,4,4,0,29.0,5.0,-inf,1.45
0,32767,9,4,4,1,29.0,5.0,-inf,1.45
0,32767,9,4,4,0,29.0,5.0,-inf,1.45
0,32767,9,4,4,1,29.0,5.0,-inf,1.45
0,32767,9,4,4,0,29.0,5.0,-inf,1.45
0,32767,9,4,4,1,29.0,5.0,-inf,1.45
0,32767,9,4,4,0,29.0,5.0,-inf,1.45
0,32767,9,4,4,1,29.0,5.0,-inf,1.45
0,32767,9,4,4,0,29.0,5.0,-inf,1.45
0,32767,9,4,4,1,29.0,5.0,-inf,1.45
0,32767,9,4,4,0,29.0,5.0,-inf,1.45
0,32767,9,4,4,0,29.0,5.0,-inf,1.45
0,32767,9,4,4,1,29.0,5.0,-inf,1.45
0,32767,9,4,4,0,29.0,5.0,-inf,1.45
0,32767,9,4,4,1,29.0,5.0,-inf,1.45
0,32767,9,4,4,1,29.0,5.0,-inf,1.45
0,32767,9,4,4,1,29.0,5.0,-inf,1.45
0,32767,9,4,4,0,29.0,5.0,-inf,1.45
0,32767,9,4,4,1,29.0,5.0,-inf,1.45
0,32767,9,4,4,0,29.0,5.0,-inf,1.45
0,32767,9,4,5,0,29.0,5.0,-inf,1.2608695652173914
0,32767,9,4,5,1,29.0,5.0,-inf,1.2608695652173914
0,32767,9,4,5,0,29.0,5.0,-inf,1.2608695652173914
0,32767,9,4,5,0,29.0,5.0,-inf,1.2608695652173914
0,32767,9,4,5,1,29.0,5.0,-inf,1.2608695652173914
0,32767,9,4,5,0,29.0,5.0,-inf,1.2608695652173914
0,32767,9,4,5,1,29.0,5.0,-inf,1.2608695652173914
0,32767,9,4,5,0,29.0,5.0,-inf,1.2608695652173914
0,32767,9,4,5,1,29.0,5.0,-inf,1.2608695652173914
0,32767,9,4,5,1,29.0,5.0,-inf,1.2608695652173914
0,32767,9,4,5,0,29.0,5.0,-inf,1.2608695652173914
0,32767,9,4,5,1,29.0,5.0,-inf,1.2608695652173914
0,32767,9,4,5,0,29.0,5.0,-inf,1.2608695652173914
0,32767,9,4,5,1,29.0,5.0,-inf,1.2608695652173914
0,32767,9,4,5,1,29.0,5.0,-inf,1.2608695652173914
0,32767,9,4,5,1,29.0,5.0,-inf,1.2608695652173914
0,32767,10,4,1,0,27.0,2.0,-inf,1.0
0,32767,10,4,1,0,27.0,2.0,-inf,1.0
0,32767,10,4,1,1,27.0,2.0,-inf,1.0
0,32767,10,4,1,0,27.0,2.0,-inf,1.0
0,32767,10,4,1,1,27.0,2.0,-inf,1.0
0,32767,10,4,1,1,27.0,2.0,-inf,1.0
0,32767,10,4,1,0,27.0,2.0,-inf,1.0
0,32767,10,4,1,1,27.0,2.0,-inf,1.0
0,32767,10,4,1,1,27.0,2.0,-inf,1.0
0,32767,10,4,1,1,27.0,2.0,-inf,1.0
0,32767,10,4,1,1,27.0,2.0,-inf,1.0
0,32767,10,4,1,1,27.0,2.0,-inf,1.0
0,32767,10,4,1,0,27.0,2.0,-inf,1.0
0,32767,10,4,1,0,27.0,2.0,-inf,1.0
0,32767,10,4,1,0,27.0,2.0,-inf,1.0
0,32767,10,4,1,0,27.0,2.0,-inf,1.0
0,32767,10,4,1,1,27.0,2.0,-inf,1.0
0,32767,10,4,1,1,27.0,2.0,-inf,1.0
0,32767,10,4,1,0,27.0,2.0,-inf,1.0
0,32767,10,4,1,0,27.0,2.0,-inf,1.0
0,32767,10,4,1,1,27.0,2.0,-inf,1.0
0,32767,10,4,1,0,27.0,2.0,-inf,1.0
0,32767,10,4,1,0,27.0,2.0,-inf,1.0
0,32767,10,4,1,0,27.0,2.0,-inf,1.0
0,32767,10,4,2,0,27.0,2.0,-inf,1.1739130434782608
0,32767,10,4,2,0,27.0,2.0,-inf,1.1739130434782608
0,32767,10,4,2,1,27.0,2.0,-inf,1.1739130434782608
0,32767,10,4,2,1,27.0,2.0,-inf,1.1739130434782608
0,32767,10,4,2,0,27.0,2.0,-inf,1.1739130434782608
0,32767,10,4,2,1,27.0,2.0,-inf,1.1739130434782608
0,32767,10,4,2,0,27.0,2.0,-inf,1.1739130434782608
0,32767,10,4,2,1,27.0,2.0,-inf,1.1739130434782608
0,32767,10,4,2,0,27.0,2.0,-inf,1.1739130434782608
0,32767,10,4,2,0,27.0,2.0,-inf,1.1739130434782608
0,32767,10,4,2,0,27.0,2.0,-inf,1.1739130434782608
0,32767,10,4,2,0,27.0,2.0,-inf,1.1739130434782608
0,32767,10,4,2,0,27.0,2.0,-inf,1.1739130434782608
0,32767,10,4,2,1,27.0,2.0,-inf,1.1739130434782608
0,32767,10,4,2,0,27.0,2.0,-inf,1.1739130434782608
0,32767,10,4,2,1,27.0,2.0,-inf,1.1739130434782608
0,32767,10,4,2,0,27.0,2.0,-inf,1.1739130434782608
0,32767,10,4,2,1,27.0,2.0,-inf,1.1739130434782608
0,32767,10,4,2,0,27.0,2.0,-inf,1.1739130434782608
0,32767,11,4,1,0,31.600000000000005,5.0,-inf,1.0
0,32767,11,4,1,1,31.600000000000005,5.0,-inf,1.0
0,32767,11,4,1,0,31.600000000000005,5.0,-inf,1.0
0,32767,11,4,1,0,31.600000000000005,5.0,-inf,1.0
0,32767,11,4,1,0,31.600000000000005,5.0,-inf,1.0
0,32767,11,4,1,0,31.600000000000005,5.0,-inf,1.0
0,32767,11,4,1,1,31.600000000000005,5.0,-inf,1.0
0,32767,11,4,1,0,31.600000000000005,5.0,-inf,1.0
0,32767,11,4,1,1,31.600000000000005,5.0,-inf,1.0
0,32767,11,4,1,0,31.600000000000005,5.0,-inf,1.0
0,32767,11,4,1,0,31.600000000000005,5.0,-inf,1.0
0,32767,11,4,1,1,31.600000000000005,5.0,-inf,1.0
0,32767,11,4,1,0,31.600000000000005,5.0,-inf,1.0
0,32767,11,4,1,1,31.600000000000005,5.0,-inf,1.0
0,32767,11,4,1,1,31.600000000000005,5.0,-inf,1.0
0,32767,11,4,1,1,31.600000000000005,5.0,-inf,1.0
0,32767,11,4,1,1,31.600000000000005,5.0,-inf,1.0
0,32767,11,4,1,0,31.600000000000005,5.0,-inf,1.0
0,32767,11,4,1,0,31.600000000000005,5.0,-inf,1.0
0,32767,11,4,1,0,31.600000000000005,5.0,-inf,1.0
0,32767,11,4,1,1,31.600000000000005,5.0,-inf,1.0
0,32767,11,4,1,0,31.600000000000005,5.0,-inf,1.0
0,32767,11,4,2,0,31.600000000000005,5.0,-inf,1.2845528455284552
0,32767,11,4,2,1,31.600000000000005,5.0,-inf,1.2845528455284552
0,32767,11,4,2,0,31.600000000000005,5.0,-inf,1.2845528455284552
0,32767,11,4,2,0,31.600000000000005,5.0,-inf,1.2845528455284552
0,32767,11,4,2,1,31.600000000000005,5.0,-inf,1.2845528455284552
0,32767,11,4,2,0,31.600000000000005,5.0,-inf,1.2845528455284552
0,32767,11,4,2,0,31.600000000000005,5.0,-inf,1.2845528455284552
0,32767,11,4,2,1,31.600000000000005,5.0,-inf,1.2845528455284552
0,32767,11,4,2,1,31.600000000000005,5.0,-inf,1.2845528455284552
0,32767,11,4,2,1,31.600000000000005,5.0,-inf,1.2845528455284552
0,32767,11,4,2,0,31.600000000000005,5.0,-inf,1.2845528455284552
0,32767,11,4,2,0,31.600000000000005,5.0,-inf,1.2845528455284552
0,32767,11,4,2,1,31.600000000000005,5.0,-inf,1.2845528455284552
0,32767,11,4,2,1,31.600000000000005,5.0,-inf,1.2845528455284552
0,32767,11,4,2,1,31.600000000000005,5.0,-inf,1.2845528455284552
0,32767,11,4,2,0,31.600000000000005,5.0,-inf,1.2845528455284552
0,32767,11,4,2,1,31.600000000000005,5.0,-inf,1.2845528455284552
0,32767,11,4,2,0,31.600000000000005,5.0,-inf,1.2845528455284552
0,32767,11,4,2,0,31.600000000000005,5.0,-inf,1.2845528455284552
0,32767,11,4,3,0,31.600000000000005,5.0,-inf,1.144927536231884
0,32767,11,4,3,1,31.600000000000005,5.0,-inf,1.144927536231884
0,32767,11,4,3,1,31.600000000000005,5.0,-inf,1.144927536231884
0,32767,11,4,3,0,31.600000000000005,5.0,-inf,1.144927536231884
0,32767,11,4,3,0,31.600000000000005,5.0,-inf,1.144927536231884
0,32767,11,4,3,0,31.600000000000005,5.0,-inf,1.144927536231884
0,32767,11,4,3,1,31.600000000000005,5.0,-inf,1.144927536231884
0,32767,11,4,3,1,31.600000000000005,5.0,-inf,1.144927536231884
0,32767,11,4,3,1,31.600000000000005,5.0,-inf,1.144927536231884
0,32767,11,4,3,0,31.600000000000005,5.0,-inf,1.144927536231884
0,32767,11,4,3,1,31.600000000000005,5.0,-inf,1.144927536231884
0,32767,11,4,3,1,31.600000000000005,5.0,-inf,1.144927536231884
0,32767,11,4,3,1,31.600000000000005,5.0,-inf,1.144927536231884
0,32767,11,4,3,0,31.600000000000005,5.0,-inf,1.144927536231884
0,32767,11,4,3,0,31.600000000000005,5.0,-inf,1.144927536231884
0,32767,11,4,3,1,31.600000000000005,5.0,-inf,1.144927536231884
0,32767,11,4,3,1,31.600000000000005,5.0,-inf,1.144927536231884
0,32767,11,4,3,1,31.600000000000005,5.0,-inf,1.144927536231884
0,32767,11,4,3,0,31.600000000000005,5.0,-inf,1.144927536231884
0,32767,11,4,3,0,31.600000000000005,5.0,-inf,1.144927536231884
0,32767,11,4,3,0,31.600000000000005,5.0,-inf,1.144927536231884
0,32767,11,4,4,1,31.600000000000005,5.0,-inf,1.1879699248120301
0,32767,11,4,4,0,31.600000000000005,5.0,-inf,1.1879699248120301
0,32767,11,4,4,0,31.600000000000005,5.0,-inf,1.1879699248120301
0,32767,11,4,4,1,31.600000000000005,5.0,-inf,1.1879699248120301
0,32767,11,4,4,0,31.600000000000005,5.0,-inf,1.1879699248120301
0,32767,11,4,4,1,31.600000000000005,5.0,-inf,1.1879699248120301
0,32767,11,4,4,0,31.600000000000005,5.0,-inf,1.1879699248120301
0,32767,11,4,4,1,31.600000000000005,5.0,-inf,1.1879699248120301
0,32767,11,4,4,0,31.600000000000005,5.0,-inf,1.1879699248120301
0,32767,11,4,5,1,31.600000000000005,5.0,-inf,1.1048951048951048
0,32767,11,4,4,0,31.600000000000005,5.0,-inf,1.1879699248120301
0,32767,11,4,4,0,31.600000000000005,5.0,-inf,1.1879699248120301
0,32767,11,4,4,0,31.600000000000005,5.0,-inf,1.1879699248120301
0,32767,11,4,4,1,31.600000000000005,5.0,-inf,1.1879699248120301
0,32767,11,4,4,1,31.600000000000005,5.0,-inf,1.1879699248120301
0,32767,11,4,4,1,31.600000000000005,5.0,-inf,1.1879699248120301
0,32767,11,4,4,0,31.600000000000005,5.0,-inf,1.1879699248120301
0,32767,11,4,4,1,31.600000000000005,5.0,-inf,1.1879699248120301
0,32767,11,4,4,0,31.600000000000005,5.0,-inf,1.1879699248120301
0,32767,11,4,5,0,31.600000000000005,5.0,-inf,1.1048951048951048
0,32767,11,4,5,1,31.600000000000005,5.0,-inf,1.1048951048951048
0,32767,11,4,5,0,31.600000000000005,5.0,-inf,1.1048951048951048
0,32767,11,4,5,0,31.600000000000005,5.0,-inf,1.1048951048951048
0,32767,11,4,5,0,31.600000000000005,5.0,-inf,1.1048951048951048
0,32767,11,4,5,0,31.600000000000005,5.0,-inf,1.1048951048951048
0,32767,11,4,5,1,31.600000000000005,5.0,-inf,1.1048951048951048
0,32767,11,4,5,1,31.600000000000005,5.0,-inf,1.1048951048951048
0,32767,11,4,5,0,31.600000000000005,5.0,-inf,1.1048951048951048
0,32767,11,4,5,0,31.600000000000005,5.0,-inf,1.1048951048951048
0,32767,11,4,5,1,31.600000000000005,5.0,-inf,1.1048951048951048
0,32767,11,4,5,1,31.600000000000005,5.0,-inf,1.1048951048951048
0,32767,11,4,5,0,31.600000000000005,5.0,-inf,1.1048951048951048
0,32767,11,4,5,1,31.600000000000005,5.0,-inf,1.1048951048951048
0,32767,11,4,5,1,31.600000000000005,5.0,-inf,1.1048951048951048
0,32767,11,4,5,0,31.600000000000005,5.0,-inf,1.1048951048951048
0,32767,11,4,5,1,31.600000000000005,5.0,-inf,1.1048951048951048
0,32767,11,4,5,0,31.600000000000005,5.0,-inf,1.1048951048951048
0,32767,11,4,5,1,31.600000000000005,5.0,-inf,1.1048951048951048
0,32767,11,4,5,1,31.600000000000005,5.0,-inf,1.1048951048951048
0,32767,12,4,1,1,19.0,1.0,-inf,1.5833333333333335
0,32767,12,4,1,1,19.0,1.0,-inf,1.5833333333333335
0,32767,12,4,1,1,19.0,1.0,-inf,1.5833333333333335
0,32767,12,4,1,1,19.0,1.0,-inf,1.5833333333333335
0,32767,12,4,1,1,19.0,1.0,-inf,1.5833333333333335
0,32767,12,4,1,1,19.0,1.0,-inf,1.5833333333333335
0,32767,12,4,1,0,19.0,1.0,-inf,1.5833333333333335
0,32767,13,4,1,0,24.333333333333332,3.0,-inf,1.042857142857143
0,32767,13,4,1,1,24.333333333333332,3.0,-inf,1.042857142857143
0,32767,13,4,1,0,24.333333333333332,3.0,-inf,1.042857142857143
0,32767,13,4,1,1,24.333333333333332,3.0,-inf,1.042857142857143
0,32767,13,4,1,1,24.333333333333332,3.0,-inf,1.042857142857143
0,32767,13,4,1,1,24.333333333333332,3.0,-inf,1.042857142857143
0,32767,13,4,1,1,24.333333333333332,3.0,-inf,1.042857142857143
0,32767,13,4,1,1,24.333333333333332,3.0,-inf,1.042857142857143
0,32767,13,4,1,1,24.333333333333332,3.0,-inf,1.042857142857143
0,32767,13,4,1,1,24.333333333333332,3.0,-inf,1.042857142857143
0,32767,13,4,1,1,24.333333333333332,3.0,-inf,1.042857142857143
0,32767,13,4,1,0,24.333333333333332,3.0,-inf,1.042857142857143
0,32767,13,4,1,1,24.333333333333332,3.0,-inf,1.042857142857143
0,32767,13,4,1,0,24.333333333333332,3.0,-inf,1.042857142857143
0,32767,13,4,1,1,24.333333333333332,3.0,-inf,1.042857142857143
0,32767,13,4,1,0,24.333333333333332,3.0,-inf,1.042857142857143
0,32767,13,4,1,0,24.333333333333332,3.0,-inf,1.042857142857143
0,32767,13,4,1,0,24.333333333333332,3.0,-inf,1.042857142857143
0,32767,13,4,1,0,24.333333333333332,3.0,-inf,1.042857142857143
0,32767,13,4,1,1,24.333333333333332,3.0,-inf,1.042857142857143
0,32767,13,4,2,1,24.333333333333332,3.0,-inf,1.9729729729729728
0,32767,13,4,2,1,24.333333333333332,3.0,-inf,1.9729729729729728
0,32767,13,4,2,0,24.333333333333332,3.0,-inf,1.9729729729729728
0,32767,13,4,2,1,24.333333333333332,3.0,-inf,1.9729729729729728
0,32767,13,4,2,0,24.333333333333332,3.0,-inf,1.9729729729729728
0,32767,13,4,2,1,24.333333333333332,3.0,-inf,1.9729729729729728
0,32767,13,4,2,1,24.333333333333332,3.0,-inf,1.9729729729729728
0,32767,13,4,2,0,24.333333333333332,3.0,-inf,1.9729729729729728
0,32767,13,4,2,0,24.333333333333332,3.0,-inf,1.9729729729729728
0,32767,13,4,2,0,24.333333333333332,3.0,-inf,1.9729729729729728
0,32767,13,4,3,0,24.333333333333332,3.0,-inf,1.140625
0,32767,13,4,3,0,24.333333333333332,3.0,-inf,1.140625
0,32767,13,4,3,0,24.333333333333332,3.0,-inf,1.140625
0,32767,13,4,3,1,24.333333333333332,3.0,-inf,1.140625
0,32767,13,4,3,1,24.333333333333332,3.0,-inf,1.140625
0,32767,13,4,3,0,24.333333333333332,3.0,-inf,1.140625
0,32767,13,4,3,0,24.333333333333332,3.0,-inf,1.140625
0,32767,13,4,3,1,24.333333333333332,3.0,-inf,1.140625
0,32767,13,4,3,1,24.333333333333332,3.0,-inf,1.140625
0,32767,13,4,3,1,24.333333333333332,3.0,-inf,1.140625
0,32767,13,4,3,1,24.333333333333332,3.0,-inf,1.140625
0,32767,13,4,3,1,24.333333333333332,3.0,-inf,1.140625
0,32767,13,4,3,1,24.333333333333332,3.0,-inf,1.140625
0,32767,13,4,3,1,24.333333333333332,3.0,-inf,1.140625
0,32767,13,4,3,1,24.333333333333332,3.0,-inf,1.140625
0,32767,13,4,3,0,24.333333333333332,3.0,-inf,1.140625
0,32767,13,4,3,1,24.333333333333332,3.0,-inf,1.140625
0,32767,13,4,3,0,24.333333333333332,3.0,-inf,1.140625
0,32767,13,4,3,1,24.333333333333332,3.0,-inf,1.140625
0,32767,13,4,3,0,24.333333333333332,3.0,-inf,1.140625
0,32767,14,4,1,0,27.5,4.0,-inf,1.1702127659574468
0,32767,14,4,1,0,27.5,4.0,-inf,1.1702127659574468
0,32767,14,4,1,1,27.5,4.0,-inf,1.1702127659574468
0,32767,14,4,1,0,27.5,4.0,-inf,1.1702127659574468
0,32767,14,4,1,0,27.5,4.0,-inf,1.1702127659574468
0,32767,14,4,1,0,27.5,4.0,-inf,1.1702127659574468
0,32767,14,4,1,0,27.5,4.0,-inf,1.1702127659574468
0,32767,14,4,1,1,27.5,4.0,-inf,1.1702127659574468
0,32767,14,4,1,1,27.5,4.0,-inf,1.1702127659574468
0,32767,14,4,1,0,27.5,4.0,-inf,1.1702127659574468
0,32767,14,4,1,0,27.5,4.0,-inf,1.1702127659574468
0,32767,14,4,1,1,27.5,4.0,-inf,1.1702127659574468
0,32767,14,4,1,1,27.5,4.0,-inf,1.1702127659574468
0,32767,14,4,1,1,27.5,4.0,-inf,1.1702127659574468
0,32767,14,4,1,0,27.5,4.0,-inf,1.1702127659574468
0,32767,14,4,1,0,27.5,4.0,-inf,1.1702127659574468
0,32767,14,4,2,1,27.5,4.0,-inf,1.222222222222222
0,32767,14,4,2,0,27.5,4.0,-inf,1.222222222222222
0,32767,14,4,2,1,27.5,4.0,-inf,1.222222222222222
0,32767,14,4,2,1,27.5,4.0,-inf,1.222222222222222
0,32767,14,4,2,1,27.5,4.0,-inf,1.222222222222222
0,32767,14,4,2,1,27.5,4.0,-inf,1.222222222222222
0,32767,14,4,2,1,27.5,4.0,-inf,1.222222222222222
0,32767,14,4,2,0,27.5,4.0,-inf,1.222222222222222
0,32767,14,4,2,0,27.5,4.0,-inf,1.222222222222222
0,32767,14,4,2,1,27.5,4.0,-inf,1.222222222222222
0,32767,14,4,2,0,27.5,4.0,-inf,1.222222222222222
0,32767,14,4,2,1,27.5,4.0,-inf,1.222222222222222
0,32767,14,4,2,1,27.5,4.0,-inf,1.222222222222222
0,32767,14,4,2,0,27.5,4.0,-inf,1.222222222222222
0,32767,14,4,2,0,27.5,4.0,-inf,1.222222222222222
0,32767,14,4,2,1,27.5,4.0,-inf,1.222222222222222
0,32767,14,4,2,0,27.5,4.0,-inf,1.222222222222222
0,32767,14,4,3,1,27.5,4.0,-inf,1.0377358490566038
0,32767,14,4,3,0,27.5,4.0,-inf,1.0377358490566038
0,32767,14,4,3,0,27.5,4.0,-inf,1.0377358490566038
0,32767,14,4,3,0,27.5,4.0,-inf,1.0377358490566038
0,32767,14,4,3,0,27.5,4.0,-inf,1.0377358490566038
0,32767,14,4,3,0,27.5,4.0,-inf,1.0377358490566038
0,32767,14,4,3,0,27.5,4.0,-inf,1.0377358490566038
0,32767,14,4,3,1,27.5,4.0,-inf,1.0377358490566038
0,32767,14,4,3,1,27.5,4.0,-inf,1.0377358490566038
0,32767,14,4,3,1,27.5,4.0,-inf,1.0377358490566038
0,32767,14,4,3,0,27.5,4.0,-inf,1.0377358490566038
0,32767,14,4,3,1,27.5,4.0,-inf,1.0377358490566038
0,32767,14,4,3,1,27.5,4.0,-inf,1.0377358490566038
0,32767,14,4,3,0,27.5,4.0,-inf,1.0377358490566038
0,32767,14,4,3,1,27.5,4.0,-inf,1.0377358490566038
0,32767,14,4,3,1,27.5,4.0,-inf,1.0377358490566038
0,32767,14,4,3,1,27.5,4.0,-inf,1.0377358490566038
0,32767,14,4,3,0,27.5,4.0,-inf,1.0377358490566038
0,32767,14,4,3,1,27.5,4.0,-inf,1.0377358490566038
0,32767,14,4,4,1,27.5,4.0,-inf,1.1224489795918369
0,32767,14,4,4,0,27.5,4.0,-inf,1.1224489795918369
0,32767,14,4,4,0,27.5,4.0,-inf,1.1224489795918369
0,32767,14,4,4,1,27.5,4.0,-inf,1.1224489795918369
0,32767,14,4,4,1,27.5,4.0,-inf,1.1224489795918369
0,32767,14,4,4,0,27.5,4.0,-inf,1.1224489795918369
0,32767,14,4,4,0,27.5,4.0,-inf,1.1224489795918369
0,32767,14,4,4,1,27.5,4.0,-inf,1.1224489795918369
0,32767,14,4,4,0,27.5,4.0,-inf,1.1224489795918369
0,32767,14,4,4,0,27.5,4.0,-inf,1.1224489795918369
0,32767,14,4,4,1,27.5,4.0,-inf,1.1224489795918369
0,32767,14,4,4,1,27.5,4.0,-inf,1.1224489795918369
0,32767,14,4,4,0,27.5,4.0,-inf,1.1224489795918369
0,32767,14,4,4,1,27.5,4.0,-inf,1.1224489795918369
0,32767,14,4,4,1,27.5,4.0,-inf,1.1224489795918369
0,32767,15,4,1,1,34.0,2.0,-inf,1.5454545454545454
0,32767,15,4,1,1,34.0,2.0,-inf,1.5454545454545454
0,32767,15,4,1,0,34.0,2.0,-inf,1.5454545454545454
0,32767,15,4,1,1,34.0,2.0,-inf,1.5454545454545454
0,32767,15,4,1,0,34.0,2.0,-inf,1.5454545454545454
0,32767,15,4,1,1,34.0,2.0,-inf,1.5454545454545454
0,32767,15,4,1,1,34.0,2.0,-inf,1.5454545454545454
0,32767,15,4,1,1,34.0,2.0,-inf,1.5454545454545454
0,32767,15,4,1,0,34.0,2.0,-inf,1.5454545454545454
0,32767,15,4,1,0,34.0,2.0,-inf,1.5454545454545454
0,32767,15,4,1,0,34.0,2.0,-inf,1.5454545454545454
0,32767,15,4,1,1,34.0,2.0,-inf,1.5454545454545454
0,32767,15,4,1,0,34.0,2.0,-inf,1.5454545454545454
0,32767,15,4,1,0,34.0,2.0,-inf,1.5454545454545454
0,32767,15,4,1,1,34.0,2.0,-inf,1.5454545454545454
0,32767,15,4,1,1,34.0,2.0,-inf,1.5454545454545454
0,32767,15,4,1,0,34.0,2.0,-inf,1.5454545454545454
0,32767,15,4,1,0,34.0,2.0,-inf,1.5454545454545454
0,32767,15,4,1,0,34.0,2.0,-inf,1.5454545454545454
0,32767,15,4,1,1,34.0,2.0,-inf,1.5454545454545454
0,32767,15,4,2,1,34.0,2.0,-inf,1.0
0,32767,15,4,2,0,34.0,2.0,-inf,1.0
0,32767,15,4,2,1,34.0,2.0,-inf,1.0
0,32767,15,4,2,0,34.0,2.0,-inf,1.0
0,32767,15,4,2,1,34.0,2.0,-inf,1.0
0,32767,15,4,2,1,34.0,2.0,-inf,1.0
0,32767,15,4,2,0,34.0,2.0,-inf,1.0
0,32767,15,4,2,1,34.0,2.0,-inf,1.0
0,32767,15,4,2,0,34.0,2.0,-inf,1.0
0,32767,15,4,2,0,34.0,2.0,-inf,1.0
0,32767,15,4,2,0,34.0,2.0,-inf,1.0
0,32767,15,4,2,0,34.0,2.0,-inf,1.0
0,32767,15,4,2,1,34.0,2.0,-inf,1.0
0,32767,15,4,2,0,34.0,2.0,-inf,1.0
0,32767,15,4,2,0,34.0,2.0,-inf,1.0
0,32767,15,4,2,0,34.0,2.0,-inf,1.0
0,32767,15,4,2,0,34.0,2.0,-inf,1.0
0,32767,15,4,2,0,34.0,2.0,-inf,1.0
0,32767,15,4,2,0,34.0,2.0,-inf,1.0
0,32767,15,4,2,1,34.0,2.0,-inf,1.0
0,32767,15,4,2,0,34.0,2.0,-inf,1.0
0,32767,15,4,2,1,34.0,2.0,-inf,1.0
0,32767,15,4,2,0,34.0,2.0,-inf,1.0
0,32767,15,4,2,1,34.0,2.0,-inf,1.0
0,32767,15,4,2,1,34.0,2.0,-inf,1.0
0,32767,15,4,2,1,34.0,2.0,-inf,1.0
0,32767,15,4,2,1,34.0,2.0,-inf,1.0
0,32767,15,4,2,0,34.0,2.0,-inf,1.0
0,32767,15,4,2,1,34.0,2.0,-inf,1.0
0,32767,16,4,1,1,32.333333333333336,3.0,-inf,1.3287671232876712
0,32767,16,4,1,0,32.333333333333336,3.0,-inf,1.3287671232876712
0,32767,16,4,1,1,32.333333333333336,3.0,-inf,1.3287671232876712
0,32767,16,4,1,1,32.333333333333336,3.0,-inf,1.3287671232876712
0,32767,16,4,1,0,32.333333333333336,3.0,-inf,1.3287671232876712
0,32767,16,4,1,0,32.333333333333336,3.0,-inf,1.3287671232876712
0,32767,16,4,1,1,32.333333333333336,3.0,-inf,1.3287671232876712
0,32767,16,4,1,0,32.333333333333336,3.0,-inf,1.3287671232876712
0,32767,16,4,1,0,32.333333333333336,3.0,-inf,1.3287671232876712
0,32767,16,4,1,0,32.333333333333336,3.0,-inf,1.3287671232876712
0,32767,16,4,1,1,32.333333333333336,3.0,-inf,1.3287671232876712
0,32767,16,4,1,0,32.333333333333336,3.0,-inf,1.3287671232876712
0,32767,16,4,1,1,32.333333333333336,3.0,-inf,1.3287671232876712
0,32767,16,4,1,1,32.333333333333336,3.0,-inf,1.3287671232876712
0,32767,16,4,1,1,32.333333333333336,3.0,-inf,1.3287671232876712
0,32767,16,4,1,1,32.333333333333336,3.0,-inf,1.3287671232876712
0,32767,16,4,1,1,32.333333333333336,3.0,-inf,1.3287671232876712
0,32767,16,4,1,1,32.333333333333336,3.0,-inf,1.3287671232876712
0,32767,16,4,1,1,32.333333333333336,3.0,-inf,1.3287671232876712
0,32767,16,4,1,0,32.333333333333336,3.0,-inf,1.3287671232876712
0,32767,16,4,2,1,32.333333333333336,3.0,-inf,1.065934065934066
0,32767,16,4,2,1,32.333333333333336,3.0,-inf,1.065934065934066
0,32767,16,4,2,1,32.333333333333336,3.0,-inf,1.065934065934066
0,32767,16,4,2,0,32.333333333333336,3.0,-inf,1.065934065934066
0,32767,16,4,2,0,32.333333333333336,3.0,-inf,1.065934065934066
0,32767,16,4,2,1,32.333333333333336,3.0,-inf,1.065934065934066
0,32767,16,4,2,1,32.333333333333336,3.0,-inf,1.065934065934066
0,32767,16,4,2,1,32.333333333333336,3.0,-inf,1.065934065934066
0,32767,16,4,2,0,32.333333333333336,3.0,-inf,1.065934065934066
0,32767,16,4,2,0,32.333333333333336,3.0,-inf,1.065934065934066
0,32767,16,4,2,0,32.333333333333336,3.0,-inf,1.065934065934066
0,32767,16,4,2,0,32.333333333333336,3.0,-inf,1.065934065934066
0,32767,16,4,2,1,32.333333333333336,3.0,-inf,1.065934065934066
0,32767,16,4,2,1,32.333333333333336,3.0,-inf,1.065934065934066
0,32767,16,4,2,1,32.333333333333336,3.0,-inf,1.065934065934066
0,32767,16,4,2,1,32.333333333333336,3.0,-inf,1.065934065934066
0,32767,16,4,2,0,32.333333333333336,3.0,-inf,1.065934065934066
0,32767,16,4,2,0,32.333333333333336,3.0,-inf,1.065934065934066
0,32767,16,4,2,0,32.333333333333336,3.0,-inf,1.065934065934066
0,32767,16,4,2,0,32.333333333333336,3.0,-inf,1.065934065934066
0,32767,16,4,2,1,32.333333333333336,3.0,-inf,1.065934065934066
0,32767,16,4,2,0,32.333333333333336,3.0,-inf,1.065934065934066
0,32767,16,4,2,0,32.333333333333336,3.0,-inf,1.065934065934066
0,32767,16,4,2,1,32.333333333333336,3.0,-inf,1.065934065934066
0,32767,16,4,2,0,32.333333333333336,3.0,-inf,1.065934065934066
0,32767,16,4,2,0,32.333333333333336,3.0,-inf,1.065934065934066
0,32767,16,4,2,0,32.333333333333336,3.0,-inf,1.065934065934066
0,32767,16,4,3,0,32.333333333333336,3.0,-inf,1.1829268292682926
0,32767,16,4,3,0,32.333333333333336,3.0,-inf,1.1829268292682926
0,32767,16,4,3,0,32.333333333333336,3.0,-inf,1.1829268292682926
0,32767,16,4,3,0,32.333333333333336,3.0,-inf,1.1829268292682926
0,32767,16,4,3,0,32.333333333333336,3.0,-inf,1.1829268292682926
0,32767,16,4,3,1,32.333333333333336,3.0,-inf,1.1829268292682926
0,32767,16,4,3,0,32.333333333333336,3.0,-inf,1.1829268292682926
0,32767,16,4,3,1,32.333333333333336,3.0,-inf,1.1829268292682926
0,32767,16,4,3,1,32.333333333333336,3.0,-inf,1.1829268292682926
0,32767,16,4,3,0,32.333333333333336,3.0,-inf,1.1829268292682926
0,32767,16,4,3,1,32.333333333333336,3.0,-inf,1.1829268292682926
0,32767,16,4,3,1,32.333333333333336,3.0,-inf,1.1829268292682926
0,32767,16,4,3,1,32.333333333333336,3.0,-inf,1.1829268292682926
0,32767,16,4,3,0,32.333333333333336,3.0,-inf,1.1829268292682926
0,32767,16,4,3,1,32.333333333333336,3.0,-inf,1.1829268292682926
0,32767,16,4,3,1,32.333333333333336,3.0,-inf,1.1829268292682926
0,32767,16,4,3,1,32.333333333333336,3.0,-inf,1.1829268292682926
0,32767,16,4,3,1,32.333333333333336,3.0,-inf,1.1829268292682926
0,32767,16,4,3,1,32.333333333333336,3.0,-inf,1.1829268292682926
0,32767,16,4,3,0,32.333333333333336,3.0,-inf,1.1829268292682926
0,32767,16,4,3,0,32.333333333333336,3.0,-inf,1.1829268292682926
0,32767,16,4,3,0,32.333333333333336,3.0,-inf,1.1829268292682926
0,32767,16,4,3,0,32.333333333333336,3.0,-inf,1.1829268292682926
0,32767,17,4,1,1,33.0,3.0,-inf,1.8333333333333335
0,32767,17,4,1,1,33.0,3.0,-inf,1.8333333333333335
0,32767,17,4,1,0,33.0,3.0,-inf,1.8333333333333335
0,32767,17,4,1,1,33.0,3.0,-inf,1.8333333333333335
0,32767,17,4,1,0,33.0,3.0,-inf,1.8333333333333335
0,32767,17,4,1,1,33.0,3.0,-inf,1.8333333333333335
0,32767,17,4,1,0,33.0,3.0,-inf,1.8333333333333335
0,32767,17,4,1,1,33.0,3.0,-inf,1.8333333333333335
0,32767,17,4,1,0,33.0,3.0,-inf,1.8333333333333335
0,32767,17,4,1,0,33.0,3.0,-inf,1.8333333333333335
0,32767,17,4,1,1,33.0,3.0,-inf,1.8333333333333335
0,32767,17,4,1,1,33.0,3.0,-inf,1.8333333333333335
0,32767,17,4,1,0,33.0,3.0,-inf,1.8333333333333335
0,32767,17,4,1,1,33.0,3.0,-inf,1.8333333333333335
0,32767,17,4,1,0,33.0,3.0,-inf,1.8333333333333335
0,32767,17,4,1,0,33.0,3.0,-inf,1.8333333333333335
0,32767,17,4,2,0,33.0,3.0,-inf,1.1785714285714286
0,32767,17,4,2,0,33.0,3.0,-inf,1.1785714285714286
0,32767,17,4,2,1,33.0,3.0,-inf,1.1785714285714286
0,32767,17,4,2,1,33.0,3.0,-inf,1.1785714285714286
0,32767,17,4,2,0,33.0,3.0,-inf,1.1785714285714286
0,32767,17,4,2,1,33.0,3.0,-inf,1.1785714285714286
0,32767,17,4,2,1,33.0,3.0,-inf,1.1785714285714286
0,32767,17,4,2,1,33.0,3.0,-inf,1.1785714285714286
0,32767,17,4,2,0,33.0,3.0,-inf,1.1785714285714286
0,32767,17,4,2,1,33.0,3.0,-inf,1.1785714285714286
0,32767,17,4,2,0,33.0,3.0,-inf,1.1785714285714286
0,32767,17,4,2,0,33.0,3.0,-inf,1.1785714285714286
0,32767,17,4,2,0,33.0,3.0,-inf,1.1785714285714286
0,32767,17,4,2,1,33.0,3.0,-inf,1.1785714285714286
0,32767,17,4,2,0,33.0,3.0,-inf,1.1785714285714286
0,32767,17,4,2,1,33.0,3.0,-inf,1.1785714285714286
0,32767,17,4,2,0,33.0,3.0,-inf,1.1785714285714286
0,32767,17,4,2,1,33.0,3.0,-inf,1.1785714285714286
0,32767,17,4,2,0,33.0,3.0,-inf,1.1785714285714286
0,32767,17,4,2,1,33.0,3.0,-inf,1.1785714285714286
0,32767,17,4,2,1,33.0,3.0,-inf,1.1785714285714286
0,32767,17,4,2,0,33.0,3.0,-inf,1.1785714285714286
0,32767,17,4,3,1,33.0,3.0,-inf,1.5
0,32767,17,4,3,1,33.0,3.0,-inf,1.5
0,32767,17,4,3,1,33.0,3.0,-inf,1.5
0,32767,17,4,3,1,33.0,3.0,-inf,1.5
0,32767,17,4,3,0,33.0,3.0,-inf,1.5
0,32767,17,4,3,0,33.0,3.0,-inf,1.5
0,32767,17,4,3,1,33.0,3.0,-inf,1.5
0,32767,17,4,3,0,33.0,3.0,-inf,1.5
0,32767,17,4,3,0,33.0,3.0,-inf,1.5
0,32767,17,4,3,1,33.0,3.0,-inf,1.5
0,32767,17,4,3,0,33.0,3.0,-inf,1.5
0,32767,17,4,3,0,33.0,3.0,-inf,1.5
0,32767,17,4,3,1,33.0,3.0,-inf,1.5
0,32767,17,4,3,0,33.0,3.0,-inf,1.5
0,32767,17,4,3,0,33.0,3.0,-inf,1.5
0,32767,17,4,3,0,33.0,3.0,-inf,1.5
0,32767,18,4,1,1,19.0,2.0,-inf,1.0
0,32767,18,4,1,0,19.0,2.0,-inf,1.0
0,32767,18,4,1,1,19.0,2.0,-inf,1.0
0,32767,18,4,1,1,19.0,2.0,-inf,1.0
0,32767,18,4,1,0,19.0,2.0,-inf,1.0
0,32767,18,4,1,0,19.0,2.0,-inf,1.0
0,32767,18,4,1,1,19.0,2.0,-inf,1.0
0,32767,18,4,1,0,19.0,2.0,-inf,1.0
0,32767,18,4,1,0,19.0,2.0,-inf,1.0
0,32767,18,4,1,1,19.0,2.0,-inf,1.0
0,32767,18,4,1,0,19.0,2.0,-inf,1.0
0,32767,18,4,1,0,19.0,2.0,-inf,1.0
0,32767,18,4,1,0,19.0,2.0,-inf,1.0
0,32767,18,4,1,1,19.0,2.0,-inf,1.0
0,32767,18,4,1,0,19.0,2.0,-inf,1.0
0,32767,18,4,1,0,19.0,2.0,-inf,1.0
0,32767,18,4,1,0,19.0,2.0,-inf,1.0
0,32767,18,4,2,1,19.0,2.0,-inf,1.0555555555555556
0,32767,18,4,2,0,19.0,2.0,-inf,1.0555555555555556
0,32767,18,4,2,1,19.0,2.0,-inf,1.0555555555555556
0,32767,18,4,2,0,19.0,2.0,-inf,1.0555555555555556
0,32767,18,4,2,0,19.0,2.0,-inf,1.0555555555555556
0,32767,18,4,2,0,19.0,2.0,-inf,1.0555555555555556
0,32767,18,4,2,0,19.0,2.0,-inf,1.0555555555555556
0,32767,18,4,2,1,19.0,2.0,-inf,1.0555555555555556
0,32767,18,4,2,0,19.0,2.0,-inf,1.0555555555555556
0,32767,18,4,2,0,19.0,2.0,-inf,1.0555555555555556
0,32767,18,4,2,1,19.0,2.0,-inf,1.0555555555555556
0,32767,18,4,2,1,19.0,2.0,-inf,1.0555555555555556
0,32767,18,4,2,0,19.0,2.0,-inf,1.0555555555555556
0,32767,19,4,1,1,24.0,3.0,-inf,1.1428571428571428
0,32767,19,4,1,1,24.0,3.0,-inf,1.1428571428571428
0,32767,19,4,1,1,24.0,3.0,-inf,1.1428571428571428
0,32767,19,4,1,0,24.0,3.0,-inf,1.1428571428571428
0,32767,19,4,1,0,24.0,3.0,-inf,1.1428571428571428
0,32767,19,4,1,1,24.0,3.0,-inf,1.1428571428571428
0,32767,19,4,1,0,24.0,3.0,-inf,1.1428571428571428
0,32767,19,4,1,0,24.0,3.0,-inf,1.1428571428571428
0,32767,19,4,1,0,24.0,3.0,-inf,1.1428571428571428
0,32767,19,4,1,1,24.0,3.0,-inf,1.1428571428571428
0,32767,19,4,1,0,24.0,3.0,-inf,1.1428571428571428
0,32767,19,4,1,1,24.0,3.0,-inf,1.1428571428571428
0,32767,19,4,1,0,24.0,3.0,-inf,1.1428571428571428
0,32767,19,4,1,0,24.0,3.0,-inf,1.1428571428571428
0,32767,19,4,1,1,24.0,3.0,-inf,1.1428571428571428
0,32767,19,4,1,0,24.0,3.0,-inf,1.1428571428571428
0,32767,19,4,1,0,24.0,3.0,-inf,1.1428571428571428
0,32767,19,4,2,1,24.0,3.0,-inf,1.7142857142857142
0,32767,19,4,2,0,24.0,3.0,-inf,1.7142857142857142
0,32767,19,4,2,0,24.0,3.0,-inf,1.7142857142857142
0,32767,19,4,2,0,24.0,3.0,-inf,1.7142857142857142
0,32767,19,4,2,0,24.0,3.0,-inf,1.7142857142857142
0,32767,19,4,2,1,24.0,3.0,-inf,1.7142857142857142
0,32767,19,4,2,0,24.0,3.0,-inf,1.7142857142857142
0,32767,19,4,2,1,24.0,3.0,-inf,1.7142857142857142
0,32767,19,4,2,0,24.0,3.0,-inf,1.7142857142857142
0,32767,19,4,2,1,24.0,3.0,-inf,1.7142857142857142
0,32767,19,4,3,0,24.0,3.0,-inf,1.3333333333333333
0,32767,19,4,3,1,24.0,3.0,-inf,1.3333333333333333
0,32767,19,4,3,0,24.0,3.0,-inf,1.3333333333333333
0,32767,19,4,3,1,24.0,3.0,-inf,1.3333333333333333
0,32767,19,4,3,1,24.0,3.0,-inf,1.3333333333333333
0,32767,19,4,3,1,24.0,3.0,-inf,1.3333333333333333
0,32767,19,4,3,0,24.0,3.0,-inf,1.3333333333333333
0,32767,19,4,3,0,24.0,3.0,-inf,1.3333333333333333
0,32767,19,4,3,0,24.0,3.0,-inf,1.3333333333333333
0,32767,19,4,3,1,24.0,3.0,-inf,1.3333333333333333
0,32767,20,4,1,0,21.0,1.0,-inf,1.4
0,32767,20,4,1,1,21.0,1.0,-inf,1.4
0,32767,20,4,1,1,21.0,1.0,-inf,1.4
0,32767,20,4,1,1,21.0,1.0,-inf,1.4
0,32767,20,4,1,0,21.0,1.0,-inf,1.4
0,32767,20,4,1,0,21.0,1.0,-inf,1.4
0,32767,20,4,1,0,21.0,1.0,-inf,1.4
0,32767,20,4,1,1,21.0,1.0,-inf,1.4
0,32767,20,4,1,1,21.0,1.0,-inf,1.4
0,32767,20,4,1,1,21.0,1.0,-inf,1.4
0,32767,20,4,1,1,21.0,1.0,-inf,1.4
0,32767,20,4,1,0,21.0,1.0,-inf,1.4
0,32767,21,4,1,1,8.999999999999998,1.0,-inf,1.0
0,32767,21,4,1,0,8.999999999999998,1.0,-inf,1.0
0,32767,21,4,1,1,8.999999999999998,1.0,-inf,1.0
0,32767,21,4,1,1,8.999999999999998,1.0,-inf,1.0
0,32767,21,4,1,1,8.999999999999998,1.0,-inf,1.0
0,32767,21,4,1,0,8.999999999999998,1.0,-inf,1.0
0,32767,21,4,1,1,8.999999999999998,1.0,-inf,1.0
0,32767,21,4,1,1,8.999999999999998,1.0,-inf,1.0
0,32767,22,4,1,1,27.0,2.0,-inf,1.08
0,32767,22,4,1,1,27.0,2.0,-inf,1.08
0,32767,22,4,1,0,27.0,2.0,-inf,1.08
0,32767,22,4,1,0,27.0,2.0,-inf,1.08
0,32767,22,4,1,1,27.0,2.0,-inf,1.08
0,32767,22,4,1,0,27.0,2.0,-inf,1.08
0,32767,22,4,1,0,27.0,2.0,-inf,1.08
0,32767,22,4,1,1,27.0,2.0,-inf,1.08
0,32767,22,4,1,0,27.0,2.0,-inf,1.08
0,32767,22,4,1,0,27.0,2.0,-inf,1.08
0,32767,22,4,1,0,27.0,2.0,-inf,1.08
0,32767,22,4,1,0,27.0,2.0,-inf,1.08
0,32767,22,4,1,0,27.0,2.0,-inf,1.08
0,32767,22,4,1,1,27.0,2.0,-inf,1.08
0,32767,22,4,1,1,27.0,2.0,-inf,1.08
0,32767,22,4,1,0,27.0,2.0,-inf,1.08
0,32767,22,4,1,1,27.0,2.0,-inf,1.08
0,32767,22,4,1,1,27.0,2.0,-inf,1.08
0,32767,22,4,1,0,27.0,2.0,-inf,1.08
0,32767,22,4,1,0,27.0,2.0,-inf,1.08
0,32767,22,4,1,0,27.0,2.0,-inf,1.08
0,32767,22,4,1,1,27.0,2.0,-inf,1.08
0,32767,22,4,1,0,27.0,2.0,-inf,1.08
0,32767,22,4,2,1,27.0,2.0,-inf,1.08
0,32767,22,4,2,1,27.0,2.0,-inf,1.08
0,32767,22,4,2,1,27.0,2.0,-inf,1.08
0,32767,22,4,2,1,27.0,2.0,-inf,1.08
0,32767,22,4,2,0,27.0,2.0,-inf,1.08
0,32767,22,4,2,0,27.0,2.0,-inf,1.08
0,32767,22,4,2,1,27.0,2.0,-inf,1.08
0,32767,22,4,2,1,27.0,2.0,-inf,1.08
0,32767,22,4,2,0,27.0,2.0,-inf,1.08
0,32767,22,4,2,0,27.0,2.0,-inf,1.08
0,32767,22,4,2,0,27.0,2.0,-inf,1.08
0,32767,22,4,2,0,27.0,2.0,-inf,1.08
0,32767,22,4,2,1,27.0,2.0,-inf,1.08
0,32767,22,4,2,0,27.0,2.0,-inf,1.08
0,32767,22,4,2,1,27.0,2.0,-inf,1.08
0,32767,22,4,2,1,27.0,2.0,-inf,1.08
0,32767,22,4,2,0,27.0,2.0,-inf,1.08
0,32767,22,4,2,0,27.0,2.0,-inf,1.08
0,32767,22,4,2,1,27.0,2.0,-inf,1.08
0,32767,22,4,2,0,27.0,2.0,-inf,1.08
0,32767,22,4,2,1,27.0,2.0,-inf,1.08
0,32767,22,4,2,0,27.0,2.0,-inf,1.08
0,32767,22,4,2,0,27.0,2.0,-inf,1.08
0,32767,22,4,2,0,27.0,2.0,-inf,1.08
0,32767,22,4,2,0,27.0,2.0,-inf,1.08
0,32767,22,4,2,0,27.0,2.0,-inf,1.08
0,32767,23,4,1,1,36.0,4.0,-inf,1.6363636363636362
0,32767,23,4,1,1,36.0,4.0,-inf,1.6363636363636362
0,32767,23,4,1,1,36.0,4.0,-inf,1.6363636363636362
0,32767,23,4,1,1,36.0,4.0,-inf,1.6363636363636362
0,32767,23,4,1,1,36.0,4.0,-inf,1.6363636363636362
0,32767,23,4,1,0,36.0,4.0,-inf,1.6363636363636362
0,32767,23,4,1,1,36.0,4.0,-inf,1.6363636363636362
0,32767,23,4,1,1,36.0,4.0,-inf,1.6363636363636362
0,32767,23,4,1,0,36.0,4.0,-inf,1.6363636363636362
0,32767,23,4,1,1,36.0,4.0,-inf,1.6363636363636362
0,32767,23,4,1,1,36.0,4.0,-inf,1.6363636363636362
0,32767,23,4,1,0,36.0,4.0,-inf,1.6363636363636362
0,32767,23,4,1,0,36.0,4.0,-inf,1.6363636363636362
0,32767,23,4,1,1,36.0,4.0,-inf,1.6363636363636362
0,32767,23,4,1,1,36.0,4.0,-inf,1.6363636363636362
0,32767,23,4,1,1,36.0,4.0,-inf,1.6363636363636362
0,32767,23,4,1,0,36.0,4.0,-inf,1.6363636363636362
0,32767,23,4,1,0,36.0,4.0,-inf,1.6363636363636362
0,32767,23,4,1,0,36.0,4.0,-inf,1.6363636363636362
0,32767,23,4,1,0,36.0,4.0,-inf,1.6363636363636362
0,32767,23,4,2,1,36.0,4.0,-inf,1.2857142857142856
0,32767,23,4,2,0,36.0,4.0,-inf,1.2857142857142856
0,32767,23,4,2,1,36.0,4.0,-inf,1.2857142857142856
0,32767,23,4,2,0,36.0,4.0,-inf,1.2857142857142856
0,32767,23,4,2,1,36.0,4.0,-inf,1.2857142857142856
0,32767,23,4,2,1,36.0,4.0,-inf,1.2857142857142856
0,32767,23,4,2,0,36.0,4.0,-inf,1.2857142857142856
0,32767,23,4,2,0,36.0,4.0,-inf,1.2857142857142856
0,32767,23,4,2,1,36.0,4.0,-inf,1.2857142857142856
0,32767,23,4,2,1,36.0,4.0,-inf,1.2857142857142856
0,32767,23,4,2,0,36.0,4.0,-inf,1.2857142857142856
0,32767,23,4,2,1,36.0,4.0,-inf,1.2857142857142856
0,32767,23,4,2,0,36.0,4.0,-inf,1.2857142857142856
0,32767,23,4,2,0,36.0,4.0,-inf,1.2857142857142856
0,32767,23,4,2,1,36.0,4.0,-inf,1.2857142857142856
0,32767,23,4,2,0,36.0,4.0,-inf,1.2857142857142856
0,32767,23,4,2,1,36.0,4.0,-inf,1.2857142857142856
0,32767,23,4,2,1,36.0,4.0,-inf,1.2857142857142856
0,32767,23,4,2,0,36.0,4.0,-inf,1.2857142857142856
0,32767,23,4,2,1,36.0,4.0,-inf,1.2857142857142856
0,32767,23,4,2,0,36.0,4.0,-inf,1.2857142857142856
0,32767,23,4,3,0,36.0,4.0,-inf,1.2857142857142856
0,32767,23,4,3,1,36.0,4.0,-inf,1.2857142857142856
0,32767,23,4,3,1,36.0,4.0,-inf,1.2857142857142856
0,32767,23,4,3,0,36.0,4.0,-inf,1.2857142857142856
0,32767,23,4,3,1,36.0,4.0,-inf,1.2857142857142856
0,32767,23,4,3,1,36.0,4.0,-inf,1.2857142857142856
0,32767,23,4,3,0,36.0,4.0,-inf,1.2857142857142856
0,32767,23,4,3,1,36.0,4.0,-inf,1.2857142857142856
0,32767,23,4,3,1,36.0,4.0,-inf,1.2857142857142856
0,32767,23,4,3,1,36.0,4.0,-inf,1.2857142857142856
0,32767,23,4,3,1,36.0,4.0,-inf,1.2857142857142856
0,32767,23,4,3,1,36.0,4.0,-inf,1.2857142857142856
0,32767,23,4,3,0,36.0,4.0,-inf,1.2857142857142856
0,32767,23,4,3,0,36.0,4.0,-inf,1.2857142857142856
0,32767,23,4,3,0,36.0,4.0,-inf,1.2857142857142856
0,32767,23,4,3,0,36.0,4.0,-inf,1.2857142857142856
0,32767,23,4,3,1,36.0,4.0,-inf,1.2857142857142856
0,32767,23,4,3,0,36.0,4.0,-inf,1.2857142857142856
0,32767,23,4,3,0,36.0,4.0,-inf,1.2857142857142856
0,32767,23,4,3,1,36.0,4.0,-inf,1.2857142857142856
0,32767,23,4,3,0,36.0,4.0,-inf,1.2857142857142856
0,32767,23,4,3,0,36.0,4.0,-inf,1.2857142857142856
0,32767,23,4,3,0,36.0,4.0,-inf,1.2857142857142856
0,32767,23,4,3,0,36.0,4.0,-inf,1.2857142857142856
0,32767,23,4,3,0,36.0,4.0,-inf,1.2857142857142856
0,32767,23,4,3,1,36.0,4.0,-inf,1.2857142857142856
0,32767,23,4,4,1,36.0,4.0,-inf,1.7142857142857142
0,32767,23,4,4,0,36.0,4.0,-inf,1.7142857142857142
0,32767,23,4,4,1,36.0,4.0,-inf,1.7142857142857142
0,32767,23,4,4,1,36.0,4.0,-inf,1.7142857142857142
0,32767,23,4,4,1,36.0,4.0,-inf,1.7142857142857142
0,32767,23,4,4,0,36.0,4.0,-inf,1.7142857142857142
0,32767,23,4,4,1,36.0,4.0,-inf,1.7142857142857142
0,32767,23,4,4,1,36.0,4.0,-inf,1.7142857142857142
0,32767,23,4,4,0,36.0,4.0,-inf,1.7142857142857142
0,32767,23,4,4,1,36.0,4.0,-inf,1.7142857142857142
0,32767,23,4,4,0,36.0,4.0,-inf,1.7142857142857142
0,32767,23,4,4,1,36.0,4.0,-inf,1.7142857142857142
0,32767,23,4,4,1,36.0,4.0,-inf,1.7142857142857142
0,32767,23,4,4,0,36.0,4.0,-inf,1.7142857142857142
0,32767,23,4,4,1,36.0,4.0,-inf,1.7142857142857142
0,32767,23,4,4,0,36.0,4.0,-inf,1.7142857142857142
0,32767,23,4,4,0,36.0,4.0,-inf,1.7142857142857142
0,32767,23,4,4,0,36.0,4.0,-inf,1.7142857142857142
0,32767,23,4,4,0,36.0,4.0,-inf,1.7142857142857142
0,32767,23,4,4,1,36.0,4.0,-inf,1.7142857142857142
0,32767,24,4,1,1,22.0,2.0,-inf,1.1
0,32767,24,4,1,1,22.0,2.0,-inf,1.1
0,32767,24,4,1,1,22.0,2.0,-inf,1.1
0,32767,24,4,1,1,22.0,2.0,-inf,1.1
0,32767,24,4,1,0,22.0,2.0,-inf,1.1
0,32767,24,4,1,0,22.0,2.0,-inf,1.1
0,32767,24,4,1,0,22.0,2.0,-inf,1.1
0,32767,24,4,1,0,22.0,2.0,-inf,1.1
0,32767,24,4,1,0,22.0,2.0,-inf,1.1
0,32767,24,4,1,1,22.0,2.0,-inf,1.1
0,32767,24,4,1,1,22.0,2.0,-inf,1.1
0,32767,24,4,1,0,22.0,2.0,-inf,1.1
0,32767,24,4,1,1,22.0,2.0,-inf,1.1
0,32767,24,4,1,1,22.0,2.0,-inf,1.1
0,32767,24,4,1,1,22.0,2.0,-inf,1.1
0,32767,24,4,1,1,22.0,2.0,-inf,1.1
0,32767,24,4,1,1,22.0,2.0,-inf,1.1
0,32767,24,4,2,0,22.0,2.0,-inf,1.2941176470588236
0,32767,24,4,2,1,22.0,2.0,-inf,1.2941176470588236
0,32767,24,4,2,1,22.0,2.0,-inf,1.2941176470588236
0,32767,24,4,2,1,22.0,2.0,-inf,1.2941176470588236
0,32767,24,4,2,1,22.0,2.0,-inf,1.2941176470588236
0,32767,24,4,2,1,22.0,2.0,-inf,1.2941176470588236
0,32767,24,4,2,1,22.0,2.0,-inf,1.2941176470588236
0,32767,24,4,2,0,22.0,2.0,-inf,1.2941176470588236
0,32767,24,4,2,0,22.0,2.0,-inf,1.2941176470588236
0,32767,24,4,2,0,22.0,2.0,-inf,1.2941176470588236
0,32767,24,4,2,0,22.0,2.0,-inf,1.2941176470588236
0,32767,24,4,2,1,22.0,2.0,-inf,1.2941176470588236
0,32767,24,4,2,1,22.0,2.0,-inf,1.2941176470588236
0,32767,24,4,2,1,22.0,2.0,-inf,1.2941176470588236
0,32767,24,4,2,1,22.0,2.0,-inf,1.2941176470588236
0,32767,25,4,1,0,30.5,2.0,-inf,1.033898305084746
0,32767,25,4,1,1,30.5,2.0,-inf,1.033898305084746
0,32767,25,4,1,1,30.5,2.0,-inf,1.033898305084746
0,32767,25,4,1,1,30.5,2.0,-inf,1.033898305084746
0,32767,25,4,1,0,30.5,2.0,-inf,1.033898305084746
0,32767,25,4,1,0,30.5,2.0,-inf,1.033898305084746
0,32767,25,4,1,0,30.5,2.0,-inf,1.033898305084746
0,32767,25,4,1,1,30.5,2.0,-inf,1.033898305084746
0,32767,25,4,1,1,30.5,2.0,-inf,1.033898305084746
0,32767,25,4,1,1,30.5,2.0,-inf,1.033898305084746
0,32767,25,4,1,1,30.5,2.0,-inf,1.033898305084746
0,32767,25,4,1,0,30.5,2.0,-inf,1.033898305084746
0,32767,25,4,1,1,30.5,2.0,-inf,1.033898305084746
0,32767,25,4,1,1,30.5,2.0,-inf,1.033898305084746
0,32767,25,4,1,1,30.5,2.0,-inf,1.033898305084746
0,32767,25,4,1,0,30.5,2.0,-inf,1.033898305084746
0,32767,25,4,1,0,30.5,2.0,-inf,1.033898305084746
0,32767,25,4,1,1,30.5,2.0,-inf,1.033898305084746
0,32767,25,4,2,1,30.5,2.0,-inf,1.196078431372549
0,32767,25,4,2,1,30.5,2.0,-inf,1.196078431372549
0,32767,25,4,2,1,30.5,2.0,-inf,1.196078431372549
0,32767,25,4,2,1,30.5,2.0,-inf,1.196078431372549
0,32767,25,4,2,0,30.5,2.0,-inf,1.196078431372549
0,32767,25,4,2,0,30.5,2.0,-inf,1.196078431372549
0,32767,25,4,2,0,30.5,2.0,-inf,1.196078431372549
0,32767,25,4,2,0,30.5,2.0,-inf,1.196078431372549
0,32767,25,4,2,1,30.5,2.0,-inf,1.196078431372549
0,32767,25,4,2,1,30.5,2.0,-inf,1.196078431372549
0,32767,25,4,2,0,30.5,2.0,-inf,1.196078431372549
0,32767,25,4,2,1,30.5,2.0,-inf,1.196078431372549
0,32767,25,4,2,0,30.5,2.0,-inf,1.196078431372549
0,32767,25,4,2,0,30.5,2.0,-inf,1.196078431372549
0,32767,25,4,2,0,30.5,2.0,-inf,1.196078431372549
0,32767,25,4,2,0,30.5,2.0,-inf,1.196078431372549
0,32767,26,4,1,1,36.0,2.0,-inf,1.161290322580645
0,32767,26,4,1,0,36.0,2.0,-inf,1.161290322580645
0,32767,26,4,1,1,36.0,2.0,-inf,1.161290322580645
0,32767,26,4,1,1,36.0,2.0,-inf,1.161290322580645
0,32767,26,4,1,0,36.0,2.0,-inf,1.161290322580645
0,32767,26,4,1,1,36.0,2.0,-inf,1.161290322580645
0,32767,26,4,1,0,36.0,2.0,-inf,1.161290322580645
0,32767,26,4,1,1,36.0,2.0,-inf,1.161290322580645
0,32767,26,4,1,1,36.0,2.0,-inf,1.161290322580645
0,32767,26,4,1,1,36.0,2.0,-inf,1.161290322580645
0,32767,26,4,1,1,36.0,2.0,-inf,1.161290322580645
0,32767,26,4,1,0,36.0,2.0,-inf,1.161290322580645
0,32767,26,4,1,0,36.0,2.0,-inf,1.161290322580645
0,32767,26,4,1,1,36.0,2.0,-inf,1.161290322580645
0,32767,26,4,1,0,36.0,2.0,-inf,1.161290322580645
0,32767,26,4,1,0,36.0,2.0,-inf,1.161290322580645
0,32767,26,4,1,0,36.0,2.0,-inf,1.161290322580645
0,32767,26,4,1,0,36.0,2.0,-inf,1.161290322580645
0,32767,26,4,1,1,36.0,2.0,-inf,1.161290322580645
0,32767,26,4,1,0,36.0,2.0,-inf,1.161290322580645
0,32767,26,4,1,0,36.0,2.0,-inf,1.161290322580645
0,32767,26,4,1,0,36.0,2.0,-inf,1.161290322580645
0,32767,26,4,2,1,36.0,2.0,-inf,2.0
0,32767,26,4,2,1,36.0,2.0,-inf,2.0
0,32767,26,4,2,1,36.0,2.0,-inf,2.0
0,32767,26,4,2,1,36.0,2.0,-inf,2.0
0,32767,26,4,2,0,36.0,2.0,-inf,2.0
0,32767,26,4,2,1,36.0,2.0,-inf,2.0
0,32767,26,4,2,1,36.0,2.0,-inf,2.0
0,32767,26,4,2,0,36.0,2.0,-inf,2.0
0,32767,26,4,2,1,36.0,2.0,-inf,2.0
0,32767,26,4,2,0,36.0,2.0,-inf,2.0
0,32767,26,4,2,0,36.0,2.0,-inf,2.0
0,32767,26,4,2,0,36.0,2.0,-inf,2.0
0,32767,27,4,1,1,26.0,3.0,-inf,1.2380952380952381
0,32767,27,4,1,1,26.0,3.0,-inf,1.2380952380952381
0,32767,27,4,1,0,26.0,3.0,-inf,1.2380952380952381
0,32767,27,4,1,1,26.0,3.0,-inf,1.2380952380952381
0,32767,27,4,1,1,26.0,3.0,-inf,1.2380952380952381
0,32767,27,4,1,1,26.0,3.0,-inf,1.2380952380952381
0,32767,27,4,1,0,26.0,3.0,-inf,1.2380952380952381
0,32767,27,4,1,1,26.0,3.0,-inf,1.2380952380952381
0,32767,27,4,1,1,26.0,3.0,-inf,1.2380952380952381
0,32767,27,4,1,1,26.0,3.0,-inf,1.2380952380952381
0,32767,27,4,1,1,26.0,3.0,-inf,1.2380952380952381
0,32767,27,4,1,0,26.0,3.0,-inf,1.2380952380952381
0,32767,27,4,1,0,26.0,3.0,-inf,1.2380952380952381
0,32767,27,4,1,0,26.0,3.0,-inf,1.2380952380952381
0,32767,27,4,1,0,26.0,3.0,-inf,1.2380952380952381
0,32767,27,4,1,0,26.0,3.0,-inf,1.2380952380952381
0,32767,27,4,1,1,26.0,3.0,-inf,1.2380952380952381
0,32767,27,4,1,0,26.0,3.0,-inf,1.2380952380952381
0,32767,27,4,2,0,26.0,3.0,-inf,1.04
0,32767,27,4,2,0,26.0,3.0,-inf,1.04
0,32767,27,4,2,0,26.0,3.0,-inf,1.04
0,32767,27,4,2,1,26.0,3.0,-inf,1.04
0,32767,27,4,2,0,26.0,3.0,-inf,1.04
0,32767,27,4,2,1,26.0,3.0,-inf,1.04
0,32767,27,4,2,0,26.0,3.0,-inf,1.04
0,32767,27,4,2,0,26.0,3.0,-inf,1.04
0,32767,27,4,2,1,26.0,3.0,-inf,1.04
0,32767,27,4,2,1,26.0,3.0,-inf,1.04
0,32767,27,4,2,1,26.0,3.0,-inf,1.04
0,32767,27,4,2,1,26.0,3.0,-inf,1.04
0,32767,27,4,2,0,26.0,3.0,-inf,1.04
0,32767,27,4,2,0,26.0,3.0,-inf,1.04
0,32767,27,4,2,1,26.0,3.0,-inf,1.04
0,32767,27,4,2,0,26.0,3.0,-inf,1.04
0,32767,27,4,2,1,26.0,3.0,-inf,1.04
0,32767,27,4,2,0,26.0,3.0,-inf,1.04
0,32767,27,4,3,1,26.0,3.0,-inf,1.1818181818181819
0,32767,27,4,3,0,26.0,3.0,-inf,1.1818181818181819
0,32767,27,4,3,1,26.0,3.0,-inf,1.1818181818181819
0,32767,27,4,3,0,26.0,3.0,-inf,1.1818181818181819
0,32767,27,4,3,1,26.0,3.0,-inf,1.1818181818181819
0,32767,27,4,3,1,26.0,3.0,-inf,1.1818181818181819
0,32767,27,4,3,1,26.0,3.0,-inf,1.1818181818181819
0,32767,27,4,3,1,26.0,3.0,-inf,1.1818181818181819
0,32767,27,4,3,1,26.0,3.0,-inf,1.1818181818181819
0,32767,27,4,3,1,26.0,3.0,-inf,1.1818181818181819
0,32767,27,4,3,0,26.0,3.0,-inf,1.1818181818181819
0,32767,27,4,3,1,26.0,3.0,-inf,1.1818181818181819
0,32767,27,4,3,1,26.0,3.0,-inf,1.1818181818181819
0,32767,27,4,3,0,26.0,3.0,-inf,1.1818181818181819
0,32767,27,4,3,0,26.0,3.0,-inf,1.1818181818181819
0,32767,27,4,3,0,26.0,3.0,-inf,1.1818181818181819
0,32767,27,4,3,1,26.0,3.0,-inf,1.1818181818181819
0,32767,27,4,3,1,26.0,3.0,-inf,1.1818181818181819
0,32767,27,4,3,0,26.0,3.0,-inf,1.1818181818181819
0,32767,27,4,3,1,26.0,3.0,-inf,1.1818181818181819
0,32767,27,4,3,0,26.0,3.0,-inf,1.1818181818181819
0,32767,27,4,3,0,26.0,3.0,-inf,1.1818181818181819
0,32767,28,4,1,0,30.25,4.0,-inf,1.1523809523809523
0,32767,28,4,1,0,30.25,4.0,-inf,1.1523809523809523
0,32767,28,4,1,0,30.25,4.0,-inf,1.1523809523809523
0,32767,28,4,1,0,30.25,4.0,-inf,1.1523809523809523
0,32767,28,4,1,0,30.25,4.0,-inf,1.1523809523809523
0,32767,28,4,1,1,30.25,4.0,-inf,1.1523809523809523
0,32767,28,4,1,0,30.25,4.0,-inf,1.1523809523809523
0,32767,28,4,1,0,30.25,4.0,-inf,1.1523809523809523
0,32767,28,4,1,1,30.25,4.0,-inf,1.1523809523809523
0,32767,28,4,1,0,30.25,4.0,-inf,1.1523809523809523
0,32767,28,4,1,0,30.25,4.0,-inf,1.1523809523809523
0,32767,28,4,1,0,30.25,4.0,-inf,1.1523809523809523
0,32767,28,4,1,1,30.25,4.0,-inf,1.1523809523809523
0,32767,28,4,1,1,30.25,4.0,-inf,1.1523809523809523
0,32767,28,4,1,0,30.25,4.0,-inf,1.1523809523809523
0,32767,28,4,1,0,30.25,4.0,-inf,1.1523809523809523
0,32767,28,4,1,1,30.25,4.0,-inf,1.1523809523809523
0,32767,28,4,1,1,30.25,4.0,-inf,1.1523809523809523
0,32767,28,4,1,0,30.25,4.0,-inf,1.1523809523809523
0,32767,28,4,1,0,30.25,4.0,-inf,1.1523809523809523
0,32767,28,4,1,0,30.25,4.0,-inf,1.1523809523809523
0,32767,28,4,1,1,30.25,4.0,-inf,1.1523809523809523
0,32767,28,4,2,0,30.25,4.0,-inf,1.2474226804123711
0,32767,28,4,2,0,30.25,4.0,-inf,1.2474226804123711
0,32767,28,4,2,0,30.25,4.0,-inf,1.2474226804123711
0,32767,28,4,2,1,30.25,4.0,-inf,1.2474226804123711
0,32767,28,4,2,0,30.25,4.0,-inf,1.2474226804123711
0,32767,28,4,2,0,30.25,4.0,-inf,1.2474226804123711
0,32767,28,4,2,1,30.25,4.0,-inf,1.2474226804123711
0,32767,28,4,2,1,30.25,4.0,-inf,1.2474226804123711
0,32767,28,4,2,1,30.25,4.0,-inf,1.2474226804123711
0,32767,28,4,2,0,30.25,4.0,-inf,1.2474226804123711
0,32767,28,4,2,1,30.25,4.0,-inf,1.2474226804123711
0,32767,28,4,2,1,30.25,4.0,-inf,1.2474226804123711
0,32767,28,4,2,0,30.25,4.0,-inf,1.2474226804123711
0,32767,28,4,3,1,30.25,4.0,-inf,1.7536231884057971
0,32767,28,4,3,1,30.25,4.0,-inf,1.7536231884057971
0,32767,28,4,3,1,30.25,4.0,-inf,1.7536231884057971
0,32767,28,4,3,0,30.25,4.0,-inf,1.7536231884057971
0,32767,28,4,3,1,30.25,4.0,-inf,1.7536231884057971
0,32767,28,4,3,0,30.25,4.0,-inf,1.7536231884057971
0,32767,28,4,3,0,30.25,4.0,-inf,1.7536231884057971
0,32767,28,4,3,0,30.25,4.0,-inf,1.7536231884057971
0,32767,28,4,3,0,30.25,4.0,-inf,1.7536231884057971
0,32767,28,4,3,1,30.25,4.0,-inf,1.7536231884057971
0,32767,28,4,3,0,30.25,4.0,-inf,1.7536231884057971
0,32767,28,4,3,0,30.25,4.0,-inf,1.7536231884057971
0,32767,28,4,3,0,30.25,4.0,-inf,1.7536231884057971
0,32767,28,4,3,0,30.25,4.0,-inf,1.7536231884057971
0,32767,28,4,4,0,30.25,4.0,-inf,1.2474226804123711
0,32767,28,4,4,0,30.25,4.0,-inf,1.2474226804123711
0,32767,28,4,4,0,30.25,4.0,-inf,1.2474226804123711
0,32767,28,4,4,1,30.25,4.0,-inf,1.2474226804123711
0,32767,28,4,4,0,30.25,4.0,-inf,1.2474226804123711
0,32767,28,4,4,1,30.25,4.0,-inf,1.2474226804123711
0,32767,28,4,4,1,30.25,4.0,-inf,1.2474226804123711
0,32767,28,4,4,1,30.25,4.0,-inf,1.2474226804123711
0,32767,28,4,4,0,30.25,4.0,-inf,1.2474226804123711
0,32767,28,4,4,0,30.25,4.0,-inf,1.2474226804123711
0,32767,28,4,4,0,30.25,4.0,-inf,1.2474226804123711
0,32767,28,4,4,0,30.25,4.0,-inf,1.2474226804123711
0,32767,28,4,4,1,30.25,4.0,-inf,1.2474226804123711
0,32767,28,4,4,0,30.25,4.0,-inf,1.2474226804123711
0,32767,28,4,4,0,30.25,4.0,-inf,1.2474226804123711
0,32767,28,4,4,1,30.25,4.0,-inf,1.2474226804123711
0,32767,28,4,4,0,30.25,4.0,-inf,1.2474226804123711
0,32767,28,4,4,1,30.25,4.0,-inf,1.2474226804123711
0,32767,29,4,1,0,36.0,2.0,-inf,1.0588235294117647
0,32767,29,4,1,0,36.0,2.0,-inf,1.0588235294117647
0,32767,29,4,1,0,36.0,2.0,-inf,1.0588235294117647
0,32767,29,4,1,1,36.0,2.0,-inf,1.0588235294117647
0,32767,29,4,1,1,36.0,2.0,-inf,1.0588235294117647
0,32767,29,4,1,0,36.0,2.0,-inf,1.0588235294117647
0,32767,29,4,1,0,36.0,2.0,-inf,1.0588235294117647
0,32767,29,4,1,1,36.0,2.0,-inf,1.0588235294117647
0,32767,29,4,1,1,36.0,2.0,-inf,1.0588235294117647
0,32767,29,4,1,1,36.0,2.0,-inf,1.0588235294117647
0,32767,29,4,1,1,36.0,2.0,-inf,1.0588235294117647
0,32767,29,4,1,1,36.0,2.0,-inf,1.0588235294117647
0,32767,29,4,1,1,36.0,2.0,-inf,1.0588235294117647
0,32767,29,4,1,0,36.0,2.0,-inf,1.0588235294117647
0,32767,29,4,1,0,36.0,2.0,-inf,1.0588235294117647
0,32767,29,4,1,0,36.0,2.0,-inf,1.0588235294117647
0,32767,29,4,1,1,36.0,2.0,-inf,1.0588235294117647
0,32767,29,4,1,1,36.0,2.0,-inf,1.0588235294117647
0,32767,29,4,1,1,36.0,2.0,-inf,1.0588235294117647
0,32767,29,4,1,1,36.0,2.0,-inf,1.0588235294117647
0,32767,29,4,1,0,36.0,2.0,-inf,1.0588235294117647
0,32767,29,4,1,0,36.0,2.0,-inf,1.0588235294117647
0,32767,29,4,1,0,36.0,2.0,-inf,1.0588235294117647
0,32767,29,4,1,0,36.0,2.0,-inf,1.0588235294117647
0,32767,29,4,1,1,36.0,2.0,-inf,1.0588235294117647
0,32767,29,4,1,1,36.0,2.0,-inf,1.0588235294117647
0,32767,29,4,2,1,36.0,2.0,-inf,1.2857142857142856
0,32767,29,4,2,1,36.0,2.0,-inf,1.2857142857142856
0,32767,29,4,2,0,36.0,2.0,-inf,1.2857142857142856
0,32767,29,4,2,0,36.0,2.0,-inf,1.2857142857142856
0,32767,29,4,2,1,36.0,2.0,-inf,1.2857142857142856
0,32767,29,4,2,0,36.0,2.0,-inf,1.2857142857142856
0,32767,29,4,2,1,36.0,2.0,-inf,1.2857142857142856
0,32767,29,4,2,0,36.0,2.0,-inf,1.2857142857142856
0,32767,29,4,2,1,36.0,2.0,-inf,1.2857142857142856
0,32767,29,4,2,0,36.0,2.0,-inf,1.2857142857142856
0,32767,29,4,2,1,36.0,2.0,-inf,1.2857142857142856
0,32767,29,4,2,0,36.0,2.0,-inf,1.2857142857142856
0,32767,29,4,2,1,36.0,2.0,-inf,1.2857142857142856
0,32767,29,4,2,1,36.0,2.0,-inf,1.2857142857142856
0,32767,29,4,2,0,36.0,2.0,-inf,1.2857142857142856
0,32767,29,4,2,1,36.0,2.0,-inf,1.2857142857142856
0,32767,29,4,2,0,36.0,2.0,-inf,1.2857142857142856
0,32767,29,4,2,0,36.0,2.0,-inf,1.2857142857142856
0,32767,29,4,2,1,36.0,2.0,-inf,1.2857142857142856
0,32767,29,4,2,0,36.0,2.0,-inf,1.2857142857142856
0,32767,29,4,2,1,36.0,2.0,-inf,1.2857142857142856
0,32767,29,4,2,0,36.0,2.0,-inf,1.2857142857142856
0,32767,29,4,2,0,36.0,2.0,-inf,1.2857142857142856
0,32767,29,4,2,0,36.0,2.0,-inf,1.2857142857142856
0,32767,29,4,2,0,36.0,2.0,-inf,1.2857142857142856
0,32767,1,5,1,1,34.0,2.0,-inf,1.096774193548387
0,32767,1,5,1,1,34.0,2.0,-inf,1.096774193548387
0,32767,1,5,1,0,34.0,2.0,-inf,1.096774193548387
0,32767,1,5,1,0,34.0,2.0,-inf,1.096774193548387
0,32767,1,5,1,1,34.0,2.0,-inf,1.096774193548387
0,32767,1,5,1,0,34.0,2.0,-inf,1.096774193548387
0,32767,1,5,1,1,34.0,2.0,-inf,1.096774193548387
0,32767,1,5,1,1,34.0,2.0,-inf,1.096774193548387
0,32767,1,5,1,0,34.0,2.0,-inf,1.096774193548387
0,32767,1,5,1,0,34.0,2.0,-inf,1.096774193548387
0,32767,1,5,1,1,34.0,2.0,-inf,1.096774193548387
0,32767,1,5,1,0,34.0,2.0,-inf,1.096774193548387
0,32767,1,5,1,1,34.0,2.0,-inf,1.096774193548387
0,32767,1,5,1,1,34.0,2.0,-inf,1.096774193548387
0,32767,1,5,1,0,34.0,2.0,-inf,1.096774193548387
0,32767,1,5,1,0,34.0,2.0,-inf,1.096774193548387
0,32767,1,5,1,1,34.0,2.0,-inf,1.096774193548387
0,32767,1,5,1,1,34.0,2.0,-inf,1.096774193548387
0,32767,1,5,1,0,34.0,2.0,-inf,1.096774193548387
0,32767,1,5,1,0,34.0,2.0,-inf,1.096774193548387
0,32767,1,5,1,1,34.0,2.0,-inf,1.096774193548387
0,32767,1,5,1,0,34.0,2.0,-inf,1.096774193548387
0,32767,1,5,1,1,34.0,2.0,-inf,1.096774193548387
0,32767,1,5,2,1,34.0,2.0,-inf,1.0625
0,32767,1,5,2,0,34.0,2.0,-inf,1.0625
0,32767,1,5,2,0,34.0,2.0,-inf,1.0625
0,32767,1,5,2,1,34.0,2.0,-inf,1.0625
0,32767,1,5,2,0,34.0,2.0,-inf,1.0625
0,32767,1,5,2,0,34.0,2.0,-inf,1.0625
0,32767,1,5,2,1,34.0,2.0,-inf,1.0625
0,32767,1,5,2,1,34.0,2.0,-inf,1.0625
0,32767,1,5,2,0,34.0,2.0,-inf,1.0625
0,32767,1,5,2,0,34.0,2.0,-inf,1.0625
0,32767,1,5,2,1,34.0,2.0,-inf,1.0625
0,32767,1,5,2,1,34.0,2.0,-inf,1.0625
0,32767,1,5,2,1,34.0,2.0,-inf,1.0625
0,32767,1,5,2,1,34.0,2.0,-inf,1.0625
0,32767,1,5,2,0,34.0,2.0,-inf,1.0625
0,32767,1,5,2,1,34.0,2.0,-inf,1.0625
0,32767,1,5,2,1,34.0,2.0,-inf,1.0625
0,32767,1,5,2,1,34.0,2.0,-inf,1.0625
0,32767,1,5,2,0,34.0,2.0,-inf,1.0625
0,32767,1,5,2,1,34.0,2.0,-inf,1.0625
0,32767,1,5,2,0,34.0,2.0,-inf,1.0625
0,32767,1,5,2,1,34.0,2.0,-inf,1.0625
0,32767,2,5,1,0,29.2,5.0,-inf,1.0735294117647058
0,32767,2,5,1,1,29.2,5.0,-inf,1.0735294117647058
0,32767,2,5,1,1,29.2,5.0,-inf,1.0735294117647058
0,32767,2,5,1,1,29.2,5.0,-inf,1.0735294117647058
0,32767,2,5,1,0,29.2,5.0,-inf,1.0735294117647058
0,32767,2,5,1,0,29.2,5.0,-inf,1.0735294117647058
0,32767,2,5,1,1,29.2,5.0,-inf,1.0735294117647058
0,32767,2,5,1,0,29.2,5.0,-inf,1.0735294117647058
0,32767,2,5,1,1,29.2,5.0,-inf,1.0735294117647058
0,32767,2,5,1,0,29.2,5.0,-inf,1.0735294117647058
0,32767,2,5,1,1,29.2,5.0,-inf,1.0735294117647058
0,32767,2,5,1,1,29.2,5.0,-inf,1.0735294117647058
0,32767,2,5,1,0,29.2,5.0,-inf,1.0735294117647058
0,32767,2,5,1,0,29.2,5.0,-inf,1.0735294117647058
0,32767,2,5,1,1,29.2,5.0,-inf,1.0735294117647058
0,32767,2,5,1,0,29.2,5.0,-inf,1.0735294117647058
0,32767,2,5,1,1,29.2,5.0,-inf,1.0735294117647058
0,32767,2,5,1,0,29.2,5.0,-inf,1.0735294117647058
0,32767,2,5,1,0,29.2,5.0,-inf,1.0735294117647058
0,32767,2,5,1,0,29.2,5.0,-inf,1.0735294117647058
0,32767,2,5,1,0,29.2,5.0,-inf,1.0735294117647058
0,32767,2,5,1,1,29.2,5.0,-inf,1.0735294117647058
0,32767,2,5,2,0,29.2,5.0,-inf,1.0
0,32767,2,5,2,1,29.2,5.0,-inf,1.0
0,32767,2,5,2,0,29.2,5.0,-inf,1.0
0,32767,2,5,2,1,29.2,5.0,-inf,1.0
0,32767,2,5,2,1,29.2,5.0,-inf,1.0
0,32767,2,5,2,0,29.2,5.0,-inf,1.0
0,32767,2,5,2,0,29.2,5.0,-inf,1.0
0,32767,2,5,2,1,29.2,5.0,-inf,1.0
0,32767,2,5,2,0,29.2,5.0,-inf,1.0
0,32767,2,5,2,1,29.2,5.0,-inf,1.0
0,32767,2,5,2,0,29.2,5.0,-inf,1.0
0,32767,2,5,2,0,29.2,5.0,-inf,1.0
0,32767,2,5,2,1,29.2,5.0,-inf,1.0
0,32767,2,5,2,1,29.2,5.0,-inf,1.0
0,32767,2,5,2,0,29.2,5.0,-inf,1.0
0,32767,2,5,2,0,29.2,5.0,-inf,1.0
0,32767,2,5,2,0,29.2,5.0,-inf,1.0
0,32767,2,5,2,0,29.2,5.0,-inf,1.0
0,32767,2,5,2,0,29.2,5.0,-inf,1.0
0,32767,2,5,2,1,29.2,5.0,-inf,1.0
0,32767,2,5,2,1,29.2,5.0,-inf,1.0
0,32767,2,5,2,1,29.2,5.0,-inf,1.0
0,32767,2,5,2,0,29.2,5.0,-inf,1.0
0,32767,2,5,3,0,29.2,5.0,-inf,1.0735294117647058
0,32767,2,5,3,1,29.2,5.0,-inf,1.0735294117647058
0,32767,2,5,3,1,29.2,5.0,-inf,1.0735294117647058
0,32767,2,5,3,0,29.2,5.0,-inf,1.0735294117647058
0,32767,2,5,3,0,29.2,5.0,-inf,1.0735294117647058
0,32767,2,5,3,1,29.2,5.0,-inf,1.0735294117647058
0,32767,2,5,3,1,29.2,5.0,-inf,1.0735294117647058
0,32767,2,5,3,1,29.2,5.0,-inf,1.0735294117647058
0,32767,2,5,3,0,29.2,5.0,-inf,1.0735294117647058
0,32767,2,5,3,1,29.2,5.0,-inf,1.0735294117647058
0,32767,2,5,3,1,29.2,5.0,-inf,1.0735294117647058
0,32767,2,5,3,0,29.2,5.0,-inf,1.0735294117647058
0,32767,2,5,3,0,29.2,5.0,-inf,1.0735294117647058
0,32767,2,5,3,0,29.2,5.0,-inf,1.0735294117647058
0,32767,2,5,3,0,29.2,5.0,-inf,1.0735294117647058
0,32767,2,5,3,0,29.2,5.0,-inf,1.0735294117647058
0,32767,2,5,3,0,29.2,5.0,-inf,1.0735294117647058
0,32767,2,5,3,1,29.2,5.0,-inf,1.0735294117647058
0,32767,2,5,3,1,29.2,5.0,-inf,1.0735294117647058
0,32767,2,5,4,1,29.2,5.0,-inf,1.2586206896551724
0,32767,2,5,4,0,29.2,5.0,-inf,1.2586206896551724
0,32767,2,5,4,1,29.2,5.0,-inf,1.2586206896551724
0,32767,2,5,4,0,29.2,5.0,-inf,1.2586206896551724
0,32767,2,5,4,1,29.2,5.0,-inf,1.2586206896551724
0,32767,2,5,4,1,29.2,5.0,-inf,1.2586206896551724
0,32767,2,5,4,0,29.2,5.0,-inf,1.2586206896551724
0,32767,2,5,4,0,29.2,5.0,-inf,1.2586206896551724
0,32767,2,5,4,0,29.2,5.0,-inf,1.2586206896551724
0,32767,2,5,4,0,29.2,5.0,-inf,1.2586206896551724
0,32767,2,5,4,0,29.2,5.0,-inf,1.2586206896551724
0,32767,2,5,4,1,29.2,5.0,-inf,1.2586206896551724
0,32767,2,5,4,0,29.2,5.0,-inf,1.2586206896551724
0,32767,2,5,4,0,29.2,5.0,-inf,1.2586206896551724
0,32767,2,5,4,0,29.2,5.0,-inf,1.2586206896551724
0,32767,2,5,4,0,29.2,5.0,-inf,1.2586206896551724
0,32767,2,5,4,1,29.2,5.0,-inf,1.2586206896551724
0,32767,2,5,5,0,29.2,5.0,-inf,1.0
0,32767,2,5,5,0,29.2,5.0,-inf,1.0
0,32767,2,5,5,1,29.2,5.0,-inf,1.0
0,32767,2,5,5,1,29.2,5.0,-inf,1.0
0,32767,2,5,5,1,29.2,5.0,-inf,1.0
0,32767,2,5,5,0,29.2,5.0,-inf,1.0
0,32767,2,5,5,0,29.2,5.0,-inf,1.0
0,32767,2,5,5,0,29.2,5.0,-inf,1.0
0,32767,2,5,5,1,29.2,5.0,-inf,1.0
0,32767,2,5,5,0,29.2,5.0,-inf,1.0
0,32767,2,5,5,1,29.2,5.0,-inf,1.0
0,32767,2,5,5,1,29.2,5.0,-inf,1.0
0,32767,2,5,5,0,29.2,5.0,-inf,1.0
0,32767,2,5,5,1,29.2,5.0,-inf,1.0
0,32767,2,5,5,0,29.2,5.0,-inf,1.0
0,32767,2,5,5,1,29.2,5.0,-inf,1.0
0,32767,2,5,5,0,29.2,5.0,-inf,1.0
0,32767,2,5,5,0,29.2,5.0,-inf,1.0
0,32767,2,5,5,0,29.2,5.0,-inf,1.0
0,32767,2,5,5,0,29.2,5.0,-inf,1.0
0,32767,2,5,5,1,29.2,5.0,-inf,1.0
0,32767,2,5,5,0,29.2,5.0,-inf,1.0
0,32767,2,5,5,1,29.2,5.0,-inf,1.0
0,32767,2,5,5,0,29.2,5.0,-inf,1.0
0,32767,2,5,5,1,29.2,5.0,-inf,1.0
0,32767,2,5,5,1,29.2,5.0,-inf,1.0
0,32767,3,5,1,0,7.0,1.0,-inf,1.1666666666666667
0,32767,3,5,1,0,7.0,1.0,-inf,1.1666666666666667
0,32767,3,5,1,1,7.0,1.0,-inf,1.1666666666666667
0,32767,3,5,1,1,7.0,1.0,-inf,1.1666666666666667
0,32767,3,5,1,1,7.0,1.0,-inf,1.1666666666666667
0,32767,4,5,1,1,31.000000000000004,1.0,-inf,1.55
0,32767,4,5,1,0,31.000000000000004,1.0,-inf,1.55
0,32767,4,5,1,0,31.000000000000004,1.0,-inf,1.55
0,32767,4,5,1,1,31.000000000000004,1.0,-inf,1.55
0,32767,4,5,1,1,31.000000000000004,1.0,-inf,1.55
0,32767,4,5,1,0,31.000000000000004,1.0,-inf,1.55
0,32767,4,5,1,0,31.000000000000004,1.0,-inf,1.55
0,32767,4,5,1,0,31.000000000000004,1.0,-inf,1.55
0,32767,4,5,1,0,31.000000000000004,1.0,-inf,1.55
0,32767,6,5,1,1,35.0,2.0,-inf,1.0
0,32767,6,5,1,0,35.0,2.0,-inf,1.0
0,32767,6,5,1,1,35.0,2.0,-inf,1.0
0,32767,6,5,1,0,35.0,2.0,-inf,1.0
0,32767,6,5,1,0,35.0,2.0,-inf,1.0
0,32767,6,5,1,1,35.0,2.0,-inf,1.0
0,32767,6,5,1,0,35.0,2.0,-inf,1.0
0,32767,6,5,1,0,35.0,2.0,-inf,1.0
0,32767,6,5,1,1,35.0,2.0,-inf,1.0
0,32767,6,5,1,1,35.0,2.0,-inf,1.0
0,32767,6,5,1,0,35.0,2.0,-inf,1.0
0,32767,6,5,1,0,35.0,2.0,-inf,1.0
0,32767,6,5,1,0,35.0,2.0,-inf,1.0
0,32767,6,5,1,1,35.0,2.0,-inf,1.0
0,32767,6,5,1,1,35.0,2.0,-inf,1.0
0,32767,6,5,1,0,35.0,2.0,-inf,1.0
0,32767,6,5,1,0,35.0,2.0,-inf,1.0
0,32767,6,5,1,0,35.0,2.0,-inf,1.0
0,32767,6,5,1,1,35.0,2.0,-inf,1.0
0,32767,6,5,1,1,35.0,2.0,-inf,1.0
0,32767,6,5,1,0,35.0,2.0,-inf,1.0
0,32767,6,5,1,1,35.0,2.0,-inf,1.0
0,32767,6,5,1,1,35.0,2.0,-inf,1.0
0,32767,6,5,1,0,35.0,2.0,-inf,1.0
0,32767,6,5,2,1,35.0,2.0,-inf,1.1290322580645162
0,32767,6,5,2,1,35.0,2.0,-inf,1.1290322580645162
0,32767,6,5,2,1,35.0,2.0,-inf,1.1290322580645162
0,32767,6,5,2,0,35.0,2.0,-inf,1.1290322580645162
0,32767,6,5,2,0,35.0,2.0,-inf,1.1290322580645162
0,32767,6,5,2,1,35.0,2.0,-inf,1.1290322580645162
0,32767,6,5,2,1,35.0,2.0,-inf,1.1290322580645162
0,32767,6,5,2,1,35.0,2.0,-inf,1.1290322580645162
0,32767,6,5,2,1,35.0,2.0,-inf,1.1290322580645162
0,32767,6,5,2,1,35.0,2.0,-inf,1.1290322580645162
0,32767,6,5,2,0,35.0,2.0,-inf,1.1290322580645162
0,32767,6,5,2,0,35.0,2.0,-inf,1.1290322580645162
0,32767,6,5,2,1,35.0,2.0,-inf,1.1290322580645162
0,32767,6,5,2,0,35.0,2.0,-inf,1.1290322580645162
0,32767,6,5,2,1,35.0,2.0,-inf,1.1290322580645162
0,32767,6,5,2,0,35.0,2.0,-inf,1.1290322580645162
0,32767,6,5,2,0,35.0,2.0,-inf,1.1290322580645162
0,32767,6,5,2,0,35.0,2.0,-inf,1.1290322580645162
0,32767,6,5,2,1,35.0,2.0,-inf,1.1290322580645162
0,32767,6,5,2,1,35.0,2.0,-inf,1.1290322580645162
0,32767,6,5,2,0,35.0,2.0,-inf,1.1290322580645162
0,32767,6,5,2,0,35.0,2.0,-inf,1.1290322580645162
0,32767,6,5,2,0,35.0,2.0,-inf,1.1290322580645162
0,32767,6,5,2,1,35.0,2.0,-inf,1.1290322580645162
0,32767,6,5,2,0,35.0,2.0,-inf,1.1290322580645162
0,32767,6,5,2,1,35.0,2.0,-inf,1.1290322580645162
0,32767,6,5,2,1,35.0,2.0,-inf,1.1290322580645162
0,32767,6,5,2,1,35.0,2.0,-inf,1.1290322580645162
0,32767,7,5,1,1,29.75,4.0,-inf,1.072072072072072
0,32767,7,5,1,1,29.75,4.0,-inf,1.072072072072072
0,32767,7,5,1,1,29.75,4.0,-inf,1.072072072072072
0,32767,7,5,1,0,29.75,4.0,-inf,1.072072072072072
0,32767,7,5,1,1,29.75,4.0,-inf,1.072072072072072
0,32767,7,5,1,0,29.75,4.0,-inf,1.072072072072072
0,32767,7,5,1,1,29.75,4.0,-inf,1.072072072072072
0,32767,7,5,1,0,29.75,4.0,-inf,1.072072072072072
0,32767,7,5,1,1,29.75,4.0,-inf,1.072072072072072
0,32767,7,5,1,1,29.75,4.0,-inf,1.072072072072072
0,32767,7,5,1,1,29.75,4.0,-inf,1.072072072072072
0,32767,7,5,1,0,29.75,4.0,-inf,1.072072072072072
0,32767,7,5,1,0,29.75,4.0,-inf,1.072072072072072
0,32767,7,5,1,1,29.75,4.0,-inf,1.072072072072072
0,32767,7,5,1,0,29.75,4.0,-inf,1.072072072072072
0,32767,7,5,1,0,29.75,4.0,-inf,1.072072072072072
0,32767,7,5,1,1,29.75,4.0,-inf,1.072072072072072
0,32767,7,5,1,0,29.75,4.0,-inf,1.072072072072072
0,32767,7,5,1,0,29.75,4.0,-inf,1.072072072072072
0,32767,7,5,1,0,29.75,4.0,-inf,1.072072072072072
0,32767,7,5,1,1,29.75,4.0,-inf,1.072072072072072
0,32767,7,5,2,0,29.75,4.0,-inf,1.0
0,32767,7,5,2,1,29.75,4.0,-inf,1.0
0,32767,7,5,2,1,29.75,4.0,-inf,1.0
0,32767,7,5,2,0,29.75,4.0,-inf,1.0
0,32767,7,5,2,0,29.75,4.0,-inf,1.0
0,32767,7,5,2,1,29.75,4.0,-inf,1.0
0,32767,7,5,2,1,29.75,4.0,-inf,1.0
0,32767,7,5,2,0,29.75,4.0,-inf,1.0
0,32767,7,5,2,1,29.75,4.0,-inf,1.0
0,32767,7,5,2,1,29.75,4.0,-inf,1.0
0,32767,7,5,2,1,29.75,4.0,-inf,1.0
0,32767,7,5,2,1,29.75,4.0,-inf,1.0
0,32767,7,5,2,1,29.75,4.0,-inf,1.0
0,32767,7,5,2,0,29.75,4.0,-inf,1.0
0,32767,7,5,2,0,29.75,4.0,-inf,1.0
0,32767,7,5,2,0,29.75,4.0,-inf,1.0
0,32767,7,5,2,1,29.75,4.0,-inf,1.0
0,32767,7,5,2,1,29.75,4.0,-inf,1.0
0,32767,7,5,2,0,29.75,4.0,-inf,1.0
0,32767,7,5,2,0,29.75,4.0,-inf,1.0
0,32767,7,5,2,1,29.75,4.0,-inf,1.0
0,32767,7,5,2,0,29.75,4.0,-inf,1.0
0,32767,7,5,2,1,29.75,4.0,-inf,1.0
0,32767,7,5,2,0,29.75,4.0,-inf,1.0
0,32767,7,5,2,1,29.75,4.0,-inf,1.0
0,32767,7,5,2,0,29.75,4.0,-inf,1.0
0,32767,7,5,3,1,29.75,4.0,-inf,1.202020202020202
0,32767,7,5,3,1,29.75,4.0,-inf,1.202020202020202
0,32767,7,5,3,1,29.75,4.0,-inf,1.202020202020202
0,32767,7,5,3,1,29.75,4.0,-inf,1.202020202020202
0,32767,7,5,3,0,29.75,4.0,-inf,1.202020202020202
0,32767,7,5,3,1,29.75,4.0,-inf,1.202020202020202
0,32767,7,5,3,1,29.75,4.0,-inf,1.202020202020202
0,32767,7,5,3,0,29.75,4.0,-inf,1.202020202020202
0,32767,7,5,3,0,29.75,4.0,-inf,1.202020202020202
0,32767,7,5,3,0,29.75,4.0,-inf,1.202020202020202
0,32767,7,5,3,0,29.75,4.0,-inf,1.202020202020202
0,32767,7,5,3,0,29.75,4.0,-inf,1.202020202020202
0,32767,7,5,3,0,29.75,4.0,-inf,1.202020202020202
0,32767,7,5,3,0,29.75,4.0,-inf,1.202020202020202
0,32767,7,5,3,0,29.75,4.0,-inf,1.202020202020202
0,32767,7,5,4,0,29.75,4.0,-inf,1.1553398058252426
0,32767,7,5,4,1,29.75,4.0,-inf,1.1553398058252426
0,32767,7,5,4,1,29.75,4.0,-inf,1.1553398058252426
0,32767,7,5,4,1,29.75,4.0,-inf,1.1553398058252426
0,32767,7,5,4,0,29.75,4.0,-inf,1.1553398058252426
0,32767,7,5,4,1,29.75,4.0,-inf,1.1553398058252426
0,32767,7,5,4,0,29.75,4.0,-inf,1.1553398058252426
0,32767,7,5,4,1,29.75,4.0,-inf,1.1553398058252426
0,32767,7,5,4,0,29.75,4.0,-inf,1.1553398058252426
0,32767,7,5,4,1,29.75,4.0,-inf,1.1553398058252426
0,32767,7,5,4,0,29.75,4.0,-inf,1.1553398058252426
0,32767,7,5,4,0,29.75,4.0,-inf,1.1553398058252426
0,32767,7,5,4,0,29.75,4.0,-inf,1.1553398058252426
0,32767,7,5,4,1,29.75,4.0,-inf,1.1553398058252426
0,32767,7,5,4,0,29.75,4.0,-inf,1.1553398058252426
0,32767,7,5,4,0,29.75,4.0,-inf,1.1553398058252426
0,32767,8,5,1,1,33.5,4.0,-inf,1.0634920634920635
0,32767,8,5,1,1,33.5,4.0,-inf,1.0634920634920635
0,32767,8,5,1,0,33.5,4.0,-inf,1.0634920634920635
0,32767,8,5,1,0,33.5,4.0,-inf,1.0634920634920635
0,32767,8,5,1,0,33.5,4.0,-inf,1.0634920634920635
0,32767,8,5,1,0,33.5,4.0,-inf,1.0634920634920635
0,32767,8,5,1,1,33.5,4.0,-inf,1.0634920634920635
0,32767,8,5,1,0,33.5,4.0,-inf,1.0634920634920635
0,32767,8,5,1,0,33.5,4.0,-inf,1.0634920634920635
0,32767,8,5,1,0,33.5,4.0,-inf,1.0634920634920635
0,32767,8,5,1,1,33.5,4.0,-inf,1.0634920634920635
0,32767,8,5,1,0,33.5,4.0,-inf,1.0634920634920635
0,32767,8,5,1,0,33.5,4.0,-inf,1.0634920634920635
0,32767,8,5,1,0,33.5,4.0,-inf,1.0634920634920635
0,32767,8,5,1,0,33.5,4.0,-inf,1.0634920634920635
0,32767,8,5,1,0,33.5,4.0,-inf,1.0634920634920635
0,32767,8,5,1,1,33.5,4.0,-inf,1.0634920634920635
0,32767,8,5,1,1,33.5,4.0,-inf,1.0634920634920635
0,32767,8,5,1,1,33.5,4.0,-inf,1.0634920634920635
0,32767,8,5,1,1,33.5,4.0,-inf,1.0634920634920635
0,32767,8,5,1,1,33.5,4.0,-inf,1.0634920634920635
0,32767,8,5,1,0,33.5,4.0,-inf,1.0634920634920635
0,32767,8,5,1,0,33.5,4.0,-inf,1.0634920634920635
0,32767,8,5,1,0,33.5,4.0,-inf,1.0634920634920635
0,32767,8,5,1,0,33.5,4.0,-inf,1.0634920634920635
0,32767,8,5,2,0,33.5,4.0,-inf,1.0634920634920635
0,32767,8,5,2,1,33.5,4.0,-inf,1.0634920634920635
0,32767,8,5,2,0,33.5,4.0,-inf,1.0634920634920635
0,32767,8,5,2,0,33.5,4.0,-inf,1.0634920634920635
0,32767,8,5,2,0,33.5,4.0,-inf,1.0634920634920635
0,32767,8,5,2,0,33.5,4.0,-inf,1.0634920634920635
0,32767,8,5,2,1,33.5,4.0,-inf,1.0634920634920635
0,32767,8,5,2,0,33.5,4.0,-inf,1.0634920634920635
0,32767,8,5,2,1,33.5,4.0,-inf,1.0634920634920635
0,32767,8,5,2,0,33.5,4.0,-inf,1.0634920634920635
0,32767,8,5,2,0,33.5,4.0,-inf,1.0634920634920635
0,32767,8,5,2,0,33.5,4.0,-inf,1.0634920634920635
0,32767,8,5,2,1,33.5,4.0,-inf,1.0634920634920635
0,32767,8,5,2,1,33.5,4.0,-inf,1.0634920634920635
0,32767,8,5,2,1,33.5,4.0,-inf,1.0634920634920635
0,32767,8,5,2,0,33.5,4.0,-inf,1.0634920634920635
0,32767,8,5,2,0,33.5,4.0,-inf,1.0634920634920635
0,32767,8,5,2,1,33.5,4.0,-inf,1.0634920634920635
0,32767,8,5,2,0,33.5,4.0,-inf,1.0634920634920635
0,32767,8,5,2,0,33.5,4.0,-inf,1.0634920634920635
0,32767,8,5,2,0,33.5,4.0,-inf,1.0634920634920635
0,32767,8,5,2,1,33.5,4.0,-inf,1.0634920634920635
0,32767,8,5,2,1,33.5,4.0,-inf,1.0634920634920635
0,32767,8,5,3,1,33.5,4.0,-inf,1.175438596491228
0,32767,8,5,3,1,33.5,4.0,-inf,1.175438596491228
0,32767,8,5,3,0,33.5,4.0,-inf,1.175438596491228
0,32767,8,5,3,0,33.5,4.0,-inf,1.175438596491228
0,32767,8,5,3,0,33.5,4.0,-inf,1.175438596491228
0,32767,8,5,3,0,33.5,4.0,-inf,1.175438596491228
0,32767,8,5,3,0,33.5,4.0,-inf,1.175438596491228
0,32767,8,5,3,1,33.5,4.0,-inf,1.175438596491228
0,32767,8,5,3,1,33.5,4.0,-inf,1.175438596491228
0,32767,8,5,3,1,33.5,4.0,-inf,1.175438596491228
0,32767,8,5,3,0,33.5,4.0,-inf,1.175438596491228
0,32767,8,5,3,0,33.5,4.0,-inf,1.175438596491228
0,32767,8,5,3,0,33.5,4.0,-inf,1.175438596491228
0,32767,8,5,3,1,33.5,4.0,-inf,1.175438596491228
0,32767,8,5,3,1,33.5,4.0,-inf,1.175438596491228
0,32767,8,5,3,1,33.5,4.0,-inf,1.175438596491228
0,32767,8,5,3,1,33.5,4.0,-inf,1.175438596491228
0,32767,8,5,3,0,33.5,4.0,-inf,1.175438596491228
0,32767,8,5,3,1,33.5,4.0,-inf,1.175438596491228
0,32767,8,5,3,1,33.5,4.0,-inf,1.175438596491228
0,32767,8,5,3,1,33.5,4.0,-inf,1.175438596491228
0,32767,8,5,3,0,33.5,4.0,-inf,1.175438596491228
0,32767,8,5,3,1,33.5,4.0,-inf,1.175438596491228
0,32767,8,5,3,0,33.5,4.0,-inf,1.175438596491228
0,32767,8,5,3,0,33.5,4.0,-inf,1.175438596491228
0,32767,8,5,3,0,33.5,4.0,-inf,1.175438596491228
0,32767,8,5,4,0,33.5,4.0,-inf,1.2641509433962266
0,32767,8,5,4,1,33.5,4.0,-inf,1.2641509433962266
0,32767,8,5,4,1,33.5,4.0,-inf,1.2641509433962266
0,32767,8,5,4,1,33.5,4.0,-inf,1.2641509433962266
0,32767,8,5,4,0,33.5,4.0,-inf,1.2641509433962266
0,32767,8,5,4,1,33.5,4.0,-inf,1.2641509433962266
0,32767,8,5,4,0,33.5,4.0,-inf,1.2641509433962266
0,32767,8,5,4,1,33.5,4.0,-inf,1.2641509433962266
0,32767,8,5,4,1,33.5,4.0,-inf,1.2641509433962266
0,32767,8,5,4,0,33.5,4.0,-inf,1.2641509433962266
0,32767,8,5,4,0,33.5,4.0,-inf,1.2641509433962266
0,32767,8,5,4,0,33.5,4.0,-inf,1.2641509433962266
0,32767,8,5,4,0,33.5,4.0,-inf,1.2641509433962266
0,32767,8,5,4,0,33.5,4.0,-inf,1.2641509433962266
0,32767,8,5,4,0,33.5,4.0,-inf,1.2641509433962266
0,32767,8,5,4,0,33.5,4.0,-inf,1.2641509433962266
0,32767,8,5,4,0,33.5,4.0,-inf,1.2641509433962266
0,32767,8,5,4,0,33.5,4.0,-inf,1.2641509433962266
0,32767,8,5,4,0,33.5,4.0,-inf,1.2641509433962266
0,32767,8,5,4,0,33.5,4.0,-inf,1.2641509433962266
0,32767,8,5,4,1,33.5,4.0,-inf,1.2641509433962266
0,32767,8,5,4,1,33.5,4.0,-inf,1.2641509433962266
0,32767,8,5,4,0,33.5,4.0,-inf,1.2641509433962266
0,32767,8,5,4,0,33.5,4.0,-inf,1.2641509433962266
0,32767,9,5,1,0,32.75,4.0,-inf,1.065040650406504
0,32767,9,5,1,0,32.75,4.0,-inf,1.065040650406504
0,32767,9,5,1,0,32.75,4.0,-inf,1.065040650406504
0,32767,9,5,1,1,32.75,4.0,-inf,1.065040650406504
0,32767,9,5,1,0,32.75,4.0,-inf,1.065040650406504
0,32767,9,5,1,0,32.75,4.0,-inf,1.065040650406504
0,32767,9,5,1,0,32.75,4.0,-inf,1.065040650406504
0,32767,9,5,1,0,32.75,4.0,-inf,1.065040650406504
0,32767,9,5,1,1,32.75,4.0,-inf,1.065040650406504
0,32767,9,5,1,1,32.75,4.0,-inf,1.065040650406504
0,32767,9,5,1,0,32.75,4.0,-inf,1.065040650406504
0,32767,9,5,1,1,32.75,4.0,-inf,1.065040650406504
0,32767,9,5,1,1,32.75,4.0,-inf,1.065040650406504
0,32767,9,5,1,0,32.75,4.0,-inf,1.065040650406504
0,32767,9,5,1,1,32.75,4.0,-inf,1.065040650406504
0,32767,9,5,1,1,32.75,4.0,-inf,1.065040650406504
0,32767,9,5,1,0,32.75,4.0,-inf,1.065040650406504
0,32767,9,5,1,1,32.75,4.0,-inf,1.065040650406504
0,32767,9,5,1,0,32.75,4.0,-inf,1.065040650406504
0,32767,9,5,1,1,32.75,4.0,-inf,1.065040650406504
0,32767,9,5,1,1,32.75,4.0,-inf,1.065040650406504
0,32767,9,5,1,0,32.75,4.0,-inf,1.065040650406504
0,32767,9,5,1,1,32.75,4.0,-inf,1.065040650406504
0,32767,9,5,2,0,32.75,4.0,-inf,1.1801801801801801
0,32767,9,5,2,0,32.75,4.0,-inf,1.1801801801801801
0,32767,9,5,2,1,32.75,4.0,-inf,1.1801801801801801
0,32767,9,5,2,0,32.75,4.0,-inf,1.1801801801801801
0,32767,9,5,2,1,32.75,4.0,-inf,1.1801801801801801
0,32767,9,5,2,1,32.75,4.0,-inf,1.1801801801801801
0,32767,9,5,2,1,32.75,4.0,-inf,1.1801801801801801
0,32767,9,5,2,0,32.75,4.0,-inf,1.1801801801801801
0,32767,9,5,2,0,32.75,4.0,-inf,1.1801801801801801
0,32767,9,5,2,0,32.75,4.0,-inf,1.1801801801801801
0,32767,9,5,2,0,32.75,4.0,-inf,1.1801801801801801
0,32767,9,5,2,0,32.75,4.0,-inf,1.1801801801801801
0,32767,9,5,2,1,32.75,4.0,-inf,1.1801801801801801
0,32767,9,5,2,0,32.75,4.0,-inf,1.1801801801801801
0,32767,9,5,2,1,32.75,4.0,-inf,1.1801801801801801
0,32767,9,5,2,1,32.75,4.0,-inf,1.1801801801801801
0,32767,9,5,2,0,32.75,4.0,-inf,1.1801801801801801
0,32767,9,5,3,0,32.75,4.0,-inf,1.1391304347826088
0,32767,9,5,3,0,32.75,4.0,-inf,1.1391304347826088
0,32767,9,5,3,0,32.75,4.0,-inf,1.1391304347826088
0,32767,9,5,3,0,32.75,4.0,-inf,1.1391304347826088
0,32767,9,5,3,1,32.75,4.0,-inf,1.1391304347826088
0,32767,9,5,3,1,32.75,4.0,-inf,1.1391304347826088
0,32767,9,5,3,0,32.75,4.0,-inf,1.1391304347826088
0,32767,9,5,3,1,32.75,4.0,-inf,1.1391304347826088
0,32767,9,5,3,1,32.75,4.0,-inf,1.1391304347826088
0,32767,9,5,3,1,32.75,4.0,-inf,1.1391304347826088
0,32767,9,5,3,0,32.75,4.0,-inf,1.1391304347826088
0,32767,9,5,3,0,32.75,4.0,-inf,1.1391304347826088
0,32767,9,5,3,1,32.75,4.0,-inf,1.1391304347826088
0,32767,9,5,3,1,32.75,4.0,-inf,1.1391304347826088
0,32767,9,5,3,1,32.75,4.0,-inf,1.1391304347826088
0,32767,9,5,3,1,32.75,4.0,-inf,1.1391304347826088
0,32767,9,5,3,1,32.75,4.0,-inf,1.1391304347826088
0,32767,9,5,3,1,32.75,4.0,-inf,1.1391304347826088
0,32767,9,5,3,0,32.75,4.0,-inf,1.1391304347826088
0,32767,9,5,3,1,32.75,4.0,-inf,1.1391304347826088
0,32767,9,5,3,0,32.75,4.0,-inf,1.1391304347826088
0,32767,9,5,3,1,32.75,4.0,-inf,1.1391304347826088
0,32767,9,5,4,0,32.75,4.0,-inf,1.1008403361344539
0,32767,9,5,4,0,32.75,4.0,-inf,1.1008403361344539
0,32767,9,5,4,1,32.75,4.0,-inf,1.1008403361344539
0,32767,9,5,4,1,32.75,4.0,-inf,1.1008403361344539
0,32767,9,5,4,1,32.75,4.0,-inf,1.1008403361344539
0,32767,9,5,4,1,32.75,4.0,-inf,1.1008403361344539
0,32767,9,5,4,0,32.75,4.0,-inf,1.1008403361344539
0,32767,9,5,4,0,32.75,4.0,-inf,1.1008403361344539
0,32767,9,5,4,0,32.75,4.0,-inf,1.1008403361344539
0,32767,9,5,4,1,32.75,4.0,-inf,1.1008403361344539
0,32767,9,5,4,0,32.75,4.0,-inf,1.1008403361344539
0,32767,9,5,4,0,32.75,4.0,-inf,1.1008403361344539
0,32767,9,5,4,1,32.75,4.0,-inf,1.1008403361344539
0,32767,9,5,4,0,32.75,4.0,-inf,1.1008403361344539
0,32767,9,5,4,1,32.75,4.0,-inf,1.1008403361344539
0,32767,9,5,4,0,32.75,4.0,-inf,1.1008403361344539
0,32767,9,5,4,1,32.75,4.0,-inf,1.1008403361344539
0,32767,9,5,4,1,32.75,4.0,-inf,1.1008403361344539
0,32767,9,5,4,1,32.75,4.0,-inf,1.1008403361344539
0,32767,9,5,4,1,32.75,4.0,-inf,1.1008403361344539
0,32767,9,5,4,0,32.75,4.0,-inf,1.1008403361344539
0,32767,9,5,4,1,32.75,4.0,-inf,1.1008403361344539
0,32767,9,5,4,1,32.75,4.0,-inf,1.1008403361344539
0,32767,9,5,4,0,32.75,4.0,-inf,1.1008403361344539
0,32767,9,5,4,1,32.75,4.0,-inf,1.1008403361344539
0,32767,10,5,1,1,26.0,2.0,-inf,1.2380952380952381
0,32767,10,5,1,1,26.0,2.0,-inf,1.2380952380952381
0,32767,10,5,1,0,26.0,2.0,-inf,1.2380952380952381
0,32767,10,5,1,1,26.0,2.0,-inf,1.2380952380952381
0,32767,10,5,1,0,26.0,2.0,-inf,1.2380952380952381
0,32767,10,5,1,0,26.0,2.0,-inf,1.2380952380952381
0,32767,10,5,1,1,26.0,2.0,-inf,1.2380952380952381
0,32767,10,5,1,0,26.0,2.0,-inf,1.2380952380952381
0,32767,10,5,1,1,26.0,2.0,-inf,1.2380952380952381
0,32767,10,5,1,1,26.0,2.0,-inf,1.2380952380952381
0,32767,10,5,1,1,26.0,2.0,-inf,1.2380952380952381
0,32767,10,5,1,1,26.0,2.0,-inf,1.2380952380952381
0,32767,10,5,1,1,26.0,2.0,-inf,1.2380952380952381
0,32767,10,5,1,0,26.0,2.0,-inf,1.2380952380952381
0,32767,10,5,1,1,26.0,2.0,-inf,1.2380952380952381
0,32767,10,5,1,1,26.0,2.0,-inf,1.2380952380952381
0,32767,10,5,1,0,26.0,2.0,-inf,1.2380952380952381
0,32767,10,5,1,1,26.0,2.0,-inf,1.2380952380952381
0,32767,10,5,1,1,26.0,2.0,-inf,1.2380952380952381
0,32767,10,5,1,1,26.0,2.0,-inf,1.2380952380952381
0,32767,10,5,2,0,26.0,2.0,-inf,1.1818181818181819
0,32767,10,5,2,0,26.0,2.0,-inf,1.1818181818181819
0,32767,10,5,2,1,26.0,2.0,-inf,1.1818181818181819
0,32767,10,5,2,1,26.0,2.0,-inf,1.1818181818181819
0,32767,10,5,2,0,26.0,2.0,-inf,1.1818181818181819
0,32767,10,5,2,0,26.0,2.0,-inf,1.1818181818181819
0,32767,10,5,2,0,26.0,2.0,-inf,1.1818181818181819
0,32767,10,5,2,1,26.0,2.0,-inf,1.1818181818181819
0,32767,10,5,2,1,26.0,2.0,-inf,1.1818181818181819
0,32767,10,5,2,1,26.0,2.0,-inf,1.1818181818181819
0,32767,10,5,2,1,26.0,2.0,-inf,1.1818181818181819
0,32767,10,5,2,1,26.0,2.0,-inf,1.1818181818181819
0,32767,10,5,2,1,26.0,2.0,-inf,1.1818181818181819
0,32767,10,5,2,1,26.0,2.0,-inf,1.1818181818181819
0,32767,10,5,2,0,26.0,2.0,-inf,1.1818181818181819
0,32767,10,5,2,0,26.0,2.0,-inf,1.1818181818181819
0,32767,10,5,2,0,26.0,2.0,-inf,1.1818181818181819
0,32767,10,5,2,1,26.0,2.0,-inf,1.1818181818181819
0,32767,10,5,2,1,26.0,2.0,-inf,1.1818181818181819
0,32767,10,5,2,1,26.0,2.0,-inf,1.1818181818181819
0,32767,10,5,2,0,26.0,2.0,-inf,1.1818181818181819
0,32767,11,5,1,1,33.25,4.0,-inf,1.0
0,32767,11,5,1,1,33.25,4.0,-inf,1.0
0,32767,11,5,1,1,33.25,4.0,-inf,1.0
0,32767,11,5,1,1,33.25,4.0,-inf,1.0
0,32767,11,5,1,0,33.25,4.0,-inf,1.0
0,32767,11,5,1,0,33.25,4.0,-inf,1.0
0,32767,11,5,1,0,33.25,4.0,-inf,1.0
0,32767,11,5,1,1,33.25,4.0,-inf,1.0
0,32767,11,5,1,0,33.25,4.0,-inf,1.0
0,32767,11,5,1,1,33.25,4.0,-inf,1.0
0,32767,11,5,1,1,33.25,4.0,-inf,1.0
0,32767,11,5,1,0,33.25,4.0,-inf,1.0
0,32767,11,5,1,1,33.25,4.0,-inf,1.0
0,32767,11,5,1,1,33.25,4.0,-inf,1.0
0,32767,11,5,1,0,33.25,4.0,-inf,1.0
0,32767,11,5,1,1,33.25,4.0,-inf,1.0
0,32767,11,5,1,0,33.25,4.0,-inf,1.0
0,32767,11,5,1,1,33.25,4.0,-inf,1.0
0,32767,11,5,1,0,33.25,4.0,-inf,1.0
0,32767,11,5,1,0,33.25,4.0,-inf,1.0
0,32767,11,5,1,0,33.25,4.0,-inf,1.0
0,32767,11,5,1,0,33.25,4.0,-inf,1.0
0,32767,11,5,1,1,33.25,4.0,-inf,1.0
0,32767,11,5,1,0,33.25,4.0,-inf,1.0
0,32767,11,5,1,1,33.25,4.0,-inf,1.0
0,32767,11,5,1,0,33.25,4.0,-inf,1.0
0,32767,11,5,1,1,33.25,4.0,-inf,1.0
0,32767,11,5,1,0,33.25,4.0,-inf,1.0
0,32767,11,5,1,0,33.25,4.0,-inf,1.0
0,32767,11,5,1,1,33.25,4.0,-inf,1.0
0,32767,11,5,2,0,33.25,4.0,-inf,1.064
0,32767,11,5,2,0,33.25,4.0,-inf,1.064
0,32767,11,5,2,1,33.25,4.0,-inf,1.064
0,32767,11,5,2,1,33.25,4.0,-inf,1.064
0,32767,11,5,2,0,33.25,4.0,-inf,1.064
0,32767,11,5,2,1,33.25,4.0,-inf,1.064
0,32767,11,5,2,1,33.25,4.0,-inf,1.064
0,32767,11,5,2,1,33.25,4.0,-inf,1.064
0,32767,11,5,2,0,33.25,4.0,-inf,1.064
0,32767,11,5,2,0,33.25,4.0,-inf,1.064
0,32767,11,5,2,0,33.25,4.0,-inf,1.064
0,32767,11,5,2,1,33.25,4.0,-inf,1.064
0,32767,11,5,2,1,33.25,4.0,-inf,1.064
0,32767,11,5,2,1,33.25,4.0,-inf,1.064
0,32767,11,5,2,0,33.25,4.0,-inf,1.064
0,32767,11,5,2,0,33.25,4.0,-inf,1.064
0,32767,11,5,2,0,33.25,4.0,-inf,1.064
0,32767,11,5,2,0,33.25,4.0,-inf,1.064
0,32767,11,5,2,1,33.25,4.0,-inf,1.064
0,32767,11,5,2,1,33.25,4.0,-inf,1.064
0,32767,11,5,2,1,33.25,4.0,-inf,1.064
0,32767,11,5,2,1,33.25,4.0,-inf,1.064
0,32767,11,5,2,1,33.25,4.0,-inf,1.064
0,32767,11,5,3,1,33.25,4.0,-inf,1.064
0,32767,11,5,3,1,33.25,4.0,-inf,1.064
0,32767,11,5,3,0,33.25,4.0,-inf,1.064
0,32767,11,5,3,1,33.25,4.0,-inf,1.064
0,32767,11,5,3,0,33.25,4.0,-inf,1.064
0,32767,11,5,3,1,33.25,4.0,-inf,1.064
0,32767,11,5,3,0,33.25,4.0,-inf,1.064
0,32767,11,5,3,1,33.25,4.0,-inf,1.064
0,32767,11,5,3,1,33.25,4.0,-inf,1.064
0,32767,11,5,3,0,33.25,4.0,-inf,1.064
0,32767,11,5,3,0,33.25,4.0,-inf,1.064
0,32767,11,5,3,1,33.25,4.0,-inf,1.064
0,32767,11,5,3,1,33.25,4.0,-inf,1.064
0,32767,11,5,3,0,33.25,4.0,-inf,1.064
0,32767,11,5,3,0,33.25,4.0,-inf,1.064
0,32767,11,5,3,1,33.25,4.0,-inf,1.064
0,32767,11,5,3,1,33.25,4.0,-inf,1.064
0,32767,11,5,3,1,33.25,4.0,-inf,1.064
0,32767,11,5,3,1,33.25,4.0,-inf,1.064
0,32767,11,5,3,0,33.25,4.0,-inf,1.064
0,32767,11,5,3,0,33.25,4.0,-inf,1.064
0,32767,11,5,3,0,33.25,4.0,-inf,1.064
0,32767,11,5,3,1,33.25,4.0,-inf,1.064
0,32767,11,5,3,1,33.25,4.0,-inf,1.064
0,32767,11,5,4,1,33.25,4.0,-inf,1.064
0,32767,11,5,4,1,33.25,4.0,-inf,1.064
0,32767,11,5,4,1,33.25,4.0,-inf,1.064
0,32767,11,5,4,0,33.25,4.0,-inf,1.064
0,32767,11,5,4,1,33.25,4.0,-inf,1.064
0,32767,11,5,4,0,33.25,4.0,-inf,1.064
0,32767,11,5,4,1,33.25,4.0,-inf,1.064
0,32767,11,5,4,0,33.25,4.0,-inf,1.064
0,32767,11,5,4,0,33.25,4.0,-inf,1.064
0,32767,11,5,4,1,33.25,4.0,-inf,1.064
0,32767,11,5,4,1,33.25,4.0,-inf,1.064
0,32767,11,5,4,0,33.25,4.0,-inf,1.064
0,32767,11,5,4,0,33.25,4.0,-inf,1.064
0,32767,11,5,4,0,33.25,4.0,-inf,1.064
0,32767,11,5,4,0,33.25,4.0,-inf,1.064
0,32767,11,5,4,0,33.25,4.0,-inf,1.064
0,32767,11,5,4,1,33.25,4.0,-inf,1.064
0,32767,11,5,4,1,33.25,4.0,-inf,1.064
0,32767,11,5,4,1,33.25,4.0,-inf,1.064
0,32767,11,5,4,1,33.25,4.0,-inf,1.064
0,32767,11,5,4,1,33.25,4.0,-inf,1.064
0,32767,11,5,4,0,33.25,4.0,-inf,1.064
0,32767,11,5,4,1,33.25,4.0,-inf,1.064
0,32767,11,5,4,0,33.25,4.0,-inf,1.064
0,32767,12,5,1,0,24.0,1.0,-inf,1.7142857142857142
0,32767,12,5,1,1,24.0,1.0,-inf,1.7142857142857142
0,32767,12,5,1,1,24.0,1.0,-inf,1.7142857142857142
0,32767,12,5,1,0,24.0,1.0,-inf,1.7142857142857142
0,32767,12,5,1,0,24.0,1.0,-inf,1.7142857142857142
0,32767,12,5,1,0,24.0,1.0,-inf,1.7142857142857142
0,32767,12,5,1,0,24.0,1.0,-inf,1.7142857142857142
0,32767,12,5,1,0,24.0,1.0,-inf,1.7142857142857142
0,32767,12,5,1,0,24.0,1.0,-inf,1.7142857142857142
0,32767,12,5,1,1,24.0,1.0,-inf,1.7142857142857142
0,32767,13,5,1,1,33.5,2.0,-inf,1.1355932203389831
0,32767,13,5,1,0,33.5,2.0,-inf,1.1355932203389831
0,32767,13,5,1,0,33.5,2.0,-inf,1.1355932203389831
0,32767,13,5,1,0,33.5,2.0,-inf,1.1355932203389831
0,32767,13,5,1,0,33.5,2.0,-inf,1.1355932203389831
0,32767,13,5,1,0,33.5,2.0,-inf,1.1355932203389831
0,32767,13,5,1,1,33.5,2.0,-inf,1.1355932203389831
0,32767,13,5,1,1,33.5,2.0,-inf,1.1355932203389831
0,32767,13,5,1,0,33.5,2.0,-inf,1.1355932203389831
0,32767,13,5,1,1,33.5,2.0,-inf,1.1355932203389831
0,32767,13,5,1,0,33.5,2.0,-inf,1.1355932203389831
0,32767,13,5,1,0,33.5,2.0,-inf,1.1355932203389831
0,32767,13,5,1,0,33.5,2.0,-inf,1.1355932203389831
0,32767,13,5,1,1,33.5,2.0,-inf,1.1355932203389831
0,32767,13,5,1,0,33.5,2.0,-inf,1.1355932203389831
0,32767,13,5,1,1,33.5,2.0,-inf,1.1355932203389831
0,32767,13,5,1,0,33.5,2.0,-inf,1.1355932203389831
0,32767,13,5,1,0,33.5,2.0,-inf,1.1355932203389831
0,32767,13,5,1,0,33.5,2.0,-inf,1.1355932203389831
0,32767,13,5,1,1,33.5,2.0,-inf,1.1355932203389831
0,32767,13,5,1,0,33.5,2.0,-inf,1.1355932203389831
0,32767,13,5,1,0,33.5,2.0,-inf,1.1355932203389831
0,32767,13,5,1,0,33.5,2.0,-inf,1.1355932203389831
0,32767,13,5,1,0,33.5,2.0,-inf,1.1355932203389831
0,32767,13,5,1,0,33.5,2.0,-inf,1.1355932203389831
0,32767,13,5,2,0,33.5,2.0,-inf,1.1355932203389831
0,32767,13,5,2,1,33.5,2.0,-inf,1.1355932203389831
0,32767,13,5,2,1,33.5,2.0,-inf,1.1355932203389831
0,32767,13,5,2,1,33.5,2.0,-inf,1.1355932203389831
0,32767,13,5,2,0,33.5,2.0,-inf,1.1355932203389831
0,32767,13,5,2,1,33.5,2.0,-inf,1.1355932203389831
0,32767,13,5,2,1,33.5,2.0,-inf,1.1355932203389831
0,32767,13,5,2,1,33.5,2.0,-inf,1.1355932203389831
0,32767,13,5,2,0,33.5,2.0,-inf,1.1355932203389831
0,32767,13,5,2,0,33.5,2.0,-inf,1.1355932203389831
0,32767,13,5,2,1,33.5,2.0,-inf,1.1355932203389831
0,32767,13,5,2,0,33.5,2.0,-inf,1.1355932203389831
0,32767,13,5,2,0,33.5,2.0,-inf,1.1355932203389831
0,32767,13,5,2,1,33.5,2.0,-inf,1.1355932203389831
0,32767,13,5,2,1,33.5,2.0,-inf,1.1355932203389831
0,32767,13,5,2,0,33.5,2.0,-inf,1.1355932203389831
0,32767,13,5,2,0,33.5,2.0,-inf,1.1355932203389831
0,32767,13,5,2,0,33.5,2.0,-inf,1.1355932203389831
0,32767,13,5,2,0,33.5,2.0,-inf,1.1355932203389831
0,32767,13,5,2,0,33.5,2.0,-inf,1.1355932203389831
0,32767,13,5,2,0,33.5,2.0,-inf,1.1355932203389831
0,32767,13,5,2,1,33.5,2.0,-inf,1.1355932203389831
0,32767,13,5,2,1,33.5,2.0,-inf,1.1355932203389831
0,32767,14,5,1,1,27.25,4.0,-inf,1.1720430107526882
0,32767,14,5,1,0,27.25,4.0,-inf,1.1720430107526882
0,32767,14,5,1,1,27.25,4.0,-inf,1.1720430107526882
0,32767,14,5,1,0,27.25,4.0,-inf,1.1720430107526882
0,32767,14,5,1,0,27.25,4.0,-inf,1.1720430107526882
0,32767,14,5,1,1,27.25,4.0,-inf,1.1720430107526882
0,32767,14,5,1,1,27.25,4.0,-inf,1.1720430107526882
0,32767,14,5,1,0,27.25,4.0,-inf,1.1720430107526882
0,32767,14,5,1,0,27.25,4.0,-inf,1.1720430107526882
0,32767,14,5,1,0,27.25,4.0,-inf,1.1720430107526882
0,32767,14,5,1,1,27.25,4.0,-inf,1.1720430107526882
0,32767,14,5,1,1,27.25,4.0,-inf,1.1720430107526882
0,32767,14,5,1,1,27.25,4.0,-inf,1.1720430107526882
0,32767,14,5,1,0,27.25,4.0,-inf,1.1720430107526882
0,32767,14,5,1,0,27.25,4.0,-inf,1.1720430107526882
0,32767,14,5,1,1,27.25,4.0,-inf,1.1720430107526882
0,32767,14,5,1,1,27.25,4.0,-inf,1.1720430107526882
0,32767,14,5,1,0,27.25,4.0,-inf,1.1720430107526882
0,32767,14,5,2,0,27.25,4.0,-inf,1.1237113402061856
0,32767,14,5,2,1,27.25,4.0,-inf,1.1237113402061856
0,32767,14,5,2,1,27.25,4.0,-inf,1.1237113402061856
0,32767,14,5,2,0,27.25,4.0,-inf,1.1237113402061856
0,32767,14,5,2,0,27.25,4.0,-inf,1.1237113402061856
0,32767,14,5,2,1,27.25,4.0,-inf,1.1237113402061856
0,32767,14,5,2,0,27.25,4.0,-inf,1.1237113402061856
0,32767,14,5,2,1,27.25,4.0,-inf,1.1237113402061856
0,32767,14,5,2,0,27.25,4.0,-inf,1.1237113402061856
0,32767,14,5,2,0,27.25,4.0,-inf,1.1237113402061856
0,32767,14,5,2,1,27.25,4.0,-inf,1.1237113402061856
0,32767,14,5,2,0,27.25,4.0,-inf,1.1237113402061856
0,32767,14,5,2,0,27.25,4.0,-inf,1.1237113402061856
0,32767,14,5,2,0,27.25,4.0,-inf,1.1237113402061856
0,32767,14,5,2,0,27.25,4.0,-inf,1.1237113402061856
0,32767,14,5,2,0,27.25,4.0,-inf,1.1237113402061856
0,32767,14,5,2,1,27.25,4.0,-inf,1.1237113402061856
0,32767,14,5,2,1,27.25,4.0,-inf,1.1237113402061856
0,32767,14,5,2,1,27.25,4.0,-inf,1.1237113402061856
0,32767,14,5,2,1,27.25,4.0,-inf,1.1237113402061856
0,32767,14,5,3,1,27.25,4.0,-inf,1.5797101449275364
0,32767,14,5,3,1,27.25,4.0,-inf,1.5797101449275364
0,32767,14,5,3,1,27.25,4.0,-inf,1.5797101449275364
0,32767,14,5,3,0,27.25,4.0,-inf,1.5797101449275364
0,32767,14,5,3,1,27.25,4.0,-inf,1.5797101449275364
0,32767,14,5,3,0,27.25,4.0,-inf,1.5797101449275364
0,32767,14,5,3,0,27.25,4.0,-inf,1.5797101449275364
0,32767,14,5,3,1,27.25,4.0,-inf,1.5797101449275364
0,32767,14,5,3,0,27.25,4.0,-inf,1.5797101449275364
0,32767,14,5,3,1,27.25,4.0,-inf,1.5797101449275364
0,32767,14,5,3,1,27.25,4.0,-inf,1.5797101449275364
0,32767,14,5,3,1,27.25,4.0,-inf,1.5797101449275364
0,32767,14,5,3,0,27.25,4.0,-inf,1.5797101449275364
0,32767,14,5,4,0,27.25,4.0,-inf,1.5797101449275364
0,32767,14,5,4,1,27.25,4.0,-inf,1.5797101449275364
0,32767,14,5,4,1,27.25,4.0,-inf,1.5797101449275364
0,32767,14,5,4,1,27.25,4.0,-inf,1.5797101449275364
0,32767,14,5,4,0,27.25,4.0,-inf,1.5797101449275364
0,32767,14,5,4,0,27.25,4.0,-inf,1.5797101449275364
0,32767,14,5,4,1,27.25,4.0,-inf,1.5797101449275364
0,32767,14,5,4,1,27.25,4.0,-inf,1.5797101449275364
0,32767,14,5,4,1,27.25,4.0,-inf,1.5797101449275364
0,32767,14,5,4,0,27.25,4.0,-inf,1.5797101449275364
0,32767,14,5,4,0,27.25,4.0,-inf,1.5797101449275364
0,32767,14,5,4,1,27.25,4.0,-inf,1.5797101449275364
0,32767,14,5,4,0,27.25,4.0,-inf,1.5797101449275364
0,32767,14,5,4,1,27.25,4.0,-inf,1.5797101449275364
0,32767,14,5,4,1,27.25,4.0,-inf,1.5797101449275364
0,32767,14,5,4,1,27.25,4.0,-inf,1.5797101449275364
0,32767,14,5,4,0,27.25,4.0,-inf,1.5797101449275364
0,32767,14,5,4,0,27.25,4.0,-inf,1.5797101449275364
0,32767,15,5,1,0,21.0,2.0,-inf,1.1052631578947367
0,32767,15,5,1,1,21.0,2.0,-inf,1.1052631578947367
0,32767,15,5,1,1,21.0,2.0,-inf,1.1052631578947367
0,32767,15,5,1,1,21.0,2.0,-inf,1.1052631578947367
0,32767,15,5,1,1,21.0,2.0,-inf,1.1052631578947367
0,32767,15,5,1,0,21.0,2.0,-inf,1.1052631578947367
0,32767,15,5,1,1,21.0,2.0,-inf,1.1052631578947367
0,32767,15,5,1,1,21.0,2.0,-inf,1.1052631578947367
0,32767,15,5,1,1,21.0,2.0,-inf,1.1052631578947367
0,32767,15,5,1,1,21.0,2.0,-inf,1.1052631578947367
0,32767,15,5,1,0,21.0,2.0,-inf,1.1052631578947367
0,32767,15,5,1,0,21.0,2.0,-inf,1.1052631578947367
0,32767,15,5,1,0,21.0,2.0,-inf,1.1052631578947367
0,32767,15,5,2,0,21.0,2.0,-inf,1.2352941176470589
0,32767,15,5,2,1,21.0,2.0,-inf,1.2352941176470589
0,32767,15,5,2,0,21.0,2.0,-inf,1.2352941176470589
0,32767,15,5,2,0,21.0,2.0,-inf,1.2352941176470589
0,32767,15,5,2,1,21.0,2.0,-inf,1.2352941176470589
0,32767,15,5,2,0,21.0,2.0,-inf,1.2352941176470589
0,32767,15,5,2,1,21.0,2.0,-inf,1.2352941176470589
0,32767,15,5,2,0,21.0,2.0,-inf,1.2352941176470589
0,32767,15,5,2,0,21.0,2.0,-inf,1.2352941176470589
0,32767,15,5,2,1,21.0,2.0,-inf,1.2352941176470589
0,32767,15,5,2,1,21.0,2.0,-inf,1.2352941176470589
0,32767,15,5,2,1,21.0,2.0,-inf,1.2352941176470589
0,32767,15,5,2,1,21.0,2.0,-inf,1.2352941176470589
0,32767,15,5,2,0,21.0,2.0,-inf,1.2352941176470589
0,32767,15,5,2,1,21.0,2.0,-inf,1.2352941176470589
0,32767,15,5,2,1,21.0,2.0,-inf,1.2352941176470589
0,32767,16,5,1,0,36.0,3.0,-inf,1.161290322580645
0,32767,16,5,1,0,36.0,3.0,-inf,1.161290322580645
0,32767,16,5,1,1,36.0,3.0,-inf,1.161290322580645
0,32767,16,5,1,0,36.0,3.0,-inf,1.161290322580645
0,32767,16,5,1,1,36.0,3.0,-inf,1.161290322580645
0,32767,16,5,1,1,36.0,3.0,-inf,1.161290322580645
0,32767,16,5,1,1,36.0,3.0,-inf,1.161290322580645
0,32767,16,5,1,1,36.0,3.0,-inf,1.161290322580645
0,32767,16,5,1,1,36.0,3.0,-inf,1.161290322580645
0,32767,16,5,1,1,36.0,3.0,-inf,1.161290322580645
0,32767,16,5,1,0,36.0,3.0,-inf,1.161290322580645
0,32767,16,5,1,1,36.0,3.0,-inf,1.161290322580645
0,32767,16,5,1,0,36.0,3.0,-inf,1.161290322580645
0,32767,16,5,1,1,36.0,3.0,-inf,1.161290322580645
0,32767,16,5,1,0,36.0,3.0,-inf,1.161290322580645
0,32767,16,5,1,1,36.0,3.0,-inf,1.161290322580645
0,32767,16,5,1,0,36.0,3.0,-inf,1.161290322580645
0,32767,16,5,1,1,36.0,3.0,-inf,1.161290322580645
0,32767,16,5,1,0,36.0,3.0,-inf,1.161290322580645
0,32767,16,5,1,1,36.0,3.0,-inf,1.161290322580645
0,32767,16,5,1,0,36.0,3.0,-inf,1.161290322580645
0,32767,16,5,1,1,36.0,3.0,-inf,1.161290322580645
0,32767,16,5,1,1,36.0,3.0,-inf,1.161290322580645
0,32767,16,5,1,0,36.0,3.0,-inf,1.161290322580645
0,32767,16,5,1,0,36.0,3.0,-inf,1.161290322580645
0,32767,16,5,1,1,36.0,3.0,-inf,1.161290322580645
0,32767,16,5,1,1,36.0,3.0,-inf,1.161290322580645
0,32767,16,5,1,1,36.0,3.0,-inf,1.161290322580645
0,32767,16,5,2,1,36.0,3.0,-inf,1.0285714285714287
0,32767,16,5,2,0,36.0,3.0,-inf,1.0285714285714287
0,32767,16,5,2,0,36.0,3.0,-inf,1.0285714285714287
0,32767,16,5,2,0,36.0,3.0,-inf,1.0285714285714287
0,32767,16,5,2,1,36.0,3.0,-inf,1.0285714285714287
0,32767,16,5,2,0,36.0,3.0,-inf,1.0285714285714287
0,32767,16,5,2,1,36.0,3.0,-inf,1.0285714285714287
0,32767,16,5,2,0,36.0,3.0,-inf,1.0285714285714287
0,32767,16,5,2,0,36.0,3.0,-inf,1.0285714285714287
0,32767,16,5,2,0,36.0,3.0,-inf,1.0285714285714287
0,32767,16,5,2,1,36.0,3.0,-inf,1.0285714285714287
0,32767,16,5,2,0,36.0,3.0,-inf,1.0285714285714287
0,32767,16,5,2,1,36.0,3.0,-inf,1.0285714285714287
0,32767,16,5,2,1,36.0,3.0,-inf,1.0285714285714287
0,32767,16,5,2,0,36.0,3.0,-inf,1.0285714285714287
0,32767,16,5,2,1,36.0,3.0,-inf,1.0285714285714287
0,32767,16,5,2,0,36.0,3.0,-inf,1.0285714285714287
0,32767,16,5,2,0,36.0,3.0,-inf,1.0285714285714287
0,32767,16,5,2,1,36.0,3.0,-inf,1.0285714285714287
0,32767,16,5,2,0,36.0,3.0,-inf,1.0285714285714287
0,32767,16,5,2,1,36.0,3.0,-inf,1.0285714285714287
0,32767,16,5,2,0,36.0,3.0,-inf,1.0285714285714287
0,32767,16,5,2,1,36.0,3.0,-inf,1.0285714285714287
0,32767,16,5,2,1,36.0,3.0,-inf,1.0285714285714287
0,32767,16,5,2,1,36.0,3.0,-inf,1.0285714285714287
0,32767,16,5,2,0,36.0,3.0,-inf,1.0285714285714287
0,32767,16,5,2,1,36.0,3.0,-inf,1.0285714285714287
0,32767,16,5,2,1,36.0,3.0,-inf,1.0285714285714287
0,32767,16,5,2,1,36.0,3.0,-inf,1.0285714285714287
0,32767,16,5,2,1,36.0,3.0,-inf,1.0285714285714287
0,32767,16,5,2,1,36.0,3.0,-inf,1.0285714285714287
0,32767,16,5,3,0,36.0,3.0,-inf,1.2857142857142856
0,32767,16,5,3,1,36.0,3.0,-inf,1.2857142857142856
0,32767,16,5,3,1,36.0,3.0,-inf,1.2857142857142856
0,32767,16,5,3,0,36.0,3.0,-inf,1.2857142857142856
0,32767,16,5,3,1,36.0,3.0,-inf,1.2857142857142856
0,32767,16,5,3,0,36.0,3.0,-inf,1.2857142857142856
0,32767,16,5,3,0,36.0,3.0,-inf,1.2857142857142856
0,32767,16,5,3,0,36.0,3.0,-inf,1.2857142857142856
0,32767,16,5,3,1,36.0,3.0,-inf,1.2857142857142856
0,32767,16,5,3,1,36.0,3.0,-inf,1.2857142857142856
0,32767,16,5,3,1,36.0,3.0,-inf,1.2857142857142856
0,32767,16,5,3,0,36.0,3.0,-inf,1.2857142857142856
0,32767,16,5,3,0,36.0,3.0,-inf,1.2857142857142856
0,32767,16,5,3,1,36.0,3.0,-inf,1.2857142857142856
0,32767,17,5,1,1,29.0,4.0,-inf,1.2083333333333333
0,32767,17,5,1,1,29.0,4.0,-inf,1.2083333333333333
0,32767,17,5,1,0,29.0,4.0,-inf,1.2083333333333333
0,32767,17,5,1,0,29.0,4.0,-inf,1.2083333333333333
0,32767,17,5,1,0,29.0,4.0,-inf,1.2083333333333333
0,32767,17,5,1,1,29.0,4.0,-inf,1.2083333333333333
0,32767,17,5,1,1,29.0,4.0,-inf,1.2083333333333333
0,32767,17,5,1,1,29.0,4.0,-inf,1.2083333333333333
0,32767,17,5,1,1,29.0,4.0,-inf,1.2083333333333333
0,32767,17,5,1,1,29.0,4.0,-inf,1.2083333333333333
0,32767,17,5,1,1,29.0,4.0,-inf,1.2083333333333333
0,32767,17,5,1,1,29.0,4.0,-inf,1.2083333333333333
0,32767,17,5,1,0,29.0,4.0,-inf,1.2083333333333333
0,32767,17,5,1,1,29.0,4.0,-inf,1.2083333333333333
0,32767,17,5,1,1,29.0,4.0,-inf,1.2083333333333333
0,32767,17,5,1,0,29.0,4.0,-inf,1.2083333333333333
0,32767,17,5,4,0,29.0,4.0,-inf,1.0
0,32767,17,5,4,0,29.0,4.0,-inf,1.0
0,32767,17,5,4,1,29.0,4.0,-inf,1.0
0,32767,17,5,4,1,29.0,4.0,-inf,1.0
0,32767,17,5,4,0,29.0,4.0,-inf,1.0
0,32767,17,5,4,1,29.0,4.0,-inf,1.0
0,32767,17,5,4,1,29.0,4.0,-inf,1.0
0,32767,17,5,4,0,29.0,4.0,-inf,1.0
0,32767,17,5,4,1,29.0,4.0,-inf,1.0
0,32767,17,5,4,1,29.0,4.0,-inf,1.0
0,32767,17,5,4,1,29.0,4.0,-inf,1.0
0,32767,17,5,4,0,29.0,4.0,-inf,1.0
0,32767,17,5,4,1,29.0,4.0,-inf,1.0
0,32767,17,5,4,1,29.0,4.0,-inf,1.0
0,32767,17,5,2,0,29.0,4.0,-inf,3.2222222222222223
0,32767,17,5,2,1,29.0,4.0,-inf,3.2222222222222223
0,32767,17,5,2,1,29.0,4.0,-inf,3.2222222222222223
0,32767,17,5,2,0,29.0,4.0,-inf,3.2222222222222223
0,32767,17,5,3,1,29.0,4.0,-inf,1.7058823529411766
0,32767,17,5,3,1,29.0,4.0,-inf,1.7058823529411766
0,32767,17,5,3,1,29.0,4.0,-inf,1.7058823529411766
0,32767,17,5,3,0,29.0,4.0,-inf,1.7058823529411766
0,32767,17,5,3,1,29.0,4.0,-inf,1.7058823529411766
0,32767,17,5,3,0,29.0,4.0,-inf,1.7058823529411766
0,32767,17,5,3,0,29.0,4.0,-inf,1.7058823529411766
0,32767,17,5,3,1,29.0,4.0,-inf,1.7058823529411766
0,32767,17,5,3,1,29.0,4.0,-inf,1.7058823529411766
0,32767,17,5,3,1,29.0,4.0,-inf,1.7058823529411766
0,32767,17,5,3,0,29.0,4.0,-inf,1.7058823529411766
0,32767,17,5,3,0,29.0,4.0,-inf,1.7058823529411766
0,32767,17,5,3,0,29.0,4.0,-inf,1.7058823529411766
0,32767,17,5,4,0,29.0,4.0,-inf,1.0
0,32767,17,5,4,0,29.0,4.0,-inf,1.0
0,32767,17,5,4,0,29.0,4.0,-inf,1.0
0,32767,17,5,4,1,29.0,4.0,-inf,1.0
0,32767,17,5,4,0,29.0,4.0,-inf,1.0
0,32767,18,5,1,0,20.5,2.0,-inf,1.1081081081081081
0,32767,18,5,1,0,20.5,2.0,-inf,1.1081081081081081
0,32767,18,5,1,1,20.5,2.0,-inf,1.1081081081081081
0,32767,18,5,1,1,20.5,2.0,-inf,1.1081081081081081
0,32767,18,5,1,1,20.5,2.0,-inf,1.1081081081081081
0,32767,18,5,1,1,20.5,2.0,-inf,1.1081081081081081
0,32767,18,5,1,0,20.5,2.0,-inf,1.1081081081081081
0,32767,18,5,1,0,20.5,2.0,-inf,1.1081081081081081
0,32767,18,5,1,0,20.5,2.0,-inf,1.1081081081081081
0,32767,18,5,1,1,20.5,2.0,-inf,1.1081081081081081
0,32767,18,5,1,0,20.5,2.0,-inf,1.1081081081081081
0,32767,18,5,1,1,20.5,2.0,-inf,1.1081081081081081
0,32767,18,5,1,0,20.5,2.0,-inf,1.1081081081081081
0,32767,18,5,1,0,20.5,2.0,-inf,1.1081081081081081
0,32767,18,5,2,1,20.5,2.0,-inf,1.3225806451612903
0,32767,18,5,2,0,20.5,2.0,-inf,1.3225806451612903
0,32767,18,5,2,1,20.5,2.0,-inf,1.3225806451612903
0,32767,18,5,2,1,20.5,2.0,-inf,1.3225806451612903
0,32767,18,5,2,0,20.5,2.0,-inf,1.3225806451612903
0,32767,18,5,2,1,20.5,2.0,-inf,1.3225806451612903
0,32767,18,5,2,1,20.5,2.0,-inf,1.3225806451612903
0,32767,18,5,2,0,20.5,2.0,-inf,1.3225806451612903
0,32767,18,5,2,1,20.5,2.0,-inf,1.3225806451612903
0,32767,18,5,2,0,20.5,2.0,-inf,1.3225806451612903
0,32767,18,5,2,0,20.5,2.0,-inf,1.3225806451612903
0,32767,18,5,2,1,20.5,2.0,-inf,1.3225806451612903
0,32767,18,5,2,0,20.5,2.0,-inf,1.3225806451612903
0,32767,18,5,2,0,20.5,2.0,-inf,1.3225806451612903
0,32767,18,5,2,0,20.5,2.0,-inf,1.3225806451612903
0,32767,19,5,1,0,30.5,2.0,-inf,1.150943396226415
0,32767,19,5,1,1,30.5,2.0,-inf,1.150943396226415
0,32767,19,5,1,1,30.5,2.0,-inf,1.150943396226415
0,32767,19,5,1,1,30.5,2.0,-inf,1.150943396226415
0,32767,19,5,1,0,30.5,2.0,-inf,1.150943396226415
0,32767,19,5,1,1,30.5,2.0,-inf,1.150943396226415
0,32767,19,5,1,1,30.5,2.0,-inf,1.150943396226415
0,32767,19,5,1,0,30.5,2.0,-inf,1.150943396226415
0,32767,19,5,1,0,30.5,2.0,-inf,1.150943396226415
0,32767,19,5,1,1,30.5,2.0,-inf,1.150943396226415
0,32767,19,5,1,0,30.5,2.0,-inf,1.150943396226415
0,32767,19,5,1,0,30.5,2.0,-inf,1.150943396226415
0,32767,19,5,1,1,30.5,2.0,-inf,1.150943396226415
0,32767,19,5,1,1,30.5,2.0,-inf,1.150943396226415
0,32767,19,5,1,1,30.5,2.0,-inf,1.150943396226415
0,32767,19,5,1,0,30.5,2.0,-inf,1.150943396226415
0,32767,19,5,1,0,30.5,2.0,-inf,1.150943396226415
0,32767,19,5,1,0,30.5,2.0,-inf,1.150943396226415
0,32767,19,5,1,0,30.5,2.0,-inf,1.150943396226415
0,32767,19,5,1,1,30.5,2.0,-inf,1.150943396226415
0,32767,19,5,1,0,30.5,2.0,-inf,1.150943396226415
0,32767,19,5,2,0,30.5,2.0,-inf,1.1090909090909091
0,32767,19,5,2,1,30.5,2.0,-inf,1.1090909090909091
0,32767,19,5,2,1,30.5,2.0,-inf,1.1090909090909091
0,32767,19,5,2,0,30.5,2.0,-inf,1.1090909090909091
0,32767,19,5,2,0,30.5,2.0,-inf,1.1090909090909091
0,32767,19,5,2,0,30.5,2.0,-inf,1.1090909090909091
0,32767,19,5,2,1,30.5,2.0,-inf,1.1090909090909091
0,32767,19,5,2,0,30.5,2.0,-inf,1.1090909090909091
0,32767,19,5,2,0,30.5,2.0,-inf,1.1090909090909091
0,32767,19,5,2,1,30.5,2.0,-inf,1.1090909090909091
0,32767,19,5,2,0,30.5,2.0,-inf,1.1090909090909091
0,32767,19,5,2,0,30.5,2.0,-inf,1.1090909090909091
0,32767,19,5,2,1,30.5,2.0,-inf,1.1090909090909091
0,32767,19,5,2,0,30.5,2.0,-inf,1.1090909090909091
0,32767,19,5,2,1,30.5,2.0,-inf,1.1090909090909091
0,32767,19,5,2,1,30.5,2.0,-inf,1.1090909090909091
0,32767,19,5,2,1,30.5,2.0,-inf,1.1090909090909091
0,32767,19,5,2,1,30.5,2.0,-inf,1.1090909090909091
0,32767,19,5,2,1,30.5,2.0,-inf,1.1090909090909091
0,32767,19,5,2,0,30.5,2.0,-inf,1.1090909090909091
0,32767,19,5,2,0,30.5,2.0,-inf,1.1090909090909091
0,32767,20,5,1,1,24.0,1.0,-inf,1.3333333333333333
0,32767,20,5,1,0,24.0,1.0,-inf,1.3333333333333333
0,32767,20,5,1,0,24.0,1.0,-inf,1.3333333333333333
0,32767,20,5,1,0,24.0,1.0,-inf,1.3333333333333333
0,32767,20,5,1,0,24.0,1.0,-inf,1.3333333333333333
0,32767,20,5,1,0,24.0,1.0,-inf,1.3333333333333333
0,32767,20,5,1,1,24.0,1.0,-inf,1.3333333333333333
0,32767,20,5,1,1,24.0,1.0,-inf,1.3333333333333333
0,32767,20,5,1,0,24.0,1.0,-inf,1.3333333333333333
0,32767,20,5,1,0,24.0,1.0,-inf,1.3333333333333333
0,32767,20,5,1,0,24.0,1.0,-inf,1.3333333333333333
0,32767,20,5,1,1,24.0,1.0,-inf,1.3333333333333333
0,32767,20,5,1,1,24.0,1.0,-inf,1.3333333333333333
0,32767,20,5,1,0,24.0,1.0,-inf,1.3333333333333333
0,32767,20,5,1,1,24.0,1.0,-inf,1.3333333333333333
0,32767,21,5,1,0,6.0,1.0,-inf,1.0
0,32767,21,5,1,0,6.0,1.0,-inf,1.0
0,32767,21,5,1,1,6.0,1.0,-inf,1.0
0,32767,21,5,1,0,6.0,1.0,-inf,1.0
0,32767,22,5,1,1,31.5,2.0,-inf,1.0327868852459017
0,32767,22,5,1,1,31.5,2.0,-inf,1.0327868852459017
0,32767,22,5,1,0,31.5,2.0,-inf,1.0327868852459017
0,32767,22,5,1,0,31.5,2.0,-inf,1.0327868852459017
0,32767,22,5,1,1,31.5,2.0,-inf,1.0327868852459017
0,32767,22,5,1,0,31.5,2.0,-inf,1.0327868852459017
0,32767,22,5,1,0,31.5,2.0,-inf,1.0327868852459017
0,32767,22,5,1,0,31.5,2.0,-inf,1.0327868852459017
0,32767,22,5,1,0,31.5,2.0,-inf,1.0327868852459017
0,32767,22,5,1,1,31.5,2.0,-inf,1.0327868852459017
0,32767,22,5,1,0,31.5,2.0,-inf,1.0327868852459017
0,32767,22,5,1,0,31.5,2.0,-inf,1.0327868852459017
0,32767,22,5,1,1,31.5,2.0,-inf,1.0327868852459017
0,32767,22,5,1,1,31.5,2.0,-inf,1.0327868852459017
0,32767,22,5,1,0,31.5,2.0,-inf,1.0327868852459017
0,32767,22,5,1,1,31.5,2.0,-inf,1.0327868852459017
0,32767,22,5,1,0,31.5,2.0,-inf,1.0327868852459017
0,32767,22,5,1,0,31.5,2.0,-inf,1.0327868852459017
0,32767,22,5,1,0,31.5,2.0,-inf,1.0327868852459017
0,32767,22,5,1,0,31.5,2.0,-inf,1.0327868852459017
0,32767,22,5,1,1,31.5,2.0,-inf,1.0327868852459017
0,32767,22,5,1,1,31.5,2.0,-inf,1.0327868852459017
0,32767,22,5,2,0,31.5,2.0,-inf,1.0327868852459017
0,32767,22,5,2,1,31.5,2.0,-inf,1.0327868852459017
0,32767,22,5,2,0,31.5,2.0,-inf,1.0327868852459017
0,32767,22,5,2,1,31.5,2.0,-inf,1.0327868852459017
0,32767,22,5,2,0,31.5,2.0,-inf,1.0327868852459017
0,32767,22,5,2,0,31.5,2.0,-inf,1.0327868852459017
0,32767,22,5,2,1,31.5,2.0,-inf,1.0327868852459017
0,32767,22,5,2,1,31.5,2.0,-inf,1.0327868852459017
0,32767,22,5,2,1,31.5,2.0,-inf,1.0327868852459017
0,32767,22,5,2,1,31.5,2.0,-inf,1.0327868852459017
0,32767,22,5,2,1,31.5,2.0,-inf,1.0327868852459017
0,32767,22,5,2,0,31.5,2.0,-inf,1.0327868852459017
0,32767,22,5,2,1,31.5,2.0,-inf,1.0327868852459017
0,32767,22,5,2,1,31.5,2.0,-inf,1.0327868852459017
0,32767,22,5,2,1,31.5,2.0,-inf,1.0327868852459017
0,32767,22,5,2,0,31.5,2.0,-inf,1.0327868852459017
0,32767,22,5,2,0,31.5,2.0,-inf,1.0327868852459017
0,32767,22,5,2,0,31.5,2.0,-inf,1.0327868852459017
0,32767,22,5,2,1,31.5,2.0,-inf,1.0327868852459017
0,32767,22,5,2,0,31.5,2.0,-inf,1.0327868852459017
0,32767,22,5,2,0,31.5,2.0,-inf,1.0327868852459017
0,32767,22,5,2,1,31.5,2.0,-inf,1.0327868852459017
0,32767,22,5,2,0,31.5,2.0,-inf,1.0327868852459017
0,32767,22,5,2,0,31.5,2.0,-inf,1.0327868852459017
0,32767,22,5,2,0,31.5,2.0,-inf,1.0327868852459017
0,32767,22,5,2,0,31.5,2.0,-inf,1.0327868852459017
0,32767,22,5,2,0,31.5,2.0,-inf,1.0327868852459017
0,32767,23,5,1,1,35.25,4.0,-inf,1.342857142857143
0,32767,23,5,1,0,35.25,4.0,-inf,1.342857142857143
0,32767,23,5,1,1,35.25,4.0,-inf,1.342857142857143
0,32767,23,5,1,1,35.25,4.0,-inf,1.342857142857143
0,32767,23,5,1,0,35.25,4.0,-inf,1.342857142857143
0,32767,23,5,1,1,35.25,4.0,-inf,1.342857142857143
0,32767,23,5,1,1,35.25,4.0,-inf,1.342857142857143
0,32767,23,5,1,0,35.25,4.0,-inf,1.342857142857143
0,32767,23,5,1,0,35.25,4.0,-inf,1.342857142857143
0,32767,23,5,1,1,35.25,4.0,-inf,1.342857142857143
0,32767,23,5,1,1,35.25,4.0,-inf,1.342857142857143
0,32767,23,5,1,1,35.25,4.0,-inf,1.342857142857143
0,32767,23,5,1,1,35.25,4.0,-inf,1.342857142857143
0,32767,23,5,1,0,35.25,4.0,-inf,1.342857142857143
0,32767,23,5,1,1,35.25,4.0,-inf,1.342857142857143
0,32767,23,5,1,1,35.25,4.0,-inf,1.342857142857143
0,32767,23,5,1,0,35.25,4.0,-inf,1.342857142857143
0,32767,23,5,1,0,35.25,4.0,-inf,1.342857142857143
0,32767,23,5,1,1,35.25,4.0,-inf,1.342857142857143
0,32767,23,5,1,1,35.25,4.0,-inf,1.342857142857143
0,32767,23,5,1,0,35.25,4.0,-inf,1.342857142857143
0,32767,23,5,2,0,35.25,4.0,-inf,1.7407407407407405
0,32767,23,5,2,1,35.25,4.0,-inf,1.7407407407407405
0,32767,23,5,2,1,35.25,4.0,-inf,1.7407407407407405
0,32767,23,5,2,1,35.25,4.0,-inf,1.7407407407407405
0,32767,23,5,2,1,35.25,4.0,-inf,1.7407407407407405
0,32767,23,5,2,1,35.25,4.0,-inf,1.7407407407407405
0,32767,23,5,2,0,35.25,4.0,-inf,1.7407407407407405
0,32767,23,5,2,1,35.25,4.0,-inf,1.7407407407407405
0,32767,23,5,2,1,35.25,4.0,-inf,1.7407407407407405
0,32767,23,5,2,0,35.25,4.0,-inf,1.7407407407407405
0,32767,23,5,2,1,35.25,4.0,-inf,1.7407407407407405
0,32767,23,5,2,0,35.25,4.0,-inf,1.7407407407407405
0,32767,23,5,2,1,35.25,4.0,-inf,1.7407407407407405
0,32767,23,5,2,0,35.25,4.0,-inf,1.7407407407407405
0,32767,23,5,2,1,35.25,4.0,-inf,1.7407407407407405
0,32767,23,5,2,0,35.25,4.0,-inf,1.7407407407407405
0,32767,23,5,2,0,35.25,4.0,-inf,1.7407407407407405
0,32767,23,5,2,0,35.25,4.0,-inf,1.7407407407407405
0,32767,23,5,2,0,35.25,4.0,-inf,1.7407407407407405
0,32767,23,5,2,0,35.25,4.0,-inf,1.7407407407407405
0,32767,23,5,3,0,35.25,4.0,-inf,1.396039603960396
0,32767,23,5,3,0,35.25,4.0,-inf,1.396039603960396
0,32767,23,5,3,1,35.25,4.0,-inf,1.396039603960396
0,32767,23,5,3,1,35.25,4.0,-inf,1.396039603960396
0,32767,23,5,3,0,35.25,4.0,-inf,1.396039603960396
0,32767,23,5,3,1,35.25,4.0,-inf,1.396039603960396
0,32767,23,5,3,0,35.25,4.0,-inf,1.396039603960396
0,32767,23,5,3,1,35.25,4.0,-inf,1.396039603960396
0,32767,23,5,3,0,35.25,4.0,-inf,1.396039603960396
0,32767,23,5,3,1,35.25,4.0,-inf,1.396039603960396
0,32767,23,5,3,0,35.25,4.0,-inf,1.396039603960396
0,32767,23,5,3,1,35.25,4.0,-inf,1.396039603960396
0,32767,23,5,3,1,35.25,4.0,-inf,1.396039603960396
0,32767,23,5,3,1,35.25,4.0,-inf,1.396039603960396
0,32767,23,5,3,0,35.25,4.0,-inf,1.396039603960396
0,32767,23,5,4,1,35.25,4.0,-inf,1.9315068493150687
0,32767,23,5,4,0,35.25,4.0,-inf,1.9315068493150687
0,32767,23,5,4,1,35.25,4.0,-inf,1.9315068493150687
0,32767,23,5,4,1,35.25,4.0,-inf,1.9315068493150687
0,32767,23,5,4,0,35.25,4.0,-inf,1.9315068493150687
0,32767,23,5,4,0,35.25,4.0,-inf,1.9315068493150687
0,32767,23,5,4,0,35.25,4.0,-inf,1.9315068493150687
0,32767,23,5,4,0,35.25,4.0,-inf,1.9315068493150687
0,32767,23,5,4,1,35.25,4.0,-inf,1.9315068493150687
0,32767,23,5,4,0,35.25,4.0,-inf,1.9315068493150687
0,32767,23,5,4,0,35.25,4.0,-inf,1.9315068493150687
0,32767,23,5,4,1,35.25,4.0,-inf,1.9315068493150687
0,32767,23,5,4,1,35.25,4.0,-inf,1.9315068493150687
0,32767,23,5,4,1,35.25,4.0,-inf,1.9315068493150687
0,32767,23,5,4,0,35.25,4.0,-inf,1.9315068493150687
0,32767,24,5,1,1,30.0,2.0,-inf,1.5
0,32767,24,5,1,1,30.0,2.0,-inf,1.5
0,32767,24,5,1,0,30.0,2.0,-inf,1.5
0,32767,24,5,1,1,30.0,2.0,-inf,1.5
0,32767,24,5,1,1,30.0,2.0,-inf,1.5
0,32767,24,5,1,0,30.0,2.0,-inf,1.5
0,32767,24,5,1,0,30.0,2.0,-inf,1.5
0,32767,24,5,1,0,30.0,2.0,-inf,1.5
0,32767,24,5,1,0,30.0,2.0,-inf,1.5
0,32767,24,5,1,1,30.0,2.0,-inf,1.5
0,32767,24,5,1,1,30.0,2.0,-inf,1.5
0,32767,24,5,1,0,30.0,2.0,-inf,1.5
0,32767,24,5,1,0,30.0,2.0,-inf,1.5
0,32767,24,5,2,1,30.0,2.0,-inf,1.3636363636363638
0,32767,24,5,2,0,30.0,2.0,-inf,1.3636363636363638
0,32767,24,5,2,1,30.0,2.0,-inf,1.3636363636363638
0,32767,24,5,2,1,30.0,2.0,-inf,1.3636363636363638
0,32767,24,5,2,0,30.0,2.0,-inf,1.3636363636363638
0,32767,24,5,2,0,30.0,2.0,-inf,1.3636363636363638
0,32767,24,5,2,0,30.0,2.0,-inf,1.3636363636363638
0,32767,24,5,2,0,30.0,2.0,-inf,1.3636363636363638
0,32767,24,5,2,0,30.0,2.0,-inf,1.3636363636363638
0,32767,24,5,2,0,30.0,2.0,-inf,1.3636363636363638
0,32767,24,5,2,0,30.0,2.0,-inf,1.3636363636363638
0,32767,24,5,2,1,30.0,2.0,-inf,1.3636363636363638
0,32767,24,5,2,1,30.0,2.0,-inf,1.3636363636363638
0,32767,24,5,2,0,30.0,2.0,-inf,1.3636363636363638
0,32767,24,5,2,1,30.0,2.0,-inf,1.3636363636363638
0,32767,25,5,1,0,29.5,2.0,-inf,1.4390243902439024
0,32767,25,5,1,1,29.5,2.0,-inf,1.4390243902439024
0,32767,25,5,1,1,29.5,2.0,-inf,1.4390243902439024
0,32767,25,5,1,1,29.5,2.0,-inf,1.4390243902439024
0,32767,25,5,1,0,29.5,2.0,-inf,1.4390243902439024
0,32767,25,5,1,0,29.5,2.0,-inf,1.4390243902439024
0,32767,25,5,1,0,29.5,2.0,-inf,1.4390243902439024
0,32767,25,5,1,1,29.5,2.0,-inf,1.4390243902439024
0,32767,25,5,1,1,29.5,2.0,-inf,1.4390243902439024
0,32767,25,5,1,0,29.5,2.0,-inf,1.4390243902439024
0,32767,25,5,1,1,29.5,2.0,-inf,1.4390243902439024
0,32767,25,5,1,1,29.5,2.0,-inf,1.4390243902439024
0,32767,25,5,1,0,29.5,2.0,-inf,1.4390243902439024
0,32767,25,5,1,1,29.5,2.0,-inf,1.4390243902439024
0,32767,25,5,1,0,29.5,2.0,-inf,1.4390243902439024
0,32767,25,5,2,0,29.5,2.0,-inf,1.5945945945945945
0,32767,25,5,2,1,29.5,2.0,-inf,1.5945945945945945
0,32767,25,5,2,1,29.5,2.0,-inf,1.5945945945945945
0,32767,25,5,2,0,29.5,2.0,-inf,1.5945945945945945
0,32767,25,5,2,0,29.5,2.0,-inf,1.5945945945945945
0,32767,25,5,2,1,29.5,2.0,-inf,1.5945945945945945
0,32767,25,5,2,1,29.5,2.0,-inf,1.5945945945945945
0,32767,25,5,2,0,29.5,2.0,-inf,1.5945945945945945
0,32767,25,5,2,0,29.5,2.0,-inf,1.5945945945945945
0,32767,25,5,2,1,29.5,2.0,-inf,1.5945945945945945
0,32767,25,5,2,0,29.5,2.0,-inf,1.5945945945945945
0,32767,26,5,1,0,26.0,3.0,-inf,1.2999999999999998
0,32767,26,5,1,0,26.0,3.0,-inf,1.2999999999999998
0,32767,26,5,1,0,26.0,3.0,-inf,1.2999999999999998
0,32767,26,5,1,0,26.0,3.0,-inf,1.2999999999999998
0,32767,26,5,1,0,26.0,3.0,-inf,1.2999999999999998
0,32767,26,5,1,1,26.0,3.0,-inf,1.2999999999999998
0,32767,26,5,1,0,26.0,3.0,-inf,1.2999999999999998
0,32767,26,5,1,0,26.0,3.0,-inf,1.2999999999999998
0,32767,26,5,1,0,26.0,3.0,-inf,1.2999999999999998
0,32767,26,5,1,0,26.0,3.0,-inf,1.2999999999999998
0,32767,26,5,1,1,26.0,3.0,-inf,1.2999999999999998
0,32767,26,5,1,0,26.0,3.0,-inf,1.2999999999999998
0,32767,26,5,1,1,26.0,3.0,-inf,1.2999999999999998
0,32767,26,5,1,0,26.0,3.0,-inf,1.2999999999999998
0,32767,26,5,1,1,26.0,3.0,-inf,1.2999999999999998
0,32767,26,5,1,1,26.0,3.0,-inf,1.2999999999999998
0,32767,26,5,1,1,26.0,3.0,-inf,1.2999999999999998
0,32767,26,5,2,0,26.0,3.0,-inf,1.1818181818181819
0,32767,26,5,2,0,26.0,3.0,-inf,1.1818181818181819
0,32767,26,5,2,1,26.0,3.0,-inf,1.1818181818181819
0,32767,26,5,2,1,26.0,3.0,-inf,1.1818181818181819
0,32767,26,5,2,1,26.0,3.0,-inf,1.1818181818181819
0,32767,26,5,2,1,26.0,3.0,-inf,1.1818181818181819
0,32767,26,5,2,0,26.0,3.0,-inf,1.1818181818181819
0,32767,26,5,2,0,26.0,3.0,-inf,1.1818181818181819
0,32767,26,5,2,0,26.0,3.0,-inf,1.1818181818181819
0,32767,26,5,2,1,26.0,3.0,-inf,1.1818181818181819
0,32767,26,5,2,0,26.0,3.0,-inf,1.1818181818181819
0,32767,26,5,2,0,26.0,3.0,-inf,1.1818181818181819
0,32767,26,5,3,1,26.0,3.0,-inf,1.0
0,32767,26,5,3,1,26.0,3.0,-inf,1.0
0,32767,26,5,3,1,26.0,3.0,-inf,1.0
0,32767,26,5,3,1,26.0,3.0,-inf,1.0
0,32767,26,5,3,0,26.0,3.0,-inf,1.0
0,32767,26,5,3,0,26.0,3.0,-inf,1.0
0,32767,26,5,3,1,26.0,3.0,-inf,1.0
0,32767,26,5,3,1,26.0,3.0,-inf,1.0
0,32767,26,5,3,0,26.0,3.0,-inf,1.0
0,32767,26,5,3,0,26.0,3.0,-inf,1.0
0,32767,26,5,3,0,26.0,3.0,-inf,1.0
0,32767,26,5,3,1,26.0,3.0,-inf,1.0
0,32767,26,5,3,0,26.0,3.0,-inf,1.0
0,32767,26,5,3,0,26.0,3.0,-inf,1.0
0,32767,26,5,3,0,26.0,3.0,-inf,1.0
0,32767,26,5,3,1,26.0,3.0,-inf,1.0
0,32767,26,5,3,0,26.0,3.0,-inf,1.0
0,32767,26,5,3,0,26.0,3.0,-inf,1.0
0,32767,26,5,3,1,26.0,3.0,-inf,1.0
0,32767,26,5,3,1,26.0,3.0,-inf,1.0
0,32767,26,5,3,1,26.0,3.0,-inf,1.0
0,32767,26,5,3,0,26.0,3.0,-inf,1.0
0,32767,27,5,1,0,26.0,3.0,-inf,1.0
0,32767,27,5,1,0,26.0,3.0,-inf,1.0
0,32767,27,5,1,1,26.0,3.0,-inf,1.0
0,32767,27,5,1,0,26.0,3.0,-inf,1.0
0,32767,27,5,1,0,26.0,3.0,-inf,1.0
0,32767,27,5,1,1,26.0,3.0,-inf,1.0
0,32767,27,5,1,0,26.0,3.0,-inf,1.0
0,32767,27,5,1,1,26.0,3.0,-inf,1.0
0,32767,27,5,1,1,26.0,3.0,-inf,1.0
0,32767,27,5,1,1,26.0,3.0,-inf,1.0
0,32767,27,5,1,1,26.0,3.0,-inf,1.0
0,32767,27,5,1,0,26.0,3.0,-inf,1.0
0,32767,27,5,1,0,26.0,3.0,-inf,1.0
0,32767,27,5,1,1,26.0,3.0,-inf,1.0
0,32767,27,5,1,1,26.0,3.0,-inf,1.0
0,32767,27,5,1,0,26.0,3.0,-inf,1.0
0,32767,27,5,1,0,26.0,3.0,-inf,1.0
0,32767,27,5,1,1,26.0,3.0,-inf,1.0
0,32767,27,5,1,1,26.0,3.0,-inf,1.0
0,32767,27,5,1,0,26.0,3.0,-inf,1.0
0,32767,27,5,2,1,26.0,3.0,-inf,2.0
0,32767,27,5,2,0,26.0,3.0,-inf,2.0
0,32767,27,5,2,0,26.0,3.0,-inf,2.0
0,32767,27,5,2,1,26.0,3.0,-inf,2.0
0,32767,27,5,2,0,26.0,3.0,-inf,2.0
0,32767,27,5,2,1,26.0,3.0,-inf,2.0
0,32767,27,5,2,1,26.0,3.0,-inf,2.0
0,32767,27,5,2,1,26.0,3.0,-inf,2.0
0,32767,27,5,2,1,26.0,3.0,-inf,2.0
0,32767,27,5,2,1,26.0,3.0,-inf,2.0
0,32767,27,5,2,0,26.0,3.0,-inf,2.0
0,32767,27,5,3,1,26.0,3.0,-inf,1.04
0,32767,27,5,3,0,26.0,3.0,-inf,1.04
0,32767,27,5,3,1,26.0,3.0,-inf,1.04
0,32767,27,5,3,0,26.0,3.0,-inf,1.04
0,32767,27,5,3,0,26.0,3.0,-inf,1.04
0,32767,27,5,3,1,26.0,3.0,-inf,1.04
0,32767,27,5,3,1,26.0,3.0,-inf,1.04
0,32767,27,5,3,1,26.0,3.0,-inf,1.04
0,32767,27,5,3,1,26.0,3.0,-inf,1.04
0,32767,27,5,3,0,26.0,3.0,-inf,1.04
0,32767,27,5,3,0,26.0,3.0,-inf,1.04
0,32767,27,5,3,0,26.0,3.0,-inf,1.04
0,32767,27,5,3,0,26.0,3.0,-inf,1.04
0,32767,27,5,3,1,26.0,3.0,-inf,1.04
0,32767,27,5,3,1,26.0,3.0,-inf,1.04
0,32767,27,5,3,0,26.0,3.0,-inf,1.04
0,32767,27,5,3,1,26.0,3.0,-inf,1.04
0,32767,27,5,3,1,26.0,3.0,-inf,1.04
0,32767,27,5,3,0,26.0,3.0,-inf,1.04
0,32767,28,5,1,0,30.749999999999996,4.0,-inf,1.413793103448276
0,32767,28,5,1,1,30.749999999999996,4.0,-inf,1.413793103448276
0,32767,28,5,1,0,30.749999999999996,4.0,-inf,1.413793103448276
0,32767,28,5,1,0,30.749999999999996,4.0,-inf,1.413793103448276
0,32767,28,5,1,0,30.749999999999996,4.0,-inf,1.413793103448276
0,32767,28,5,1,1,30.749999999999996,4.0,-inf,1.413793103448276
0,32767,28,5,1,0,30.749999999999996,4.0,-inf,1.413793103448276
0,32767,28,5,1,0,30.749999999999996,4.0,-inf,1.413793103448276
0,32767,28,5,1,1,30.749999999999996,4.0,-inf,1.413793103448276
0,32767,28,5,1,1,30.749999999999996,4.0,-inf,1.413793103448276
0,32767,28,5,1,1,30.749999999999996,4.0,-inf,1.413793103448276
0,32767,28,5,1,0,30.749999999999996,4.0,-inf,1.413793103448276
0,32767,28,5,2,0,30.749999999999996,4.0,-inf,1.3516483516483515
0,32767,28,5,2,0,30.749999999999996,4.0,-inf,1.3516483516483515
0,32767,28,5,2,0,30.749999999999996,4.0,-inf,1.3516483516483515
0,32767,28,5,2,0,30.749999999999996,4.0,-inf,1.3516483516483515
0,32767,28,5,2,0,30.749999999999996,4.0,-inf,1.3516483516483515
0,32767,28,5,2,1,30.749999999999996,4.0,-inf,1.3516483516483515
0,32767,28,5,2,0,30.749999999999996,4.0,-inf,1.3516483516483515
0,32767,28,5,2,1,30.749999999999996,4.0,-inf,1.3516483516483515
0,32767,28,5,2,0,30.749999999999996,4.0,-inf,1.3516483516483515
0,32767,28,5,2,1,30.749999999999996,4.0,-inf,1.3516483516483515
0,32767,28,5,2,1,30.749999999999996,4.0,-inf,1.3516483516483515
0,32767,28,5,2,1,30.749999999999996,4.0,-inf,1.3516483516483515
0,32767,28,5,2,1,30.749999999999996,4.0,-inf,1.3516483516483515
0,32767,28,5,3,1,30.749999999999996,4.0,-inf,1.4819277108433735
0,32767,28,5,3,1,30.749999999999996,4.0,-inf,1.4819277108433735
0,32767,28,5,3,1,30.749999999999996,4.0,-inf,1.4819277108433735
0,32767,28,5,3,1,30.749999999999996,4.0,-inf,1.4819277108433735
0,32767,28,5,3,0,30.749999999999996,4.0,-inf,1.4819277108433735
0,32767,28,5,3,0,30.749999999999996,4.0,-inf,1.4819277108433735
0,32767,28,5,3,0,30.749999999999996,4.0,-inf,1.4819277108433735
0,32767,28,5,3,1,30.749999999999996,4.0,-inf,1.4819277108433735
0,32767,28,5,3,1,30.749999999999996,4.0,-inf,1.4819277108433735
0,32767,28,5,3,1,30.749999999999996,4.0,-inf,1.4819277108433735
0,32767,28,5,3,1,30.749999999999996,4.0,-inf,1.4819277108433735
0,32767,28,5,3,1,30.749999999999996,4.0,-inf,1.4819277108433735
0,32767,28,5,3,0,30.749999999999996,4.0,-inf,1.4819277108433735
0,32767,28,5,3,0,30.749999999999996,4.0,-inf,1.4819277108433735
0,32767,28,5,3,0,30.749999999999996,4.0,-inf,1.4819277108433735
0,32767,28,5,3,1,30.749999999999996,4.0,-inf,1.4819277108433735
0,32767,28,5,4,1,30.749999999999996,4.0,-inf,1.6400000000000001
0,32767,28,5,4,0,30.749999999999996,4.0,-inf,1.6400000000000001
0,32767,28,5,4,1,30.749999999999996,4.0,-inf,1.6400000000000001
0,32767,28,5,4,1,30.749999999999996,4.0,-inf,1.6400000000000001
0,32767,28,5,4,0,30.749999999999996,4.0,-inf,1.6400000000000001
0,32767,28,5,4,0,30.749999999999996,4.0,-inf,1.6400000000000001
0,32767,28,5,4,0,30.749999999999996,4.0,-inf,1.6400000000000001
0,32767,28,5,4,0,30.749999999999996,4.0,-inf,1.6400000000000001
0,32767,28,5,4,0,30.749999999999996,4.0,-inf,1.6400000000000001
0,32767,28,5,4,0,30.749999999999996,4.0,-inf,1.6400000000000001
0,32767,29,5,1,0,36.0,2.0,-inf,1.2857142857142856
0,32767,29,5,1,0,36.0,2.0,-inf,1.2857142857142856
0,32767,29,5,1,0,36.0,2.0,-inf,1.2857142857142856
0,32767,29,5,1,0,36.0,2.0,-inf,1.2857142857142856
0,32767,29,5,1,1,36.0,2.0,-inf,1.2857142857142856
0,32767,29,5,1,0,36.0,2.0,-inf,1.2857142857142856
0,32767,29,5,1,1,36.0,2.0,-inf,1.2857142857142856
0,32767,29,5,1,1,36.0,2.0,-inf,1.2857142857142856
0,32767,29,5,1,0,36.0,2.0,-inf,1.2857142857142856
0,32767,29,5,1,1,36.0,2.0,-inf,1.2857142857142856
0,32767,29,5,1,0,36.0,2.0,-inf,1.2857142857142856
0,32767,29,5,1,1,36.0,2.0,-inf,1.2857142857142856
0,32767,29,5,1,0,36.0,2.0,-inf,1.2857142857142856
0,32767,29,5,1,1,36.0,2.0,-inf,1.2857142857142856
0,32767,29,5,1,0,36.0,2.0,-inf,1.2857142857142856
0,32767,29,5,1,0,36.0,2.0,-inf,1.2857142857142856
0,32767,29,5,1,0,36.0,2.0,-inf,1.2857142857142856
0,32767,29,5,1,0,36.0,2.0,-inf,1.2857142857142856
0,32767,29,5,1,0,36.0,2.0,-inf,1.2857142857142856
0,32767,29,5,1,0,36.0,2.0,-inf,1.2857142857142856
0,32767,29,5,1,1,36.0,2.0,-inf,1.2857142857142856
0,32767,29,5,2,0,36.0,2.0,-inf,1.090909090909091
0,32767,29,5,2,1,36.0,2.0,-inf,1.090909090909091
0,32767,29,5,2,0,36.0,2.0,-inf,1.090909090909091
0,32767,29,5,2,0,36.0,2.0,-inf,1.090909090909091
0,32767,29,5,2,0,36.0,2.0,-inf,1.090909090909091
0,32767,29,5,2,0,36.0,2.0,-inf,1.090909090909091
0,32767,29,5,2,1,36.0,2.0,-inf,1.090909090909091
0,32767,29,5,2,1,36.0,2.0,-inf,1.090909090909091
0,32767,29,5,2,0,36.0,2.0,-inf,1.090909090909091
0,32767,29,5,2,0,36.0,2.0,-inf,1.090909090909091
0,32767,29,5,2,1,36.0,2.0,-inf,1.090909090909091
0,32767,29,5,2,0,36.0,2.0,-inf,1.090909090909091
0,32767,29,5,2,1,36.0,2.0,-inf,1.090909090909091
0,32767,29,5,2,0,36.0,2.0,-inf,1.090909090909091
0,32767,29,5,2,1,36.0,2.0,-inf,1.090909090909091
0,32767,29,5,2,1,36.0,2.0,-inf,1.090909090909091
0,32767,29,5,2,0,36.0,2.0,-inf,1.090909090909091
0,32767,29,5,2,0,36.0,2.0,-inf,1.090909090909091
0,32767,29,5,2,0,36.0,2.0,-inf,1.090909090909091
0,32767,29,5,2,0,36.0,2.0,-inf,1.090909090909091
0,32767,29,5,2,0,36.0,2.0,-inf,1.090909090909091
0,32767,29,5,2,1,36.0,2.0,-inf,1.090909090909091
0,32767,29,5,2,1,36.0,2.0,-inf,1.090909090909091
0,32767,29,5,2,0,36.0,2.0,-inf,1.090909090909091
0,32767,29,5,2,1,36.0,2.0,-inf,1.090909090909091
0,32767,29,5,2,1,36.0,2.0,-inf,1.090909090909091
0,32767,29,5,2,0,36.0,2.0,-inf,1.090909090909091
0,32767,29,5,2,1,36.0,2.0,-inf,1.090909090909091
0,32767,1,6,1,0,35.0,2.0,-inf,1.0294117647058825
0,32767,1,6,1,0,35.0,2.0,-inf,1.0294117647058825
0,32767,1,6,1,1,35.0,2.0,-inf,1.0294117647058825
0,32767,1,6,1,0,35.0,2.0,-inf,1.0294117647058825
0,32767,1,6,1,0,35.0,2.0,-inf,1.0294117647058825
0,32767,1,6,1,1,35.0,2.0,-inf,1.0294117647058825
0,32767,1,6,1,1,35.0,2.0,-inf,1.0294117647058825
0,32767,1,6,1,0,35.0,2.0,-inf,1.0294117647058825
0,32767,1,6,1,0,35.0,2.0,-inf,1.0294117647058825
0,32767,1,6,1,0,35.0,2.0,-inf,1.0294117647058825
0,32767,1,6,1,1,35.0,2.0,-inf,1.0294117647058825
0,32767,1,6,1,1,35.0,2.0,-inf,1.0294117647058825
0,32767,1,6,1,1,35.0,2.0,-inf,1.0294117647058825
0,32767,1,6,1,1,35.0,2.0,-inf,1.0294117647058825
0,32767,1,6,1,0,35.0,2.0,-inf,1.0294117647058825
0,32767,1,6,1,1,35.0,2.0,-inf,1.0294117647058825
0,32767,1,6,1,0,35.0,2.0,-inf,1.0294117647058825
0,32767,1,6,1,1,35.0,2.0,-inf,1.0294117647058825
0,32767,1,6,1,1,35.0,2.0,-inf,1.0294117647058825
0,32767,1,6,1,0,35.0,2.0,-inf,1.0294117647058825
0,32767,1,6,1,0,35.0,2.0,-inf,1.0294117647058825
0,32767,1,6,2,0,35.0,2.0,-inf,1.0
0,32767,1,6,2,0,35.0,2.0,-inf,1.0
0,32767,1,6,2,0,35.0,2.0,-inf,1.0
0,32767,1,6,2,1,35.0,2.0,-inf,1.0
0,32767,1,6,2,0,35.0,2.0,-inf,1.0
0,32767,1,6,2,0,35.0,2.0,-inf,1.0
0,32767,1,6,2,0,35.0,2.0,-inf,1.0
0,32767,1,6,2,0,35.0,2.0,-inf,1.0
0,32767,1,6,2,1,35.0,2.0,-inf,1.0
0,32767,1,6,2,0,35.0,2.0,-inf,1.0
0,32767,1,6,2,1,35.0,2.0,-inf,1.0
0,32767,1,6,2,1,35.0,2.0,-inf,1.0
0,32767,1,6,2,0,35.0,2.0,-inf,1.0
0,32767,1,6,2,0,35.0,2.0,-inf,1.0
0,32767,1,6,2,1,35.0,2.0,-inf,1.0
0,32767,1,6,2,0,35.0,2.0,-inf,1.0
0,32767,1,6,2,1,35.0,2.0,-inf,1.0
0,32767,1,6,2,1,35.0,2.0,-inf,1.0
0,32767,1,6,2,1,35.0,2.0,-inf,1.0
0,32767,1,6,2,0,35.0,2.0,-inf,1.0
0,32767,1,6,2,1,35.0,2.0,-inf,1.0
0,32767,1,6,2,0,35.0,2.0,-inf,1.0
0,32767,1,6,2,1,35.0,2.0,-inf,1.0
0,32767,1,6,2,0,35.0,2.0,-inf,1.0
0,32767,1,6,2,0,35.0,2.0,-inf,1.0
0,32767,1,6,2,0,35.0,2.0,-inf,1.0
0,32767,1,6,2,1,35.0,2.0,-inf,1.0
0,32767,2,6,1,1,34.75,4.0,-inf,1.674698795180723
0,32767,2,6,1,0,34.75,4.0,-inf,1.674698795180723
0,32767,2,6,1,0,34.75,4.0,-inf,1.674698795180723
0,32767,2,6,1,1,34.75,4.0,-inf,1.674698795180723
0,32767,2,6,1,1,34.75,4.0,-inf,1.674698795180723
0,32767,2,6,1,1,34.75,4.0,-inf,1.674698795180723
0,32767,2,6,1,1,34.75,4.0,-inf,1.674698795180723
0,32767,2,6,1,0,34.75,4.0,-inf,1.674698795180723
0,32767,2,6,1,1,34.75,4.0,-inf,1.674698795180723
0,32767,2,6,1,0,34.75,4.0,-inf,1.674698795180723
0,32767,2,6,1,1,34.75,4.0,-inf,1.674698795180723
0,32767,2,6,1,0,34.75,4.0,-inf,1.674698795180723
0,32767,2,6,1,0,34.75,4.0,-inf,1.674698795180723
0,32767,2,6,1,0,34.75,4.0,-inf,1.674698795180723
0,32767,2,6,1,0,34.75,4.0,-inf,1.674698795180723
0,32767,2,6,1,0,34.75,4.0,-inf,1.674698795180723
0,32767,2,6,2,1,34.75,4.0,-inf,1.094488188976378
0,32767,2,6,2,0,34.75,4.0,-inf,1.094488188976378
0,32767,2,6,2,0,34.75,4.0,-inf,1.094488188976378
0,32767,2,6,2,1,34.75,4.0,-inf,1.094488188976378
0,32767,2,6,2,1,34.75,4.0,-inf,1.094488188976378
0,32767,2,6,2,1,34.75,4.0,-inf,1.094488188976378
0,32767,2,6,2,0,34.75,4.0,-inf,1.094488188976378
0,32767,2,6,2,1,34.75,4.0,-inf,1.094488188976378
0,32767,2,6,2,1,34.75,4.0,-inf,1.094488188976378
0,32767,2,6,2,0,34.75,4.0,-inf,1.094488188976378
0,32767,2,6,2,0,34.75,4.0,-inf,1.094488188976378
0,32767,2,6,2,0,34.75,4.0,-inf,1.094488188976378
0,32767,2,6,2,0,34.75,4.0,-inf,1.094488188976378
0,32767,2,6,2,0,34.75,4.0,-inf,1.094488188976378
0,32767,2,6,2,0,34.75,4.0,-inf,1.094488188976378
0,32767,2,6,2,1,34.75,4.0,-inf,1.094488188976378
0,32767,2,6,2,1,34.75,4.0,-inf,1.094488188976378
0,32767,2,6,2,1,34.75,4.0,-inf,1.094488188976378
0,32767,2,6,2,0,34.75,4.0,-inf,1.094488188976378
0,32767,2,6,2,1,34.75,4.0,-inf,1.094488188976378
0,32767,2,6,2,1,34.75,4.0,-inf,1.094488188976378
0,32767,2,6,2,0,34.75,4.0,-inf,1.094488188976378
0,32767,2,6,2,0,34.75,4.0,-inf,1.094488188976378
0,32767,2,6,2,1,34.75,4.0,-inf,1.094488188976378
0,32767,2,6,2,0,34.75,4.0,-inf,1.094488188976378
0,32767,2,6,3,1,34.75,4.0,-inf,1.2990654205607477
0,32767,2,6,3,1,34.75,4.0,-inf,1.2990654205607477
0,32767,2,6,3,1,34.75,4.0,-inf,1.2990654205607477
0,32767,2,6,3,1,34.75,4.0,-inf,1.2990654205607477
0,32767,2,6,3,1,34.75,4.0,-inf,1.2990654205607477
0,32767,2,6,3,1,34.75,4.0,-inf,1.2990654205607477
0,32767,2,6,3,1,34.75,4.0,-inf,1.2990654205607477
0,32767,2,6,3,0,34.75,4.0,-inf,1.2990654205607477
0,32767,2,6,3,0,34.75,4.0,-inf,1.2990654205607477
0,32767,2,6,3,1,34.75,4.0,-inf,1.2990654205607477
0,32767,2,6,3,1,34.75,4.0,-inf,1.2990654205607477
0,32767,2,6,3,0,34.75,4.0,-inf,1.2990654205607477
0,32767,2,6,3,1,34.75,4.0,-inf,1.2990654205607477
0,32767,2,6,3,0,34.75,4.0,-inf,1.2990654205607477
0,32767,2,6,3,1,34.75,4.0,-inf,1.2990654205607477
0,32767,2,6,3,1,34.75,4.0,-inf,1.2990654205607477
0,32767,2,6,3,0,34.75,4.0,-inf,1.2990654205607477
0,32767,2,6,3,0,34.75,4.0,-inf,1.2990654205607477
0,32767,2,6,3,1,34.75,4.0,-inf,1.2990654205607477
0,32767,2,6,4,0,34.75,4.0,-inf,1.1680672268907564
0,32767,2,6,4,1,34.75,4.0,-inf,1.1680672268907564
0,32767,2,6,4,0,34.75,4.0,-inf,1.1680672268907564
0,32767,2,6,4,1,34.75,4.0,-inf,1.1680672268907564
0,32767,2,6,4,1,34.75,4.0,-inf,1.1680672268907564
0,32767,2,6,4,1,34.75,4.0,-inf,1.1680672268907564
0,32767,2,6,4,1,34.75,4.0,-inf,1.1680672268907564
0,32767,2,6,4,0,34.75,4.0,-inf,1.1680672268907564
0,32767,2,6,4,1,34.75,4.0,-inf,1.1680672268907564
0,32767,2,6,4,0,34.75,4.0,-inf,1.1680672268907564
0,32767,2,6,4,1,34.75,4.0,-inf,1.1680672268907564
0,32767,2,6,4,0,34.75,4.0,-inf,1.1680672268907564
0,32767,2,6,4,0,34.75,4.0,-inf,1.1680672268907564
0,32767,2,6,4,1,34.75,4.0,-inf,1.1680672268907564
0,32767,2,6,4,1,34.75,4.0,-inf,1.1680672268907564
0,32767,2,6,4,0,34.75,4.0,-inf,1.1680672268907564
0,32767,2,6,4,1,34.75,4.0,-inf,1.1680672268907564
0,32767,2,6,4,1,34.75,4.0,-inf,1.1680672268907564
0,32767,2,6,4,1,34.75,4.0,-inf,1.1680672268907564
0,32767,2,6,4,0,34.75,4.0,-inf,1.1680672268907564
0,32767,2,6,4,0,34.75,4.0,-inf,1.1680672268907564
0,32767,2,6,4,0,34.75,4.0,-inf,1.1680672268907564
0,32767,2,6,4,1,34.75,4.0,-inf,1.1680672268907564
0,32767,2,6,4,0,34.75,4.0,-inf,1.1680672268907564
0,32767,2,6,4,1,34.75,4.0,-inf,1.1680672268907564
0,32767,2,6,4,0,34.75,4.0,-inf,1.1680672268907564
0,32767,2,6,4,0,34.75,4.0,-inf,1.1680672268907564
0,32767,2,6,4,0,34.75,4.0,-inf,1.1680672268907564
0,32767,3,6,1,1,8.0,1.0,-inf,1.1428571428571428
0,32767,3,6,1,0,8.0,1.0,-inf,1.1428571428571428
0,32767,3,6,1,1,8.0,1.0,-inf,1.1428571428571428
0,32767,3,6,1,1,8.0,1.0,-inf,1.1428571428571428
0,32767,3,6,1,0,8.0,1.0,-inf,1.1428571428571428
0,32767,3,6,1,0,8.0,1.0,-inf,1.1428571428571428
0,32767,4,6,1,0,29.0,1.0,-inf,1.9333333333333331
0,32767,4,6,1,0,29.0,1.0,-inf,1.9333333333333331
0,32767,4,6,1,1,29.0,1.0,-inf,1.9333333333333331
0,32767,4,6,1,1,29.0,1.0,-inf,1.9333333333333331
0,32767,4,6,1,1,29.0,1.0,-inf,1.9333333333333331
0,32767,4,6,1,0,29.0,1.0,-inf,1.9333333333333331
0,32767,4,6,1,1,29.0,1.0,-inf,1.9333333333333331
0,32767,4,6,1,0,29.0,1.0,-inf,1.9333333333333331
0,32767,5,6,1,0,6.0,0.5,-inf,1.2
0,32767,5,6,1,0,6.0,0.5,-inf,1.2
0,32767,6,6,1,0,35.0,2.0,-inf,1.2962962962962963
0,32767,6,6,1,1,35.0,2.0,-inf,1.2962962962962963
0,32767,6,6,1,1,35.0,2.0,-inf,1.2962962962962963
0,32767,6,6,1,0,35.0,2.0,-inf,1.2962962962962963
0,32767,6,6,1,1,35.0,2.0,-inf,1.2962962962962963
0,32767,6,6,1,1,35.0,2.0,-inf,1.2962962962962963
0,32767,6,6,1,0,35.0,2.0,-inf,1.2962962962962963
0,32767,6,6,1,1,35.0,2.0,-inf,1.2962962962962963
0,32767,6,6,1,1,35.0,2.0,-inf,1.2962962962962963
0,32767,6,6,1,1,35.0,2.0,-inf,1.2962962962962963
0,32767,6,6,1,1,35.0,2.0,-inf,1.2962962962962963
0,32767,6,6,1,0,35.0,2.0,-inf,1.2962962962962963
0,32767,6,6,1,1,35.0,2.0,-inf,1.2962962962962963
0,32767,6,6,1,0,35.0,2.0,-inf,1.2962962962962963
0,32767,6,6,1,0,35.0,2.0,-inf,1.2962962962962963
0,32767,6,6,1,0,35.0,2.0,-inf,1.2962962962962963
0,32767,6,6,1,0,35.0,2.0,-inf,1.2962962962962963
0,32767,6,6,1,1,35.0,2.0,-inf,1.2962962962962963
0,32767,6,6,1,0,35.0,2.0,-inf,1.2962962962962963
0,32767,6,6,1,0,35.0,2.0,-inf,1.2962962962962963
0,32767,6,6,1,1,35.0,2.0,-inf,1.2962962962962963
0,32767,6,6,1,1,35.0,2.0,-inf,1.2962962962962963
0,32767,6,6,1,1,35.0,2.0,-inf,1.2962962962962963
0,32767,6,6,2,0,35.0,2.0,-inf,1.5217391304347827
0,32767,6,6,2,1,35.0,2.0,-inf,1.5217391304347827
0,32767,6,6,2,1,35.0,2.0,-inf,1.5217391304347827
0,32767,6,6,2,1,35.0,2.0,-inf,1.5217391304347827
0,32767,6,6,2,0,35.0,2.0,-inf,1.5217391304347827
0,32767,6,6,2,0,35.0,2.0,-inf,1.5217391304347827
0,32767,6,6,2,1,35.0,2.0,-inf,1.5217391304347827
0,32767,6,6,2,1,35.0,2.0,-inf,1.5217391304347827
0,32767,6,6,2,0,35.0,2.0,-inf,1.5217391304347827
0,32767,6,6,2,1,35.0,2.0,-inf,1.5217391304347827
0,32767,6,6,2,0,35.0,2.0,-inf,1.5217391304347827
0,32767,6,6,2,0,35.0,2.0,-inf,1.5217391304347827
0,32767,6,6,2,1,35.0,2.0,-inf,1.5217391304347827
0,32767,6,6,2,1,35.0,2.0,-inf,1.5217391304347827
0,32767,6,6,2,1,35.0,2.0,-inf,1.5217391304347827
0,32767,6,6,2,0,35.0,2.0,-inf,1.5217391304347827
0,32767,6,6,2,1,35.0,2.0,-inf,1.5217391304347827
0,32767,6,6,2,1,35.0,2.0,-inf,1.5217391304347827
0,32767,6,6,2,0,35.0,2.0,-inf,1.5217391304347827
0,32767,6,6,2,0,35.0,2.0,-inf,1.5217391304347827
0,32767,7,6,1,0,28.25,4.0,-inf,1.1649484536082475
0,32767,7,6,1,0,28.25,4.0,-inf,1.1649484536082475
0,32767,7,6,1,1,28.25,4.0,-inf,1.1649484536082475
0,32767,7,6,1,1,28.25,4.0,-inf,1.1649484536082475
0,32767,7,6,1,0,28.25,4.0,-inf,1.1649484536082475
0,32767,7,6,1,1,28.25,4.0,-inf,1.1649484536082475
0,32767,7,6,1,0,28.25,4.0,-inf,1.1649484536082475
0,32767,7,6,1,1,28.25,4.0,-inf,1.1649484536082475
0,32767,7,6,1,1,28.25,4.0,-inf,1.1649484536082475
0,32767,7,6,1,0,28.25,4.0,-inf,1.1649484536082475
0,32767,7,6,1,1,28.25,4.0,-inf,1.1649484536082475
0,32767,7,6,1,1,28.25,4.0,-inf,1.1649484536082475
0,32767,7,6,1,0,28.25,4.0,-inf,1.1649484536082475
0,32767,7,6,1,0,28.25,4.0,-inf,1.1649484536082475
0,32767,7,6,1,0,28.25,4.0,-inf,1.1649484536082475
0,32767,7,6,1,1,28.25,4.0,-inf,1.1649484536082475
0,32767,7,6,1,0,28.25,4.0,-inf,1.1649484536082475
0,32767,7,6,2,1,28.25,4.0,-inf,1.118811881188119
0,32767,7,6,2,0,28.25,4.0,-inf,1.118811881188119
0,32767,7,6,2,0,28.25,4.0,-inf,1.118811881188119
0,32767,7,6,2,1,28.25,4.0,-inf,1.118811881188119
0,32767,7,6,2,0,28.25,4.0,-inf,1.118811881188119
0,32767,7,6,2,0,28.25,4.0,-inf,1.118811881188119
0,32767,7,6,2,0,28.25,4.0,-inf,1.118811881188119
0,32767,7,6,2,1,28.25,4.0,-inf,1.118811881188119
0,32767,7,6,2,1,28.25,4.0,-inf,1.118811881188119
0,32767,7,6,2,1,28.25,4.0,-inf,1.118811881188119
0,32767,7,6,2,0,28.25,4.0,-inf,1.118811881188119
0,32767,7,6,2,1,28.25,4.0,-inf,1.118811881188119
0,32767,7,6,2,1,28.25,4.0,-inf,1.118811881188119
0,32767,7,6,2,0,28.25,4.0,-inf,1.118811881188119
0,32767,7,6,2,0,28.25,4.0,-inf,1.118811881188119
0,32767,7,6,2,1,28.25,4.0,-inf,1.118811881188119
0,32767,7,6,2,1,28.25,4.0,-inf,1.118811881188119
0,32767,7,6,2,0,28.25,4.0,-inf,1.118811881188119
0,32767,7,6,2,0,28.25,4.0,-inf,1.118811881188119
0,32767,7,6,2,1,28.25,4.0,-inf,1.118811881188119
0,32767,7,6,2,1,28.25,4.0,-inf,1.118811881188119
0,32767,7,6,3,1,28.25,4.0,-inf,1.2696629213483146
0,32767,7,6,3,1,28.25,4.0,-inf,1.2696629213483146
0,32767,7,6,3,0,28.25,4.0,-inf,1.2696629213483146
0,32767,7,6,3,0,28.25,4.0,-inf,1.2696629213483146
0,32767,7,6,3,0,28.25,4.0,-inf,1.2696629213483146
0,32767,7,6,3,0,28.25,4.0,-inf,1.2696629213483146
0,32767,7,6,3,0,28.25,4.0,-inf,1.2696629213483146
0,32767,7,6,3,1,28.25,4.0,-inf,1.2696629213483146
0,32767,7,6,3,0,28.25,4.0,-inf,1.2696629213483146
0,32767,7,6,3,1,28.25,4.0,-inf,1.2696629213483146
0,32767,7,6,3,1,28.25,4.0,-inf,1.2696629213483146
0,32767,7,6,3,0,28.25,4.0,-inf,1.2696629213483146
0,32767,7,6,3,1,28.25,4.0,-inf,1.2696629213483146
0,32767,7,6,3,0,28.25,4.0,-inf,1.2696629213483146
0,32767,7,6,3,0,28.25,4.0,-inf,1.2696629213483146
0,32767,7,6,3,1,28.25,4.0,-inf,1.2696629213483146
0,32767,7,6,3,0,28.25,4.0,-inf,1.2696629213483146
0,32767,7,6,3,0,28.25,4.0,-inf,1.2696629213483146
0,32767,7,6,4,0,28.25,4.0,-inf,1.4675324675324677
0,32767,7,6,4,1,28.25,4.0,-inf,1.4675324675324677
0,32767,7,6,4,1,28.25,4.0,-inf,1.4675324675324677
0,32767,7,6,4,1,28.25,4.0,-inf,1.4675324675324677
0,32767,7,6,4,0,28.25,4.0,-inf,1.4675324675324677
0,32767,7,6,4,0,28.25,4.0,-inf,1.4675324675324677
0,32767,7,6,4,0,28.25,4.0,-inf,1.4675324675324677
0,32767,7,6,4,0,28.25,4.0,-inf,1.4675324675324677
0,32767,7,6,4,1,28.25,4.0,-inf,1.4675324675324677
0,32767,7,6,4,0,28.25,4.0,-inf,1.4675324675324677
0,32767,7,6,4,1,28.25,4.0,-inf,1.4675324675324677
0,32767,8,6,1,0,30.0,5.0,-inf,1.2
0,32767,8,6,1,0,30.0,5.0,-inf,1.2
0,32767,8,6,1,1,30.0,5.0,-inf,1.2
0,32767,8,6,1,1,30.0,5.0,-inf,1.2
0,32767,8,6,1,0,30.0,5.0,-inf,1.2
0,32767,8,6,1,1,30.0,5.0,-inf,1.2
0,32767,8,6,1,0,30.0,5.0,-inf,1.2
0,32767,8,6,1,0,30.0,5.0,-inf,1.2
0,32767,8,6,1,1,30.0,5.0,-inf,1.2
0,32767,8,6,1,0,30.0,5.0,-inf,1.2
0,32767,8,6,1,1,30.0,5.0,-inf,1.2
0,32767,8,6,1,1,30.0,5.0,-inf,1.2
0,32767,8,6,2,0,30.0,5.0,-inf,1.0344827586206897
0,32767,8,6,2,0,30.0,5.0,-inf,1.0344827586206897
0,32767,8,6,2,0,30.0,5.0,-inf,1.0344827586206897
0,32767,8,6,2,1,30.0,5.0,-inf,1.0344827586206897
0,32767,8,6,2,1,30.0,5.0,-inf,1.0344827586206897
0,32767,8,6,2,1,30.0,5.0,-inf,1.0344827586206897
0,32767,8,6,2,0,30.0,5.0,-inf,1.0344827586206897
0,32767,8,6,2,1,30.0,5.0,-inf,1.0344827586206897
0,32767,8,6,2,1,30.0,5.0,-inf,1.0344827586206897
0,32767,8,6,2,0,30.0,5.0,-inf,1.0344827586206897
0,32767,8,6,2,1,30.0,5.0,-inf,1.0344827586206897
0,32767,8,6,2,0,30.0,5.0,-inf,1.0344827586206897
0,32767,8,6,2,1,30.0,5.0,-inf,1.0344827586206897
0,32767,8,6,2,0,30.0,5.0,-inf,1.0344827586206897
0,32767,8,6,2,1,30.0,5.0,-inf,1.0344827586206897
0,32767,8,6,2,1,30.0,5.0,-inf,1.0344827586206897
0,32767,8,6,2,0,30.0,5.0,-inf,1.0344827586206897
0,32767,8,6,2,0,30.0,5.0,-inf,1.0344827586206897
0,32767,8,6,3,0,30.0,5.0,-inf,1.0714285714285714
0,32767,8,6,3,1,30.0,5.0,-inf,1.0714285714285714
0,32767,8,6,3,0,30.0,5.0,-inf,1.0714285714285714
0,32767,8,6,3,0,30.0,5.0,-inf,1.0714285714285714
0,32767,8,6,3,1,30.0,5.0,-inf,1.0714285714285714
0,32767,8,6,3,0,30.0,5.0,-inf,1.0714285714285714
0,32767,8,6,3,0,30.0,5.0,-inf,1.0714285714285714
0,32767,8,6,3,1,30.0,5.0,-inf,1.0714285714285714
0,32767,8,6,3,1,30.0,5.0,-inf,1.0714285714285714
0,32767,8,6,3,1,30.0,5.0,-inf,1.0714285714285714
0,32767,8,6,3,0,30.0,5.0,-inf,1.0714285714285714
0,32767,8,6,3,1,30.0,5.0,-inf,1.0714285714285714
0,32767,8,6,3,0,30.0,5.0,-inf,1.0714285714285714
0,32767,8,6,3,0,30.0,5.0,-inf,1.0714285714285714
0,32767,8,6,3,0,30.0,5.0,-inf,1.0714285714285714
0,32767,8,6,3,1,30.0,5.0,-inf,1.0714285714285714
0,32767,8,6,3,1,30.0,5.0,-inf,1.0714285714285714
0,32767,8,6,3,1,30.0,5.0,-inf,1.0714285714285714
0,32767,8,6,3,1,30.0,5.0,-inf,1.0714285714285714
0,32767,8,6,3,0,30.0,5.0,-inf,1.0714285714285714
0,32767,8,6,3,0,30.0,5.0,-inf,1.0714285714285714
0,32767,8,6,3,1,30.0,5.0,-inf,1.0714285714285714
0,32767,8,6,3,1,30.0,5.0,-inf,1.0714285714285714
0,32767,8,6,3,1,30.0,5.0,-inf,1.0714285714285714
0,32767,8,6,3,1,30.0,5.0,-inf,1.0714285714285714
0,32767,8,6,3,0,30.0,5.0,-inf,1.0714285714285714
0,32767,8,6,4,0,30.0,5.0,-inf,1.3636363636363638
0,32767,8,6,4,1,30.0,5.0,-inf,1.3636363636363638
0,32767,8,6,4,0,30.0,5.0,-inf,1.3636363636363638
0,32767,8,6,4,1,30.0,5.0,-inf,1.3636363636363638
0,32767,8,6,4,0,30.0,5.0,-inf,1.3636363636363638
0,32767,8,6,4,0,30.0,5.0,-inf,1.3636363636363638
0,32767,8,6,4,0,30.0,5.0,-inf,1.3636363636363638
0,32767,8,6,4,0,30.0,5.0,-inf,1.3636363636363638
0,32767,8,6,4,1,30.0,5.0,-inf,1.3636363636363638
0,32767,8,6,4,1,30.0,5.0,-inf,1.3636363636363638
0,32767,8,6,4,1,30.0,5.0,-inf,1.3636363636363638
0,32767,8,6,4,1,30.0,5.0,-inf,1.3636363636363638
0,32767,8,6,4,0,30.0,5.0,-inf,1.3636363636363638
0,32767,8,6,4,1,30.0,5.0,-inf,1.3636363636363638
0,32767,8,6,4,1,30.0,5.0,-inf,1.3636363636363638
0,32767,8,6,4,1,30.0,5.0,-inf,1.3636363636363638
0,32767,8,6,5,0,30.0,5.0,-inf,1.6666666666666667
0,32767,8,6,5,1,30.0,5.0,-inf,1.6666666666666667
0,32767,8,6,5,1,30.0,5.0,-inf,1.6666666666666667
0,32767,8,6,5,0,30.0,5.0,-inf,1.6666666666666667
0,32767,8,6,5,0,30.0,5.0,-inf,1.6666666666666667
0,32767,8,6,5,0,30.0,5.0,-inf,1.6666666666666667
0,32767,8,6,5,1,30.0,5.0,-inf,1.6666666666666667
0,32767,8,6,5,0,30.0,5.0,-inf,1.6666666666666667
0,32767,8,6,5,0,30.0,5.0,-inf,1.6666666666666667
0,32767,8,6,5,1,30.0,5.0,-inf,1.6666666666666667
0,32767,8,6,4,0,30.0,5.0,-inf,1.3636363636363638
0,32767,9,6,1,1,30.0,5.0,-inf,1.25
0,32767,9,6,1,1,30.0,5.0,-inf,1.25
0,32767,9,6,1,1,30.0,5.0,-inf,1.25
0,32767,9,6,1,0,30.0,5.0,-inf,1.25
0,32767,9,6,1,1,30.0,5.0,-inf,1.25
0,32767,9,6,1,1,30.0,5.0,-inf,1.25
0,32767,9,6,1,1,30.0,5.0,-inf,1.25
0,32767,9,6,1,0,30.0,5.0,-inf,1.25
0,32767,9,6,1,0,30.0,5.0,-inf,1.25
0,32767,9,6,1,1,30.0,5.0,-inf,1.25
0,32767,9,6,1,1,30.0,5.0,-inf,1.25
0,32767,9,6,1,0,30.0,5.0,-inf,1.25
0,32767,9,6,1,0,30.0,5.0,-inf,1.25
0,32767,9,6,1,0,30.0,5.0,-inf,1.25
0,32767,9,6,1,0,30.0,5.0,-inf,1.25
0,32767,9,6,1,1,30.0,5.0,-inf,1.25
0,32767,9,6,1,1,30.0,5.0,-inf,1.25
0,32767,9,6,2,0,30.0,5.0,-inf,1.1538461538461537
0,32767,9,6,2,0,30.0,5.0,-inf,1.1538461538461537
0,32767,9,6,2,0,30.0,5.0,-inf,1.1538461538461537
0,32767,9,6,2,0,30.0,5.0,-inf,1.1538461538461537
0,32767,9,6,2,0,30.0,5.0,-inf,1.1538461538461537
0,32767,9,6,2,0,30.0,5.0,-inf,1.1538461538461537
0,32767,9,6,2,1,30.0,5.0,-inf,1.1538461538461537
0,32767,9,6,2,1,30.0,5.0,-inf,1.1538461538461537
0,32767,9,6,2,1,30.0,5.0,-inf,1.1538461538461537
0,32767,9,6,2,1,30.0,5.0,-inf,1.1538461538461537
0,32767,9,6,2,0,30.0,5.0,-inf,1.1538461538461537
0,32767,9,6,2,1,30.0,5.0,-inf,1.1538461538461537
0,32767,9,6,3,0,30.0,5.0,-inf,1.6666666666666667
0,32767,9,6,3,1,30.0,5.0,-inf,1.6666666666666667
0,32767,9,6,3,0,30.0,5.0,-inf,1.6666666666666667
0,32767,9,6,3,1,30.0,5.0,-inf,1.6666666666666667
0,32767,9,6,3,0,30.0,5.0,-inf,1.6666666666666667
0,32767,9,6,3,1,30.0,5.0,-inf,1.6666666666666667
0,32767,9,6,3,1,30.0,5.0,-inf,1.6666666666666667
0,32767,9,6,3,0,30.0,5.0,-inf,1.6666666666666667
0,32767,9,6,3,1,30.0,5.0,-inf,1.6666666666666667
0,32767,9,6,3,0,30.0,5.0,-inf,1.6666666666666667
0,32767,9,6,4,1,30.0,5.0,-inf,1.3636363636363638
0,32767,9,6,4,1,30.0,5.0,-inf,1.3636363636363638
0,32767,9,6,4,1,30.0,5.0,-inf,1.3636363636363638
0,32767,9,6,4,0,30.0,5.0,-inf,1.3636363636363638
0,32767,9,6,4,0,30.0,5.0,-inf,1.3636363636363638
0,32767,9,6,4,0,30.0,5.0,-inf,1.3636363636363638
0,32767,9,6,4,0,30.0,5.0,-inf,1.3636363636363638
0,32767,9,6,4,1,30.0,5.0,-inf,1.3636363636363638
0,32767,9,6,4,1,30.0,5.0,-inf,1.3636363636363638
0,32767,9,6,4,1,30.0,5.0,-inf,1.3636363636363638
0,32767,9,6,4,0,30.0,5.0,-inf,1.3636363636363638
0,32767,9,6,4,1,30.0,5.0,-inf,1.3636363636363638
0,32767,9,6,4,1,30.0,5.0,-inf,1.3636363636363638
0,32767,9,6,4,1,30.0,5.0,-inf,1.3636363636363638
0,32767,9,6,4,1,30.0,5.0,-inf,1.3636363636363638
0,32767,9,6,5,1,30.0,5.0,-inf,1.2
0,32767,9,6,5,0,30.0,5.0,-inf,1.2
0,32767,9,6,5,0,30.0,5.0,-inf,1.2
0,32767,9,6,5,1,30.0,5.0,-inf,1.2
0,32767,9,6,5,1,30.0,5.0,-inf,1.2
0,32767,9,6,5,1,30.0,5.0,-inf,1.2
0,32767,9,6,5,1,30.0,5.0,-inf,1.2
0,32767,9,6,5,1,30.0,5.0,-inf,1.2
0,32767,9,6,5,0,30.0,5.0,-inf,1.2
0,32767,9,6,5,0,30.0,5.0,-inf,1.2
0,32767,9,6,5,0,30.0,5.0,-inf,1.2
0,32767,9,6,5,1,30.0,5.0,-inf,1.2
0,32767,9,6,5,1,30.0,5.0,-inf,1.2
0,32767,9,6,5,1,30.0,5.0,-inf,1.2
0,32767,9,6,5,0,30.0,5.0,-inf,1.2
0,32767,9,6,5,0,30.0,5.0,-inf,1.2
0,32767,9,6,5,0,30.0,5.0,-inf,1.2
0,32767,9,6,5,1,30.0,5.0,-inf,1.2
0,32767,9,6,5,0,30.0,5.0,-inf,1.2
0,32767,9,6,5,1,30.0,5.0,-inf,1.2
0,32767,10,6,1,0,22.5,2.0,-inf,1.1538461538461537
0,32767,10,6,1,1,22.5,2.0,-inf,1.1538461538461537
0,32767,10,6,1,1,22.5,2.0,-inf,1.1538461538461537
0,32767,10,6,1,1,22.5,2.0,-inf,1.1538461538461537
0,32767,10,6,1,1,22.5,2.0,-inf,1.1538461538461537
0,32767,10,6,1,1,22.5,2.0,-inf,1.1538461538461537
0,32767,10,6,1,0,22.5,2.0,-inf,1.1538461538461537
0,32767,10,6,1,1,22.5,2.0,-inf,1.1538461538461537
0,32767,10,6,1,0,22.5,2.0,-inf,1.1538461538461537
0,32767,10,6,1,0,22.5,2.0,-inf,1.1538461538461537
0,32767,10,6,1,0,22.5,2.0,-inf,1.1538461538461537
0,32767,10,6,1,1,22.5,2.0,-inf,1.1538461538461537
0,32767,10,6,1,1,22.5,2.0,-inf,1.1538461538461537
0,32767,10,6,1,1,22.5,2.0,-inf,1.1538461538461537
0,32767,10,6,1,1,22.5,2.0,-inf,1.1538461538461537
0,32767,10,6,1,0,22.5,2.0,-inf,1.1538461538461537
0,32767,10,6,2,1,22.5,2.0,-inf,1.2857142857142856
0,32767,10,6,2,1,22.5,2.0,-inf,1.2857142857142856
0,32767,10,6,2,0,22.5,2.0,-inf,1.2857142857142856
0,32767,10,6,2,0,22.5,2.0,-inf,1.2857142857142856
0,32767,10,6,2,0,22.5,2.0,-inf,1.2857142857142856
0,32767,10,6,2,1,22.5,2.0,-inf,1.2857142857142856
0,32767,10,6,2,1,22.5,2.0,-inf,1.2857142857142856
0,32767,10,6,2,0,22.5,2.0,-inf,1.2857142857142856
0,32767,10,6,2,0,22.5,2.0,-inf,1.2857142857142856
0,32767,10,6,2,0,22.5,2.0,-inf,1.2857142857142856
0,32767,10,6,2,1,22.5,2.0,-inf,1.2857142857142856
0,32767,10,6,2,1,22.5,2.0,-inf,1.2857142857142856
0,32767,10,6,2,1,22.5,2.0,-inf,1.2857142857142856
0,32767,10,6,2,0,22.5,2.0,-inf,1.2857142857142856
0,32767,10,6,2,0,22.5,2.0,-inf,1.2857142857142856
0,32767,11,6,1,0,35.2,5.0,-inf,1.2054794520547945
0,32767,11,6,1,1,35.2,5.0,-inf,1.2054794520547945
0,32767,11,6,1,0,35.2,5.0,-inf,1.2054794520547945
0,32767,11,6,1,1,35.2,5.0,-inf,1.2054794520547945
0,32767,11,6,1,1,35.2,5.0,-inf,1.2054794520547945
0,32767,11,6,1,1,35.2,5.0,-inf,1.2054794520547945
0,32767,11,6,1,0,35.2,5.0,-inf,1.2054794520547945
0,32767,11,6,1,0,35.2,5.0,-inf,1.2054794520547945
0,32767,11,6,1,0,35.2,5.0,-inf,1.2054794520547945
0,32767,11,6,1,1,35.2,5.0,-inf,1.2054794520547945
0,32767,11,6,1,1,35.2,5.0,-inf,1.2054794520547945
0,32767,11,6,1,1,35.2,5.0,-inf,1.2054794520547945
0,32767,11,6,1,1,35.2,5.0,-inf,1.2054794520547945
0,32767,11,6,1,1,35.2,5.0,-inf,1.2054794520547945
0,32767,11,6,1,0,35.2,5.0,-inf,1.2054794520547945
0,32767,11,6,1,0,35.2,5.0,-inf,1.2054794520547945
0,32767,11,6,1,1,35.2,5.0,-inf,1.2054794520547945
0,32767,11,6,1,1,35.2,5.0,-inf,1.2054794520547945
0,32767,11,6,1,0,35.2,5.0,-inf,1.2054794520547945
0,32767,11,6,1,1,35.2,5.0,-inf,1.2054794520547945
0,32767,11,6,1,1,35.2,5.0,-inf,1.2054794520547945
0,32767,11,6,1,0,35.2,5.0,-inf,1.2054794520547945
0,32767,11,6,1,1,35.2,5.0,-inf,1.2054794520547945
0,32767,11,6,2,0,35.2,5.0,-inf,1.093167701863354
0,32767,11,6,2,1,35.2,5.0,-inf,1.093167701863354
0,32767,11,6,2,0,35.2,5.0,-inf,1.093167701863354
0,32767,11,6,2,1,35.2,5.0,-inf,1.093167701863354
0,32767,11,6,2,1,35.2,5.0,-inf,1.093167701863354
0,32767,11,6,2,0,35.2,5.0,-inf,1.093167701863354
0,32767,11,6,2,1,35.2,5.0,-inf,1.093167701863354
0,32767,11,6,2,1,35.2,5.0,-inf,1.093167701863354
0,32767,11,6,2,0,35.2,5.0,-inf,1.093167701863354
0,32767,11,6,2,0,35.2,5.0,-inf,1.093167701863354
0,32767,11,6,2,1,35.2,5.0,-inf,1.093167701863354
0,32767,11,6,2,0,35.2,5.0,-inf,1.093167701863354
0,32767,11,6,2,0,35.2,5.0,-inf,1.093167701863354
0,32767,11,6,2,1,35.2,5.0,-inf,1.093167701863354
0,32767,11,6,2,0,35.2,5.0,-inf,1.093167701863354
0,32767,11,6,2,1,35.2,5.0,-inf,1.093167701863354
0,32767,11,6,2,1,35.2,5.0,-inf,1.093167701863354
0,32767,11,6,2,0,35.2,5.0,-inf,1.093167701863354
0,32767,11,6,2,0,35.2,5.0,-inf,1.093167701863354
0,32767,11,6,2,1,35.2,5.0,-inf,1.093167701863354
0,32767,11,6,2,0,35.2,5.0,-inf,1.093167701863354
0,32767,11,6,2,1,35.2,5.0,-inf,1.093167701863354
0,32767,11,6,3,0,35.2,5.0,-inf,1.0
0,32767,11,6,3,1,35.2,5.0,-inf,1.0
0,32767,11,6,3,0,35.2,5.0,-inf,1.0
0,32767,11,6,3,1,35.2,5.0,-inf,1.0
0,32767,11,6,3,1,35.2,5.0,-inf,1.0
0,32767,11,6,3,1,35.2,5.0,-inf,1.0
0,32767,11,6,3,1,35.2,5.0,-inf,1.0
0,32767,11,6,3,1,35.2,5.0,-inf,1.0
0,32767,11,6,3,0,35.2,5.0,-inf,1.0
0,32767,11,6,3,0,35.2,5.0,-inf,1.0
0,32767,11,6,3,0,35.2,5.0,-inf,1.0
0,32767,11,6,3,1,35.2,5.0,-inf,1.0
0,32767,11,6,3,0,35.2,5.0,-inf,1.0
0,32767,11,6,3,1,35.2,5.0,-inf,1.0
0,32767,11,6,3,0,35.2,5.0,-inf,1.0
0,32767,11,6,3,0,35.2,5.0,-inf,1.0
0,32767,11,6,3,1,35.2,5.0,-inf,1.0
0,32767,11,6,3,0,35.2,5.0,-inf,1.0
0,32767,11,6,3,1,35.2,5.0,-inf,1.0
0,32767,11,6,3,0,35.2,5.0,-inf,1.0
0,32767,11,6,4,0,35.2,5.0,-inf,1.0602409638554215
0,32767,11,6,4,1,35.2,5.0,-inf,1.0602409638554215
0,32767,11,6,4,0,35.2,5.0,-inf,1.0602409638554215
0,32767,11,6,4,1,35.2,5.0,-inf,1.0602409638554215
0,32767,11,6,4,1,35.2,5.0,-inf,1.0602409638554215
0,32767,11,6,4,0,35.2,5.0,-inf,1.0602409638554215
0,32767,11,6,4,0,35.2,5.0,-inf,1.0602409638554215
0,32767,11,6,4,1,35.2,5.0,-inf,1.0602409638554215
0,32767,11,6,4,1,35.2,5.0,-inf,1.0602409638554215
0,32767,11,6,4,1,35.2,5.0,-inf,1.0602409638554215
0,32767,11,6,4,0,35.2,5.0,-inf,1.0602409638554215
0,32767,11,6,4,1,35.2,5.0,-inf,1.0602409638554215
0,32767,11,6,4,0,35.2,5.0,-inf,1.0602409638554215
0,32767,11,6,4,1,35.2,5.0,-inf,1.0602409638554215
0,32767,11,6,4,1,35.2,5.0,-inf,1.0602409638554215
0,32767,11,6,4,1,35.2,5.0,-inf,1.0602409638554215
0,32767,11,6,4,0,35.2,5.0,-inf,1.0602409638554215
0,32767,11,6,4,1,35.2,5.0,-inf,1.0602409638554215
0,32767,11,6,4,1,35.2,5.0,-inf,1.0602409638554215
0,32767,11,6,4,0,35.2,5.0,-inf,1.0602409638554215
0,32767,11,6,4,0,35.2,5.0,-inf,1.0602409638554215
0,32767,11,6,4,1,35.2,5.0,-inf,1.0602409638554215
0,32767,11,6,4,1,35.2,5.0,-inf,1.0602409638554215
0,32767,11,6,4,0,35.2,5.0,-inf,1.0602409638554215
0,32767,11,6,4,1,35.2,5.0,-inf,1.0602409638554215
0,32767,11,6,5,1,35.2,5.0,-inf,1.093167701863354
0,32767,11,6,5,1,35.2,5.0,-inf,1.093167701863354
0,32767,11,6,5,1,35.2,5.0,-inf,1.093167701863354
0,32767,11,6,5,0,35.2,5.0,-inf,1.093167701863354
0,32767,11,6,5,0,35.2,5.0,-inf,1.093167701863354
0,32767,11,6,5,0,35.2,5.0,-inf,1.093167701863354
0,32767,11,6,5,1,35.2,5.0,-inf,1.093167701863354
0,32767,11,6,5,0,35.2,5.0,-inf,1.093167701863354
0,32767,11,6,5,0,35.2,5.0,-inf,1.093167701863354
0,32767,11,6,5,0,35.2,5.0,-inf,1.093167701863354
0,32767,11,6,5,0,35.2,5.0,-inf,1.093167701863354
0,32767,11,6,5,1,35.2,5.0,-inf,1.093167701863354
0,32767,11,6,5,1,35.2,5.0,-inf,1.093167701863354
0,32767,11,6,5,1,35.2,5.0,-inf,1.093167701863354
0,32767,11,6,5,1,35.2,5.0,-inf,1.093167701863354
0,32767,11,6,5,1,35.2,5.0,-inf,1.093167701863354
0,32767,11,6,5,1,35.2,5.0,-inf,1.093167701863354
0,32767,11,6,5,0,35.2,5.0,-inf,1.093167701863354
0,32767,11,6,5,1,35.2,5.0,-inf,1.093167701863354
0,32767,12,6,1,0,35.0,1.0,-inf,1.4583333333333333
0,32767,12,6,1,1,35.0,1.0,-inf,1.4583333333333333
0,32767,12,6,1,1,35.0,1.0,-inf,1.4583333333333333
0,32767,12,6,1,0,35.0,1.0,-inf,1.4583333333333333
0,32767,12,6,1,0,35.0,1.0,-inf,1.4583333333333333
0,32767,12,6,1,1,35.0,1.0,-inf,1.4583333333333333
0,32767,12,6,1,1,35.0,1.0,-inf,1.4583333333333333
0,32767,12,6,1,1,35.0,1.0,-inf,1.4583333333333333
0,32767,12,6,1,1,35.0,1.0,-inf,1.4583333333333333
0,32767,12,6,1,0,35.0,1.0,-inf,1.4583333333333333
0,32767,12,6,1,1,35.0,1.0,-inf,1.4583333333333333
0,32767,12,6,1,0,35.0,1.0,-inf,1.4583333333333333
0,32767,12,6,1,1,35.0,1.0,-inf,1.4583333333333333
0,32767,12,6,1,0,35.0,1.0,-inf,1.4583333333333333
0,32767,12,6,1,1,35.0,1.0,-inf,1.4583333333333333
0,32767,12,6,1,1,35.0,1.0,-inf,1.4583333333333333
0,32767,12,6,1,0,35.0,1.0,-inf,1.4583333333333333
0,32767,12,6,1,1,35.0,1.0,-inf,1.4583333333333333
0,32767,12,6,1,0,35.0,1.0,-inf,1.4583333333333333
0,32767,12,6,1,0,35.0,1.0,-inf,1.4583333333333333
0,32767,12,6,1,1,35.0,1.0,-inf,1.4583333333333333
0,32767,13,6,1,1,35.5,2.0,-inf,1.1639344262295082
0,32767,13,6,1,0,35.5,2.0,-inf,1.1639344262295082
0,32767,13,6,1,1,35.5,2.0,-inf,1.1639344262295082
0,32767,13,6,1,0,35.5,2.0,-inf,1.1639344262295082
0,32767,13,6,1,0,35.5,2.0,-inf,1.1639344262295082
0,32767,13,6,1,0,35.5,2.0,-inf,1.1639344262295082
0,32767,13,6,1,0,35.5,2.0,-inf,1.1639344262295082
0,32767,13,6,1,0,35.5,2.0,-inf,1.1639344262295082
0,32767,13,6,1,0,35.5,2.0,-inf,1.1639344262295082
0,32767,13,6,1,0,35.5,2.0,-inf,1.1639344262295082
0,32767,13,6,1,1,35.5,2.0,-inf,1.1639344262295082
0,32767,13,6,1,0,35.5,2.0,-inf,1.1639344262295082
0,32767,13,6,1,1,35.5,2.0,-inf,1.1639344262295082
0,32767,13,6,1,1,35.5,2.0,-inf,1.1639344262295082
0,32767,13,6,1,1,35.5,2.0,-inf,1.1639344262295082
0,32767,13,6,1,0,35.5,2.0,-inf,1.1639344262295082
0,32767,13,6,1,1,35.5,2.0,-inf,1.1639344262295082
0,32767,13,6,1,0,35.5,2.0,-inf,1.1639344262295082
0,32767,13,6,1,1,35.5,2.0,-inf,1.1639344262295082
0,32767,13,6,1,0,35.5,2.0,-inf,1.1639344262295082
0,32767,13,6,1,1,35.5,2.0,-inf,1.1639344262295082
0,32767,13,6,1,0,35.5,2.0,-inf,1.1639344262295082
0,32767,13,6,1,1,35.5,2.0,-inf,1.1639344262295082
0,32767,13,6,2,0,35.5,2.0,-inf,1.0289855072463767
0,32767,13,6,2,0,35.5,2.0,-inf,1.0289855072463767
0,32767,13,6,2,1,35.5,2.0,-inf,1.0289855072463767
0,32767,13,6,2,1,35.5,2.0,-inf,1.0289855072463767
0,32767,13,6,2,1,35.5,2.0,-inf,1.0289855072463767
0,32767,13,6,2,0,35.5,2.0,-inf,1.0289855072463767
0,32767,13,6,2,0,35.5,2.0,-inf,1.0289855072463767
0,32767,13,6,2,1,35.5,2.0,-inf,1.0289855072463767
0,32767,13,6,2,0,35.5,2.0,-inf,1.0289855072463767
0,32767,13,6,2,0,35.5,2.0,-inf,1.0289855072463767
0,32767,13,6,2,0,35.5,2.0,-inf,1.0289855072463767
0,32767,13,6,2,0,35.5,2.0,-inf,1.0289855072463767
0,32767,13,6,2,0,35.5,2.0,-inf,1.0289855072463767
0,32767,13,6,2,0,35.5,2.0,-inf,1.0289855072463767
0,32767,13,6,2,0,35.5,2.0,-inf,1.0289855072463767
0,32767,13,6,2,1,35.5,2.0,-inf,1.0289855072463767
0,32767,13,6,2,1,35.5,2.0,-inf,1.0289855072463767
0,32767,13,6,2,1,35.5,2.0,-inf,1.0289855072463767
0,32767,13,6,2,1,35.5,2.0,-inf,1.0289855072463767
0,32767,13,6,2,1,35.5,2.0,-inf,1.0289855072463767
0,32767,13,6,2,0,35.5,2.0,-inf,1.0289855072463767
0,32767,13,6,2,1,35.5,2.0,-inf,1.0289855072463767
0,32767,13,6,2,0,35.5,2.0,-inf,1.0289855072463767
0,32767,13,6,2,0,35.5,2.0,-inf,1.0289855072463767
0,32767,13,6,2,0,35.5,2.0,-inf,1.0289855072463767
0,32767,13,6,2,0,35.5,2.0,-inf,1.0289855072463767
0,32767,13,6,2,1,35.5,2.0,-inf,1.0289855072463767
0,32767,13,6,2,1,35.5,2.0,-inf,1.0289855072463767
0,32767,13,6,2,1,35.5,2.0,-inf,1.0289855072463767
0,32767,13,6,2,1,35.5,2.0,-inf,1.0289855072463767
0,32767,13,6,2,0,35.5,2.0,-inf,1.0289855072463767
0,32767,13,6,2,1,35.5,2.0,-inf,1.0289855072463767
0,32767,14,6,1,1,28.5,4.0,-inf,1.163265306122449
0,32767,14,6,1,1,28.5,4.0,-inf,1.163265306122449
0,32767,14,6,1,1,28.5,4.0,-inf,1.163265306122449
0,32767,14,6,1,1,28.5,4.0,-inf,1.163265306122449
0,32767,14,6,1,0,28.5,4.0,-inf,1.163265306122449
0,32767,14,6,1,1,28.5,4.0,-inf,1.163265306122449
0,32767,14,6,1,1,28.5,4.0,-inf,1.163265306122449
0,32767,14,6,1,0,28.5,4.0,-inf,1.163265306122449
0,32767,14,6,1,0,28.5,4.0,-inf,1.163265306122449
0,32767,14,6,1,1,28.5,4.0,-inf,1.163265306122449
0,32767,14,6,1,1,28.5,4.0,-inf,1.163265306122449
0,32767,14,6,1,0,28.5,4.0,-inf,1.163265306122449
0,32767,14,6,1,0,28.5,4.0,-inf,1.163265306122449
0,32767,14,6,1,0,28.5,4.0,-inf,1.163265306122449
0,32767,14,6,1,1,28.5,4.0,-inf,1.163265306122449
0,32767,14,6,1,0,28.5,4.0,-inf,1.163265306122449
0,32767,14,6,1,1,28.5,4.0,-inf,1.163265306122449
0,32767,14,6,1,1,28.5,4.0,-inf,1.163265306122449
0,32767,14,6,1,0,28.5,4.0,-inf,1.163265306122449
0,32767,14,6,1,1,28.5,4.0,-inf,1.163265306122449
0,32767,14,6,1,1,28.5,4.0,-inf,1.163265306122449
0,32767,14,6,2,0,28.5,4.0,-inf,1.4615384615384615
0,32767,14,6,2,1,28.5,4.0,-inf,1.4615384615384615
0,32767,14,6,2,0,28.5,4.0,-inf,1.4615384615384615
0,32767,14,6,2,0,28.5,4.0,-inf,1.4615384615384615
0,32767,14,6,2,1,28.5,4.0,-inf,1.4615384615384615
0,32767,14,6,2,1,28.5,4.0,-inf,1.4615384615384615
0,32767,14,6,2,1,28.5,4.0,-inf,1.4615384615384615
0,32767,14,6,2,1,28.5,4.0,-inf,1.4615384615384615
0,32767,14,6,2,0,28.5,4.0,-inf,1.4615384615384615
0,32767,14,6,2,1,28.5,4.0,-inf,1.4615384615384615
0,32767,14,6,2,0,28.5,4.0,-inf,1.4615384615384615
0,32767,14,6,2,0,28.5,4.0,-inf,1.4615384615384615
0,32767,14,6,2,0,28.5,4.0,-inf,1.4615384615384615
0,32767,14,6,2,1,28.5,4.0,-inf,1.4615384615384615
0,32767,14,6,2,0,28.5,4.0,-inf,1.4615384615384615
0,32767,14,6,3,0,28.5,4.0,-inf,1.0363636363636364
0,32767,14,6,3,0,28.5,4.0,-inf,1.0363636363636364
0,32767,14,6,3,0,28.5,4.0,-inf,1.0363636363636364
0,32767,14,6,3,0,28.5,4.0,-inf,1.0363636363636364
0,32767,14,6,3,0,28.5,4.0,-inf,1.0363636363636364
0,32767,14,6,3,1,28.5,4.0,-inf,1.0363636363636364
0,32767,14,6,3,1,28.5,4.0,-inf,1.0363636363636364
0,32767,14,6,3,1,28.5,4.0,-inf,1.0363636363636364
0,32767,14,6,3,0,28.5,4.0,-inf,1.0363636363636364
0,32767,14,6,3,0,28.5,4.0,-inf,1.0363636363636364
0,32767,14,6,3,1,28.5,4.0,-inf,1.0363636363636364
0,32767,14,6,3,1,28.5,4.0,-inf,1.0363636363636364
0,32767,14,6,3,0,28.5,4.0,-inf,1.0363636363636364
0,32767,14,6,3,1,28.5,4.0,-inf,1.0363636363636364
0,32767,14,6,3,0,28.5,4.0,-inf,1.0363636363636364
0,32767,14,6,3,0,28.5,4.0,-inf,1.0363636363636364
0,32767,14,6,4,0,28.5,4.0,-inf,1.0754716981132075
0,32767,14,6,4,1,28.5,4.0,-inf,1.0754716981132075
0,32767,14,6,4,0,28.5,4.0,-inf,1.0754716981132075
0,32767,14,6,4,0,28.5,4.0,-inf,1.0754716981132075
0,32767,14,6,4,1,28.5,4.0,-inf,1.0754716981132075
0,32767,14,6,4,1,28.5,4.0,-inf,1.0754716981132075
0,32767,14,6,4,0,28.5,4.0,-inf,1.0754716981132075
0,32767,14,6,4,0,28.5,4.0,-inf,1.0754716981132075
0,32767,14,6,4,1,28.5,4.0,-inf,1.0754716981132075
0,32767,14,6,4,1,28.5,4.0,-inf,1.0754716981132075
0,32767,14,6,4,0,28.5,4.0,-inf,1.0754716981132075
0,32767,14,6,4,0,28.5,4.0,-inf,1.0754716981132075
0,32767,14,6,4,1,28.5,4.0,-inf,1.0754716981132075
0,32767,14,6,4,1,28.5,4.0,-inf,1.0754716981132075
0,32767,14,6,4,1,28.5,4.0,-inf,1.0754716981132075
0,32767,14,6,4,0,28.5,4.0,-inf,1.0754716981132075
0,32767,14,6,4,0,28.5,4.0,-inf,1.0754716981132075
0,32767,14,6,4,0,28.5,4.0,-inf,1.0754716981132075
0,32767,15,6,1,1,25.0,2.0,-inf,1.0869565217391304
0,32767,15,6,1,0,25.0,2.0,-inf,1.0869565217391304
0,32767,15,6,1,1,25.0,2.0,-inf,1.0869565217391304
0,32767,15,6,1,0,25.0,2.0,-inf,1.0869565217391304
0,32767,15,6,1,1,25.0,2.0,-inf,1.0869565217391304
0,32767,15,6,1,0,25.0,2.0,-inf,1.0869565217391304
0,32767,15,6,1,1,25.0,2.0,-inf,1.0869565217391304
0,32767,15,6,1,0,25.0,2.0,-inf,1.0869565217391304
0,32767,15,6,1,1,25.0,2.0,-inf,1.0869565217391304
0,32767,15,6,1,0,25.0,2.0,-inf,1.0869565217391304
0,32767,15,6,1,1,25.0,2.0,-inf,1.0869565217391304
0,32767,15,6,1,0,25.0,2.0,-inf,1.0869565217391304
0,32767,15,6,1,1,25.0,2.0,-inf,1.0869565217391304
0,32767,15,6,1,1,25.0,2.0,-inf,1.0869565217391304
0,32767,15,6,1,1,25.0,2.0,-inf,1.0869565217391304
0,32767,15,6,2,0,25.0,2.0,-inf,1.0869565217391304
0,32767,15,6,2,1,25.0,2.0,-inf,1.0869565217391304
0,32767,15,6,2,1,25.0,2.0,-inf,1.0869565217391304
0,32767,15,6,2,0,25.0,2.0,-inf,1.0869565217391304
0,32767,15,6,2,1,25.0,2.0,-inf,1.0869565217391304
0,32767,15,6,2,1,25.0,2.0,-inf,1.0869565217391304
0,32767,15,6,2,1,25.0,2.0,-inf,1.0869565217391304
0,32767,15,6,2,1,25.0,2.0,-inf,1.0869565217391304
0,32767,15,6,2,1,25.0,2.0,-inf,1.0869565217391304
0,32767,15,6,2,1,25.0,2.0,-inf,1.0869565217391304
0,32767,15,6,2,1,25.0,2.0,-inf,1.0869565217391304
0,32767,15,6,2,0,25.0,2.0,-inf,1.0869565217391304
0,32767,15,6,2,0,25.0,2.0,-inf,1.0869565217391304
0,32767,15,6,2,0,25.0,2.0,-inf,1.0869565217391304
0,32767,16,6,1,0,34.333333333333336,3.0,-inf,1.3037974683544304
0,32767,16,6,1,1,34.333333333333336,3.0,-inf,1.3037974683544304
0,32767,16,6,1,1,34.333333333333336,3.0,-inf,1.3037974683544304
0,32767,16,6,1,1,34.333333333333336,3.0,-inf,1.3037974683544304
0,32767,16,6,1,1,34.333333333333336,3.0,-inf,1.3037974683544304
0,32767,16,6,1,1,34.333333333333336,3.0,-inf,1.3037974683544304
0,32767,16,6,1,1,34.333333333333336,3.0,-inf,1.3037974683544304
0,32767,16,6,1,0,34.333333333333336,3.0,-inf,1.3037974683544304
0,32767,16,6,1,0,34.333333333333336,3.0,-inf,1.3037974683544304
0,32767,16,6,1,1,34.333333333333336,3.0,-inf,1.3037974683544304
0,32767,16,6,1,1,34.333333333333336,3.0,-inf,1.3037974683544304
0,32767,16,6,1,1,34.333333333333336,3.0,-inf,1.3037974683544304
0,32767,16,6,1,1,34.333333333333336,3.0,-inf,1.3037974683544304
0,32767,16,6,1,1,34.333333333333336,3.0,-inf,1.3037974683544304
0,32767,16,6,1,0,34.333333333333336,3.0,-inf,1.3037974683544304
0,32767,16,6,1,1,34.333333333333336,3.0,-inf,1.3037974683544304
0,32767,16,6,1,0,34.333333333333336,3.0,-inf,1.3037974683544304
0,32767,16,6,1,0,34.333333333333336,3.0,-inf,1.3037974683544304
0,32767,16,6,1,1,34.333333333333336,3.0,-inf,1.3037974683544304
0,32767,16,6,2,1,34.333333333333336,3.0,-inf,1.1318681318681318
0,32767,16,6,2,1,34.333333333333336,3.0,-inf,1.1318681318681318
0,32767,16,6,2,0,34.333333333333336,3.0,-inf,1.1318681318681318
0,32767,16,6,2,0,34.333333333333336,3.0,-inf,1.1318681318681318
0,32767,16,6,2,1,34.333333333333336,3.0,-inf,1.1318681318681318
0,32767,16,6,2,1,34.333333333333336,3.0,-inf,1.1318681318681318
0,32767,16,6,2,0,34.333333333333336,3.0,-inf,1.1318681318681318
0,32767,16,6,2,1,34.333333333333336,3.0,-inf,1.1318681318681318
0,32767,16,6,2,0,34.333333333333336,3.0,-inf,1.1318681318681318
0,32767,16,6,2,0,34.333333333333336,3.0,-inf,1.1318681318681318
0,32767,16,6,2,0,34.333333333333336,3.0,-inf,1.1318681318681318
0,32767,16,6,2,1,34.333333333333336,3.0,-inf,1.1318681318681318
0,32767,16,6,2,0,34.333333333333336,3.0,-inf,1.1318681318681318
0,32767,16,6,2,0,34.333333333333336,3.0,-inf,1.1318681318681318
0,32767,16,6,2,0,34.333333333333336,3.0,-inf,1.1318681318681318
0,32767,16,6,2,1,34.333333333333336,3.0,-inf,1.1318681318681318
0,32767,16,6,2,1,34.333333333333336,3.0,-inf,1.1318681318681318
0,32767,16,6,2,1,34.333333333333336,3.0,-inf,1.1318681318681318
0,32767,16,6,2,1,34.333333333333336,3.0,-inf,1.1318681318681318
0,32767,16,6,2,0,34.333333333333336,3.0,-inf,1.1318681318681318
0,32767,16,6,2,0,34.333333333333336,3.0,-inf,1.1318681318681318
0,32767,16,6,2,0,34.333333333333336,3.0,-inf,1.1318681318681318
0,32767,16,6,2,1,34.333333333333336,3.0,-inf,1.1318681318681318
0,32767,16,6,2,1,34.333333333333336,3.0,-inf,1.1318681318681318
0,32767,16,6,2,0,34.333333333333336,3.0,-inf,1.1318681318681318
0,32767,16,6,2,1,34.333333333333336,3.0,-inf,1.1318681318681318
0,32767,16,6,3,0,34.333333333333336,3.0,-inf,1.1318681318681318
0,32767,16,6,3,0,34.333333333333336,3.0,-inf,1.1318681318681318
0,32767,16,6,3,1,34.333333333333336,3.0,-inf,1.1318681318681318
0,32767,16,6,3,1,34.333333333333336,3.0,-inf,1.1318681318681318
0,32767,16,6,3,0,34.333333333333336,3.0,-inf,1.1318681318681318
0,32767,16,6,3,0,34.333333333333336,3.0,-inf,1.1318681318681318
0,32767,16,6,3,0,34.333333333333336,3.0,-inf,1.1318681318681318
0,32767,16,6,3,1,34.333333333333336,3.0,-inf,1.1318681318681318
0,32767,16,6,3,1,34.333333333333336,3.0,-inf,1.1318681318681318
0,32767,16,6,3,1,34.333333333333336,3.0,-inf,1.1318681318681318
0,32767,16,6,3,0,34.333333333333336,3.0,-inf,1.1318681318681318
0,32767,16,6,3,1,34.333333333333336,3.0,-inf,1.1318681318681318
0,32767,16,6,3,0,34.333333333333336,3.0,-inf,1.1318681318681318
0,32767,16,6,3,1,34.333333333333336,3.0,-inf,1.1318681318681318
0,32767,16,6,3,0,34.333333333333336,3.0,-inf,1.1318681318681318
0,32767,16,6,3,0,34.333333333333336,3.0,-inf,1.1318681318681318
0,32767,16,6,3,1,34.333333333333336,3.0,-inf,1.1318681318681318
0,32767,16,6,3,1,34.333333333333336,3.0,-inf,1.1318681318681318
0,32767,16,6,3,1,34.333333333333336,3.0,-inf,1.1318681318681318
0,32767,16,6,3,1,34.333333333333336,3.0,-inf,1.1318681318681318
0,32767,16,6,3,0,34.333333333333336,3.0,-inf,1.1318681318681318
0,32767,16,6,3,0,34.333333333333336,3.0,-inf,1.1318681318681318
0,32767,16,6,3,0,34.333333333333336,3.0,-inf,1.1318681318681318
0,32767,16,6,3,1,34.333333333333336,3.0,-inf,1.1318681318681318
0,32767,16,6,3,1,34.333333333333336,3.0,-inf,1.1318681318681318
0,32767,17,6,1,1,35.333333333333336,3.0,-inf,1.1648351648351647
0,32767,17,6,1,0,35.333333333333336,3.0,-inf,1.1648351648351647
0,32767,17,6,1,1,35.333333333333336,3.0,-inf,1.1648351648351647
0,32767,17,6,1,1,35.333333333333336,3.0,-inf,1.1648351648351647
0,32767,17,6,1,0,35.333333333333336,3.0,-inf,1.1648351648351647
0,32767,17,6,1,1,35.333333333333336,3.0,-inf,1.1648351648351647
0,32767,17,6,1,0,35.333333333333336,3.0,-inf,1.1648351648351647
0,32767,17,6,1,1,35.333333333333336,3.0,-inf,1.1648351648351647
0,32767,17,6,1,1,35.333333333333336,3.0,-inf,1.1648351648351647
0,32767,17,6,1,0,35.333333333333336,3.0,-inf,1.1648351648351647
0,32767,17,6,1,0,35.333333333333336,3.0,-inf,1.1648351648351647
0,32767,17,6,1,1,35.333333333333336,3.0,-inf,1.1648351648351647
0,32767,17,6,1,1,35.333333333333336,3.0,-inf,1.1648351648351647
0,32767,17,6,1,0,35.333333333333336,3.0,-inf,1.1648351648351647
0,32767,17,6,1,1,35.333333333333336,3.0,-inf,1.1648351648351647
0,32767,17,6,1,1,35.333333333333336,3.0,-inf,1.1648351648351647
0,32767,17,6,1,0,35.333333333333336,3.0,-inf,1.1648351648351647
0,32767,17,6,1,1,35.333333333333336,3.0,-inf,1.1648351648351647
0,32767,17,6,1,1,35.333333333333336,3.0,-inf,1.1648351648351647
0,32767,17,6,1,0,35.333333333333336,3.0,-inf,1.1648351648351647
0,32767,17,6,1,1,35.333333333333336,3.0,-inf,1.1648351648351647
0,32767,17,6,1,1,35.333333333333336,3.0,-inf,1.1648351648351647
0,32767,17,6,1,1,35.333333333333336,3.0,-inf,1.1648351648351647
0,32767,17,6,1,0,35.333333333333336,3.0,-inf,1.1648351648351647
0,32767,17,6,2,1,35.333333333333336,3.0,-inf,1.06
0,32767,17,6,2,1,35.333333333333336,3.0,-inf,1.06
0,32767,17,6,2,1,35.333333333333336,3.0,-inf,1.06
0,32767,17,6,2,0,35.333333333333336,3.0,-inf,1.06
0,32767,17,6,2,1,35.333333333333336,3.0,-inf,1.06
0,32767,17,6,2,1,35.333333333333336,3.0,-inf,1.06
0,32767,17,6,2,0,35.333333333333336,3.0,-inf,1.06
0,32767,17,6,2,1,35.333333333333336,3.0,-inf,1.06
0,32767,17,6,2,0,35.333333333333336,3.0,-inf,1.06
0,32767,17,6,2,0,35.333333333333336,3.0,-inf,1.06
0,32767,17,6,2,1,35.333333333333336,3.0,-inf,1.06
0,32767,17,6,2,0,35.333333333333336,3.0,-inf,1.06
0,32767,17,6,2,0,35.333333333333336,3.0,-inf,1.06
0,32767,17,6,2,0,35.333333333333336,3.0,-inf,1.06
0,32767,17,6,2,1,35.333333333333336,3.0,-inf,1.06
0,32767,17,6,2,0,35.333333333333336,3.0,-inf,1.06
0,32767,17,6,2,0,35.333333333333336,3.0,-inf,1.06
0,32767,17,6,2,0,35.333333333333336,3.0,-inf,1.06
0,32767,17,6,2,1,35.333333333333336,3.0,-inf,1.06
0,32767,17,6,2,0,35.333333333333336,3.0,-inf,1.06
0,32767,17,6,2,1,35.333333333333336,3.0,-inf,1.06
0,32767,17,6,2,1,35.333333333333336,3.0,-inf,1.06
0,32767,17,6,2,1,35.333333333333336,3.0,-inf,1.06
0,32767,17,6,2,1,35.333333333333336,3.0,-inf,1.06
0,32767,17,6,2,1,35.333333333333336,3.0,-inf,1.06
0,32767,17,6,3,0,35.333333333333336,3.0,-inf,1.127659574468085
0,32767,17,6,3,0,35.333333333333336,3.0,-inf,1.127659574468085
0,32767,17,6,3,1,35.333333333333336,3.0,-inf,1.127659574468085
0,32767,17,6,3,1,35.333333333333336,3.0,-inf,1.127659574468085
0,32767,17,6,3,0,35.333333333333336,3.0,-inf,1.127659574468085
0,32767,17,6,3,0,35.333333333333336,3.0,-inf,1.127659574468085
0,32767,17,6,3,1,35.333333333333336,3.0,-inf,1.127659574468085
0,32767,17,6,3,1,35.333333333333336,3.0,-inf,1.127659574468085
0,32767,17,6,3,0,35.333333333333336,3.0,-inf,1.127659574468085
0,32767,17,6,3,1,35.333333333333336,3.0,-inf,1.127659574468085
0,32767,17,6,3,0,35.333333333333336,3.0,-inf,1.127659574468085
0,32767,17,6,3,0,35.333333333333336,3.0,-inf,1.127659574468085
0,32767,17,6,3,0,35.333333333333336,3.0,-inf,1.127659574468085
0,32767,17,6,3,0,35.333333333333336,3.0,-inf,1.127659574468085
0,32767,17,6,3,0,35.333333333333336,3.0,-inf,1.127659574468085
0,32767,17,6,3,0,35.333333333333336,3.0,-inf,1.127659574468085
0,32767,17,6,3,1,35.333333333333336,3.0,-inf,1.127659574468085
0,32767,17,6,3,1,35.333333333333336,3.0,-inf,1.127659574468085
0,32767,17,6,3,1,35.333333333333336,3.0,-inf,1.127659574468085
0,32767,17,6,3,1,35.333333333333336,3.0,-inf,1.127659574468085
0,32767,17,6,3,0,35.333333333333336,3.0,-inf,1.127659574468085
0,32767,17,6,3,0,35.333333333333336,3.0,-inf,1.127659574468085
0,32767,17,6,3,0,35.333333333333336,3.0,-inf,1.127659574468085
0,32767,17,6,3,1,35.333333333333336,3.0,-inf,1.127659574468085
0,32767,17,6,3,0,35.333333333333336,3.0,-inf,1.127659574468085
0,32767,18,6,1,0,24.0,2.0,-inf,1.4117647058823528
0,32767,18,6,1,1,24.0,2.0,-inf,1.4117647058823528
0,32767,18,6,1,1,24.0,2.0,-inf,1.4117647058823528
0,32767,18,6,1,0,24.0,2.0,-inf,1.4117647058823528
0,32767,18,6,1,0,24.0,2.0,-inf,1.4117647058823528
0,32767,18,6,1,0,24.0,2.0,-inf,1.4117647058823528
0,32767,18,6,1,0,24.0,2.0,-inf,1.4117647058823528
0,32767,18,6,1,1,24.0,2.0,-inf,1.4117647058823528
0,32767,18,6,1,0,24.0,2.0,-inf,1.4117647058823528
0,32767,18,6,1,1,24.0,2.0,-inf,1.4117647058823528
0,32767,18,6,1,0,24.0,2.0,-inf,1.4117647058823528
0,32767,18,6,1,1,24.0,2.0,-inf,1.4117647058823528
0,32767,18,6,1,1,24.0,2.0,-inf,1.4117647058823528
0,32767,18,6,2,0,24.0,2.0,-inf,1.5
0,32767,18,6,2,1,24.0,2.0,-inf,1.5
0,32767,18,6,2,0,24.0,2.0,-inf,1.5
0,32767,18,6,2,0,24.0,2.0,-inf,1.5
0,32767,18,6,2,1,24.0,2.0,-inf,1.5
0,32767,18,6,2,0,24.0,2.0,-inf,1.5
0,32767,18,6,2,1,24.0,2.0,-inf,1.5
0,32767,18,6,2,1,24.0,2.0,-inf,1.5
0,32767,18,6,2,1,24.0,2.0,-inf,1.5
0,32767,18,6,2,0,24.0,2.0,-inf,1.5
0,32767,18,6,2,1,24.0,2.0,-inf,1.5
0,32767,18,6,2,1,24.0,2.0,-inf,1.5
0,32767,18,6,2,1,24.0,2.0,-inf,1.5
0,32767,19,6,1,1,36.0,2.0,-inf,1.0285714285714287
0,32767,19,6,1,0,36.0,2.0,-inf,1.0285714285714287
0,32767,19,6,1,1,36.0,2.0,-inf,1.0285714285714287
0,32767,19,6,1,1,36.0,2.0,-inf,1.0285714285714287
0,32767,19,6,1,1,36.0,2.0,-inf,1.0285714285714287
0,32767,19,6,1,1,36.0,2.0,-inf,1.0285714285714287
0,32767,19,6,1,0,36.0,2.0,-inf,1.0285714285714287
0,32767,19,6,1,0,36.0,2.0,-inf,1.0285714285714287
0,32767,19,6,1,0,36.0,2.0,-inf,1.0285714285714287
0,32767,19,6,1,1,36.0,2.0,-inf,1.0285714285714287
0,32767,19,6,1,0,36.0,2.0,-inf,1.0285714285714287
0,32767,19,6,1,0,36.0,2.0,-inf,1.0285714285714287
0,32767,19,6,1,1,36.0,2.0,-inf,1.0285714285714287
0,32767,19,6,1,0,36.0,2.0,-inf,1.0285714285714287
0,32767,19,6,1,0,36.0,2.0,-inf,1.0285714285714287
0,32767,19,6,1,1,36.0,2.0,-inf,1.0285714285714287
0,32767,19,6,1,1,36.0,2.0,-inf,1.0285714285714287
0,32767,19,6,1,1,36.0,2.0,-inf,1.0285714285714287
0,32767,19,6,1,1,36.0,2.0,-inf,1.0285714285714287
0,32767,19,6,1,0,36.0,2.0,-inf,1.0285714285714287
0,32767,19,6,1,1,36.0,2.0,-inf,1.0285714285714287
0,32767,19,6,1,1,36.0,2.0,-inf,1.0285714285714287
0,32767,19,6,1,1,36.0,2.0,-inf,1.0285714285714287
0,32767,19,6,1,1,36.0,2.0,-inf,1.0285714285714287
0,32767,19,6,1,0,36.0,2.0,-inf,1.0285714285714287
0,32767,19,6,2,0,36.0,2.0,-inf,1.125
0,32767,19,6,2,1,36.0,2.0,-inf,1.125
0,32767,19,6,2,0,36.0,2.0,-inf,1.125
0,32767,19,6,2,0,36.0,2.0,-inf,1.125
0,32767,19,6,2,1,36.0,2.0,-inf,1.125
0,32767,19,6,2,0,36.0,2.0,-inf,1.125
0,32767,19,6,2,0,36.0,2.0,-inf,1.125
0,32767,19,6,2,1,36.0,2.0,-inf,1.125
0,32767,19,6,2,0,36.0,2.0,-inf,1.125
0,32767,19,6,2,1,36.0,2.0,-inf,1.125
0,32767,19,6,2,1,36.0,2.0,-inf,1.125
0,32767,19,6,2,1,36.0,2.0,-inf,1.125
0,32767,19,6,2,0,36.0,2.0,-inf,1.125
0,32767,19,6,2,1,36.0,2.0,-inf,1.125
0,32767,19,6,2,1,36.0,2.0,-inf,1.125
0,32767,19,6,2,1,36.0,2.0,-inf,1.125
0,32767,19,6,2,1,36.0,2.0,-inf,1.125
0,32767,19,6,2,0,36.0,2.0,-inf,1.125
0,32767,19,6,2,0,36.0,2.0,-inf,1.125
0,32767,19,6,2,0,36.0,2.0,-inf,1.125
0,32767,19,6,1,0,36.0,2.0,-inf,1.0285714285714287
0,32767,19,6,1,1,36.0,2.0,-inf,1.0285714285714287
0,32767,20,6,1,0,24.0,1.0,-inf,1.3333333333333333
0,32767,20,6,1,0,24.0,1.0,-inf,1.3333333333333333
0,32767,20,6,1,0,24.0,1.0,-inf,1.3333333333333333
0,32767,20,6,1,1,24.0,1.0,-inf,1.3333333333333333
0,32767,20,6,1,1,24.0,1.0,-inf,1.3333333333333333
0,32767,20,6,1,1,24.0,1.0,-inf,1.3333333333333333
0,32767,20,6,1,1,24.0,1.0,-inf,1.3333333333333333
0,32767,20,6,1,0,24.0,1.0,-inf,1.3333333333333333
0,32767,20,6,1,0,24.0,1.0,-inf,1.3333333333333333
0,32767,20,6,1,0,24.0,1.0,-inf,1.3333333333333333
0,32767,20,6,1,0,24.0,1.0,-inf,1.3333333333333333
0,32767,20,6,1,0,24.0,1.0,-inf,1.3333333333333333
0,32767,20,6,1,0,24.0,1.0,-inf,1.3333333333333333
0,32767,20,6,1,0,24.0,1.0,-inf,1.3333333333333333
0,32767,20,6,1,0,24.0,1.0,-inf,1.3333333333333333
0,32767,20,6,1,1,24.0,1.0,-inf,1.3333333333333333
0,32767,20,6,1,0,24.0,1.0,-inf,1.3333333333333333
0,32767,21,6,1,1,8.0,1.0,-inf,1.0
0,32767,21,6,1,0,8.0,1.0,-inf,1.0
0,32767,21,6,1,0,8.0,1.0,-inf,1.0
0,32767,21,6,1,1,8.0,1.0,-inf,1.0
0,32767,21,6,1,0,8.0,1.0,-inf,1.0
0,32767,21,6,1,0,8.0,1.0,-inf,1.0
0,32767,21,6,1,1,8.0,1.0,-inf,1.0
0,32767,21,6,1,0,8.0,1.0,-inf,1.0
0,32767,22,6,1,0,29.5,2.0,-inf,1.0
0,32767,22,6,1,0,29.5,2.0,-inf,1.0
0,32767,22,6,1,0,29.5,2.0,-inf,1.0
0,32767,22,6,1,1,29.5,2.0,-inf,1.0
0,32767,22,6,1,0,29.5,2.0,-inf,1.0
0,32767,22,6,1,1,29.5,2.0,-inf,1.0
0,32767,22,6,1,1,29.5,2.0,-inf,1.0
0,32767,22,6,1,0,29.5,2.0,-inf,1.0
0,32767,22,6,1,1,29.5,2.0,-inf,1.0
0,32767,22,6,1,1,29.5,2.0,-inf,1.0
0,32767,22,6,1,0,29.5,2.0,-inf,1.0
0,32767,22,6,1,1,29.5,2.0,-inf,1.0
0,32767,22,6,1,1,29.5,2.0,-inf,1.0
0,32767,22,6,1,1,29.5,2.0,-inf,1.0
0,32767,22,6,1,0,29.5,2.0,-inf,1.0
0,32767,22,6,1,0,29.5,2.0,-inf,1.0
0,32767,22,6,1,0,29.5,2.0,-inf,1.0
0,32767,22,6,1,0,29.5,2.0,-inf,1.0
0,32767,22,6,1,1,29.5,2.0,-inf,1.0
0,32767,22,6,1,1,29.5,2.0,-inf,1.0
0,32767,22,6,1,0,29.5,2.0,-inf,1.0
0,32767,22,6,2,0,29.5,2.0,-inf,1.0
0,32767,22,6,2,1,29.5,2.0,-inf,1.0
0,32767,22,6,2,0,29.5,2.0,-inf,1.0
0,32767,22,6,2,1,29.5,2.0,-inf,1.0
0,32767,22,6,2,1,29.5,2.0,-inf,1.0
0,32767,22,6,2,0,29.5,2.0,-inf,1.0
0,32767,22,6,2,1,29.5,2.0,-inf,1.0
0,32767,22,6,2,0,29.5,2.0,-inf,1.0
0,32767,22,6,2,0,29.5,2.0,-inf,1.0
0,32767,22,6,2,1,29.5,2.0,-inf,1.0
0,32767,22,6,2,0,29.5,2.0,-inf,1.0
0,32767,22,6,2,0,29.5,2.0,-inf,1.0
0,32767,22,6,2,1,29.5,2.0,-inf,1.0
0,32767,22,6,2,0,29.5,2.0,-inf,1.0
0,32767,22,6,2,1,29.5,2.0,-inf,1.0
0,32767,22,6,2,1,29.5,2.0,-inf,1.0
0,32767,22,6,2,0,29.5,2.0,-inf,1.0
0,32767,23,6,1,1,27.833333333333332,6.0,-inf,1.336
0,32767,23,6,1,0,27.833333333333332,6.0,-inf,1.336
0,32767,23,6,1,0,27.833333333333332,6.0,-inf,1.336
0,32767,23,6,1,1,27.833333333333332,6.0,-inf,1.336
0,32767,23,6,1,0,27.833333333333332,6.0,-inf,1.336
0,32767,23,6,1,1,27.833333333333332,6.0,-inf,1.336
0,32767,23,6,1,0,27.833333333333332,6.0,-inf,1.336
0,32767,23,6,1,0,27.833333333333332,6.0,-inf,1.336
0,32767,23,6,1,0,27.833333333333332,6.0,-inf,1.336
0,32767,23,6,1,1,27.833333333333332,6.0,-inf,1.336
0,32767,23,6,1,1,27.833333333333332,6.0,-inf,1.336
0,32767,23,6,1,1,27.833333333333332,6.0,-inf,1.336
0,32767,23,6,1,1,27.833333333333332,6.0,-inf,1.336
0,32767,23,6,1,0,27.833333333333332,6.0,-inf,1.336
0,32767,23,6,1,0,27.833333333333332,6.0,-inf,1.336
0,32767,23,6,1,0,27.833333333333332,6.0,-inf,1.336
0,32767,23,6,1,1,27.833333333333332,6.0,-inf,1.336
0,32767,23,6,1,0,27.833333333333332,6.0,-inf,1.336
0,32767,23,6,1,1,27.833333333333332,6.0,-inf,1.336
0,32767,23,6,1,0,27.833333333333332,6.0,-inf,1.336
0,32767,23,6,2,1,27.833333333333332,6.0,-inf,1.0774193548387097
0,32767,23,6,2,1,27.833333333333332,6.0,-inf,1.0774193548387097
0,32767,23,6,2,1,27.833333333333332,6.0,-inf,1.0774193548387097
0,32767,23,6,2,0,27.833333333333332,6.0,-inf,1.0774193548387097
0,32767,23,6,2,0,27.833333333333332,6.0,-inf,1.0774193548387097
0,32767,23,6,2,1,27.833333333333332,6.0,-inf,1.0774193548387097
0,32767,23,6,2,1,27.833333333333332,6.0,-inf,1.0774193548387097
0,32767,23,6,2,0,27.833333333333332,6.0,-inf,1.0774193548387097
0,32767,23,6,2,0,27.833333333333332,6.0,-inf,1.0774193548387097
0,32767,23,6,2,0,27.833333333333332,6.0,-inf,1.0774193548387097
0,32767,23,6,2,0,27.833333333333332,6.0,-inf,1.0774193548387097
0,32767,23,6,2,1,27.833333333333332,6.0,-inf,1.0774193548387097
0,32767,23,6,2,0,27.833333333333332,6.0,-inf,1.0774193548387097
0,32767,23,6,2,0,27.833333333333332,6.0,-inf,1.0774193548387097
0,32767,23,6,2,0,27.833333333333332,6.0,-inf,1.0774193548387097
0,32767,23,6,2,1,27.833333333333332,6.0,-inf,1.0774193548387097
0,32767,23,6,2,1,27.833333333333332,6.0,-inf,1.0774193548387097
0,32767,23,6,2,0,27.833333333333332,6.0,-inf,1.0774193548387097
0,32767,23,6,2,0,27.833333333333332,6.0,-inf,1.0774193548387097
0,32767,23,6,2,1,27.833333333333332,6.0,-inf,1.0774193548387097
0,32767,23,6,2,0,27.833333333333332,6.0,-inf,1.0774193548387097
0,32767,23,6,2,0,27.833333333333332,6.0,-inf,1.0774193548387097
0,32767,23,6,2,1,27.833333333333332,6.0,-inf,1.0774193548387097
0,32767,23,6,2,0,27.833333333333332,6.0,-inf,1.0774193548387097
0,32767,23,6,2,0,27.833333333333332,6.0,-inf,1.0774193548387097
0,32767,23,6,3,1,27.833333333333332,6.0,-inf,1.560747663551402
0,32767,23,6,3,0,27.833333333333332,6.0,-inf,1.560747663551402
0,32767,23,6,3,1,27.833333333333332,6.0,-inf,1.560747663551402
0,32767,23,6,3,0,27.833333333333332,6.0,-inf,1.560747663551402
0,32767,23,6,3,1,27.833333333333332,6.0,-inf,1.560747663551402
0,32767,23,6,3,1,27.833333333333332,6.0,-inf,1.560747663551402
0,32767,23,6,3,0,27.833333333333332,6.0,-inf,1.560747663551402
0,32767,23,6,3,0,27.833333333333332,6.0,-inf,1.560747663551402
0,32767,23,6,3,0,27.833333333333332,6.0,-inf,1.560747663551402
0,32767,23,6,3,1,27.833333333333332,6.0,-inf,1.560747663551402
0,32767,23,6,3,0,27.833333333333332,6.0,-inf,1.560747663551402
0,32767,23,6,3,0,27.833333333333332,6.0,-inf,1.560747663551402
0,32767,23,6,3,1,27.833333333333332,6.0,-inf,1.560747663551402
0,32767,23,6,3,0,27.833333333333332,6.0,-inf,1.560747663551402
0,32767,23,6,3,1,27.833333333333332,6.0,-inf,1.560747663551402
0,32767,23,6,3,1,27.833333333333332,6.0,-inf,1.560747663551402
0,32767,23,6,3,0,27.833333333333332,6.0,-inf,1.560747663551402
0,32767,23,6,3,0,27.833333333333332,6.0,-inf,1.560747663551402
0,32767,23,6,3,1,27.833333333333332,6.0,-inf,1.560747663551402
0,32767,23,6,3,0,27.833333333333332,6.0,-inf,1.560747663551402
0,32767,23,6,3,1,27.833333333333332,6.0,-inf,1.560747663551402
0,32767,23,6,4,0,27.833333333333332,6.0,-inf,1.2748091603053435
0,32767,23,6,4,0,27.833333333333332,6.0,-inf,1.2748091603053435
0,32767,23,6,4,1,27.833333333333332,6.0,-inf,1.2748091603053435
0,32767,23,6,4,1,27.833333333333332,6.0,-inf,1.2748091603053435
0,32767,23,6,4,1,27.833333333333332,6.0,-inf,1.2748091603053435
0,32767,23,6,4,0,27.833333333333332,6.0,-inf,1.2748091603053435
0,32767,23,6,4,0,27.833333333333332,6.0,-inf,1.2748091603053435
0,32767,23,6,4,0,27.833333333333332,6.0,-inf,1.2748091603053435
0,32767,23,6,4,0,27.833333333333332,6.0,-inf,1.2748091603053435
0,32767,23,6,4,1,27.833333333333332,6.0,-inf,1.2748091603053435
0,32767,23,6,4,1,27.833333333333332,6.0,-inf,1.2748091603053435
0,32767,23,6,4,0,27.833333333333332,6.0,-inf,1.2748091603053435
0,32767,23,6,4,0,27.833333333333332,6.0,-inf,1.2748091603053435
0,32767,23,6,4,0,27.833333333333332,6.0,-inf,1.2748091603053435
0,32767,23,6,4,1,27.833333333333332,6.0,-inf,1.2748091603053435
0,32767,23,6,4,1,27.833333333333332,6.0,-inf,1.2748091603053435
0,32767,23,6,4,0,27.833333333333332,6.0,-inf,1.2748091603053435
0,32767,23,6,4,0,27.833333333333332,6.0,-inf,1.2748091603053435
0,32767,23,6,4,1,27.833333333333332,6.0,-inf,1.2748091603053435
0,32767,23,6,4,0,27.833333333333332,6.0,-inf,1.2748091603053435
0,32767,23,6,4,0,27.833333333333332,6.0,-inf,1.2748091603053435
0,32767,23,6,4,0,27.833333333333332,6.0,-inf,1.2748091603053435
0,32767,23,6,4,0,27.833333333333332,6.0,-inf,1.2748091603053435
0,32767,23,6,4,1,27.833333333333332,6.0,-inf,1.2748091603053435
0,32767,23,6,4,1,27.833333333333332,6.0,-inf,1.2748091603053435
0,32767,23,6,4,0,27.833333333333332,6.0,-inf,1.2748091603053435
0,32767,23,6,5,1,27.833333333333332,6.0,-inf,1.4033613445378152
0,32767,23,6,5,1,27.833333333333332,6.0,-inf,1.4033613445378152
0,32767,23,6,5,0,27.833333333333332,6.0,-inf,1.4033613445378152
0,32767,23,6,5,0,27.833333333333332,6.0,-inf,1.4033613445378152
0,32767,23,6,5,1,27.833333333333332,6.0,-inf,1.4033613445378152
0,32767,23,6,5,0,27.833333333333332,6.0,-inf,1.4033613445378152
0,32767,23,6,5,0,27.833333333333332,6.0,-inf,1.4033613445378152
0,32767,23,6,5,0,27.833333333333332,6.0,-inf,1.4033613445378152
0,32767,23,6,5,0,27.833333333333332,6.0,-inf,1.4033613445378152
0,32767,23,6,5,0,27.833333333333332,6.0,-inf,1.4033613445378152
0,32767,23,6,5,1,27.833333333333332,6.0,-inf,1.4033613445378152
0,32767,23,6,5,1,27.833333333333332,6.0,-inf,1.4033613445378152
0,32767,23,6,5,1,27.833333333333332,6.0,-inf,1.4033613445378152
0,32767,23,6,5,0,27.833333333333332,6.0,-inf,1.4033613445378152
0,32767,23,6,5,0,27.833333333333332,6.0,-inf,1.4033613445378152
0,32767,23,6,5,1,27.833333333333332,6.0,-inf,1.4033613445378152
0,32767,23,6,5,1,27.833333333333332,6.0,-inf,1.4033613445378152
0,32767,23,6,5,1,27.833333333333332,6.0,-inf,1.4033613445378152
0,32767,23,6,5,0,27.833333333333332,6.0,-inf,1.4033613445378152
0,32767,23,6,5,1,27.833333333333332,6.0,-inf,1.4033613445378152
0,32767,23,6,5,0,27.833333333333332,6.0,-inf,1.4033613445378152
0,32767,23,6,5,0,27.833333333333332,6.0,-inf,1.4033613445378152
0,32767,23,6,5,1,27.833333333333332,6.0,-inf,1.4033613445378152
0,32767,24,6,1,1,24.0,3.0,-inf,1.7142857142857142
0,32767,24,6,1,1,24.0,3.0,-inf,1.7142857142857142
0,32767,24,6,1,0,24.0,3.0,-inf,1.7142857142857142
0,32767,24,6,1,0,24.0,3.0,-inf,1.7142857142857142
0,32767,24,6,1,0,24.0,3.0,-inf,1.7142857142857142
0,32767,24,6,1,0,24.0,3.0,-inf,1.7142857142857142
0,32767,24,6,1,0,24.0,3.0,-inf,1.7142857142857142
0,32767,24,6,1,1,24.0,3.0,-inf,1.7142857142857142
0,32767,24,6,1,0,24.0,3.0,-inf,1.7142857142857142
0,32767,24,6,1,1,24.0,3.0,-inf,1.7142857142857142
0,32767,24,6,1,1,24.0,3.0,-inf,1.7142857142857142
0,32767,24,6,2,0,24.0,3.0,-inf,1.4117647058823528
0,32767,24,6,2,1,24.0,3.0,-inf,1.4117647058823528
0,32767,24,6,2,1,24.0,3.0,-inf,1.4117647058823528
0,32767,24,6,2,1,24.0,3.0,-inf,1.4117647058823528
0,32767,24,6,2,0,24.0,3.0,-inf,1.4117647058823528
0,32767,24,6,2,1,24.0,3.0,-inf,1.4117647058823528
0,32767,24,6,2,0,24.0,3.0,-inf,1.4117647058823528
0,32767,24,6,2,1,24.0,3.0,-inf,1.4117647058823528
0,32767,24,6,2,1,24.0,3.0,-inf,1.4117647058823528
0,32767,24,6,2,0,24.0,3.0,-inf,1.4117647058823528
0,32767,24,6,2,1,24.0,3.0,-inf,1.4117647058823528
0,32767,24,6,3,0,24.0,3.0,-inf,1.3333333333333333
0,32767,24,6,3,0,24.0,3.0,-inf,1.3333333333333333
0,32767,24,6,3,0,24.0,3.0,-inf,1.3333333333333333
0,32767,24,6,3,0,24.0,3.0,-inf,1.3333333333333333
0,32767,24,6,3,1,24.0,3.0,-inf,1.3333333333333333
0,32767,24,6,3,1,24.0,3.0,-inf,1.3333333333333333
0,32767,24,6,3,1,24.0,3.0,-inf,1.3333333333333333
0,32767,24,6,3,0,24.0,3.0,-inf,1.3333333333333333
0,32767,24,6,3,1,24.0,3.0,-inf,1.3333333333333333
0,32767,25,6,1,0,32.0,2.0,-inf,1.1428571428571428
0,32767,25,6,1,0,32.0,2.0,-inf,1.1428571428571428
0,32767,25,6,1,0,32.0,2.0,-inf,1.1428571428571428
0,32767,25,6,1,0,32.0,2.0,-inf,1.1428571428571428
0,32767,25,6,1,1,32.0,2.0,-inf,1.1428571428571428
0,32767,25,6,1,0,32.0,2.0,-inf,1.1428571428571428
0,32767,25,6,1,1,32.0,2.0,-inf,1.1428571428571428
0,32767,25,6,1,0,32.0,2.0,-inf,1.1428571428571428
0,32767,25,6,1,1,32.0,2.0,-inf,1.1428571428571428
0,32767,25,6,1,0,32.0,2.0,-inf,1.1428571428571428
0,32767,25,6,1,1,32.0,2.0,-inf,1.1428571428571428
0,32767,25,6,1,1,32.0,2.0,-inf,1.1428571428571428
0,32767,25,6,1,1,32.0,2.0,-inf,1.1428571428571428
0,32767,25,6,1,0,32.0,2.0,-inf,1.1428571428571428
0,32767,25,6,1,0,32.0,2.0,-inf,1.1428571428571428
0,32767,25,6,1,0,32.0,2.0,-inf,1.1428571428571428
0,32767,25,6,2,0,32.0,2.0,-inf,1.032258064516129
0,32767,25,6,2,1,32.0,2.0,-inf,1.032258064516129
0,32767,25,6,2,1,32.0,2.0,-inf,1.032258064516129
0,32767,25,6,2,1,32.0,2.0,-inf,1.032258064516129
0,32767,25,6,2,0,32.0,2.0,-inf,1.032258064516129
0,32767,25,6,2,0,32.0,2.0,-inf,1.032258064516129
0,32767,25,6,2,0,32.0,2.0,-inf,1.032258064516129
0,32767,25,6,2,0,32.0,2.0,-inf,1.032258064516129
0,32767,25,6,2,1,32.0,2.0,-inf,1.032258064516129
0,32767,25,6,2,1,32.0,2.0,-inf,1.032258064516129
0,32767,25,6,2,1,32.0,2.0,-inf,1.032258064516129
0,32767,25,6,2,0,32.0,2.0,-inf,1.032258064516129
0,32767,25,6,2,1,32.0,2.0,-inf,1.032258064516129
0,32767,25,6,2,0,32.0,2.0,-inf,1.032258064516129
0,32767,25,6,2,1,32.0,2.0,-inf,1.032258064516129
0,32767,25,6,2,0,32.0,2.0,-inf,1.032258064516129
0,32767,25,6,2,1,32.0,2.0,-inf,1.032258064516129
0,32767,25,6,2,1,32.0,2.0,-inf,1.032258064516129
0,32767,25,6,2,1,32.0,2.0,-inf,1.032258064516129
0,32767,25,6,2,1,32.0,2.0,-inf,1.032258064516129
0,32767,25,6,2,1,32.0,2.0,-inf,1.032258064516129
0,32767,26,6,1,0,25.666666666666668,3.0,-inf,1.3050847457627117
0,32767,26,6,1,1,25.666666666666668,3.0,-inf,1.3050847457627117
0,32767,26,6,1,0,25.666666666666668,3.0,-inf,1.3050847457627117
0,32767,26,6,1,0,25.666666666666668,3.0,-inf,1.3050847457627117
0,32767,26,6,1,1,25.666666666666668,3.0,-inf,1.3050847457627117
0,32767,26,6,1,1,25.666666666666668,3.0,-inf,1.3050847457627117
0,32767,26,6,1,1,25.666666666666668,3.0,-inf,1.3050847457627117
0,32767,26,6,1,0,25.666666666666668,3.0,-inf,1.3050847457627117
0,32767,26,6,1,0,25.666666666666668,3.0,-inf,1.3050847457627117
0,32767,26,6,2,0,25.666666666666668,3.0,-inf,1.375
0,32767,26,6,2,0,25.666666666666668,3.0,-inf,1.375
0,32767,26,6,2,0,25.666666666666668,3.0,-inf,1.375
0,32767,26,6,2,1,25.666666666666668,3.0,-inf,1.375
0,32767,26,6,2,1,25.666666666666668,3.0,-inf,1.375
0,32767,26,6,2,1,25.666666666666668,3.0,-inf,1.375
0,32767,26,6,2,1,25.666666666666668,3.0,-inf,1.375
0,32767,26,6,2,1,25.666666666666668,3.0,-inf,1.375
0,32767,26,6,2,0,25.666666666666668,3.0,-inf,1.375
0,32767,26,6,2,1,25.666666666666668,3.0,-inf,1.375
0,32767,26,6,2,1,25.666666666666668,3.0,-inf,1.375
0,32767,26,6,2,0,25.666666666666668,3.0,-inf,1.375
0,32767,26,6,3,1,25.666666666666668,3.0,-inf,2.1999999999999997
0,32767,26,6,3,1,25.666666666666668,3.0,-inf,2.1999999999999997
0,32767,26,6,3,0,25.666666666666668,3.0,-inf,2.1999999999999997
0,32767,26,6,3,1,25.666666666666668,3.0,-inf,2.1999999999999997
0,32767,26,6,3,0,25.666666666666668,3.0,-inf,2.1999999999999997
0,32767,26,6,3,0,25.666666666666668,3.0,-inf,2.1999999999999997
0,32767,26,6,3,0,25.666666666666668,3.0,-inf,2.1999999999999997
0,32767,26,6,3,1,25.666666666666668,3.0,-inf,2.1999999999999997
0,32767,27,6,1,0,36.0,2.0,-inf,1.0588235294117647
0,32767,27,6,1,0,36.0,2.0,-inf,1.0588235294117647
0,32767,27,6,1,0,36.0,2.0,-inf,1.0588235294117647
0,32767,27,6,1,1,36.0,2.0,-inf,1.0588235294117647
0,32767,27,6,1,0,36.0,2.0,-inf,1.0588235294117647
0,32767,27,6,1,0,36.0,2.0,-inf,1.0588235294117647
0,32767,27,6,1,0,36.0,2.0,-inf,1.0588235294117647
0,32767,27,6,1,1,36.0,2.0,-inf,1.0588235294117647
0,32767,27,6,1,1,36.0,2.0,-inf,1.0588235294117647
0,32767,27,6,1,0,36.0,2.0,-inf,1.0588235294117647
0,32767,27,6,1,1,36.0,2.0,-inf,1.0588235294117647
0,32767,27,6,1,0,36.0,2.0,-inf,1.0588235294117647
0,32767,27,6,1,1,36.0,2.0,-inf,1.0588235294117647
0,32767,27,6,1,0,36.0,2.0,-inf,1.0588235294117647
0,32767,27,6,1,0,36.0,2.0,-inf,1.0588235294117647
0,32767,27,6,1,1,36.0,2.0,-inf,1.0588235294117647
0,32767,27,6,1,1,36.0,2.0,-inf,1.0588235294117647
0,32767,27,6,1,1,36.0,2.0,-inf,1.0588235294117647
0,32767,27,6,1,1,36.0,2.0,-inf,1.0588235294117647
0,32767,27,6,1,1,36.0,2.0,-inf,1.0588235294117647
0,32767,27,6,1,1,36.0,2.0,-inf,1.0588235294117647
0,32767,27,6,1,1,36.0,2.0,-inf,1.0588235294117647
0,32767,27,6,1,1,36.0,2.0,-inf,1.0588235294117647
0,32767,27,6,1,1,36.0,2.0,-inf,1.0588235294117647
0,32767,27,6,1,1,36.0,2.0,-inf,1.0588235294117647
0,32767,27,6,1,1,36.0,2.0,-inf,1.0588235294117647
0,32767,27,6,1,1,36.0,2.0,-inf,1.0588235294117647
0,32767,27,6,1,0,36.0,2.0,-inf,1.0588235294117647
0,32767,27,6,1,1,36.0,2.0,-inf,1.0588235294117647
0,32767,27,6,2,1,36.0,2.0,-inf,1.125
0,32767,27,6,2,0,36.0,2.0,-inf,1.125
0,32767,27,6,2,1,36.0,2.0,-inf,1.125
0,32767,27,6,2,0,36.0,2.0,-inf,1.125
0,32767,27,6,2,1,36.0,2.0,-inf,1.125
0,32767,27,6,2,0,36.0,2.0,-inf,1.125
0,32767,27,6,2,0,36.0,2.0,-inf,1.125
0,32767,27,6,2,1,36.0,2.0,-inf,1.125
0,32767,27,6,2,1,36.0,2.0,-inf,1.125
0,32767,27,6,2,1,36.0,2.0,-inf,1.125
0,32767,27,6,2,0,36.0,2.0,-inf,1.125
0,32767,27,6,2,0,36.0,2.0,-inf,1.125
0,32767,27,6,2,1,36.0,2.0,-inf,1.125
0,32767,27,6,2,1,36.0,2.0,-inf,1.125
0,32767,27,6,2,0,36.0,2.0,-inf,1.125
0,32767,27,6,2,0,36.0,2.0,-inf,1.125
0,32767,27,6,2,1,36.0,2.0,-inf,1.125
0,32767,27,6,2,0,36.0,2.0,-inf,1.125
0,32767,27,6,2,1,36.0,2.0,-inf,1.125
0,32767,27,6,2,1,36.0,2.0,-inf,1.125
0,32767,27,6,2,1,36.0,2.0,-inf,1.125
0,32767,27,6,2,0,36.0,2.0,-inf,1.125
0,32767,27,6,2,1,36.0,2.0,-inf,1.125
0,32767,27,6,2,1,36.0,2.0,-inf,1.125
0,32767,28,6,1,1,34.0,3.0,-inf,1.3076923076923077
0,32767,28,6,1,0,34.0,3.0,-inf,1.3076923076923077
0,32767,28,6,1,0,34.0,3.0,-inf,1.3076923076923077
0,32767,28,6,1,0,34.0,3.0,-inf,1.3076923076923077
0,32767,28,6,1,0,34.0,3.0,-inf,1.3076923076923077
0,32767,28,6,1,0,34.0,3.0,-inf,1.3076923076923077
0,32767,28,6,1,1,34.0,3.0,-inf,1.3076923076923077
0,32767,28,6,1,1,34.0,3.0,-inf,1.3076923076923077
0,32767,28,6,1,1,34.0,3.0,-inf,1.3076923076923077
0,32767,28,6,1,1,34.0,3.0,-inf,1.3076923076923077
0,32767,28,6,1,1,34.0,3.0,-inf,1.3076923076923077
0,32767,28,6,1,1,34.0,3.0,-inf,1.3076923076923077
0,32767,28,6,1,0,34.0,3.0,-inf,1.3076923076923077
0,32767,28,6,1,0,34.0,3.0,-inf,1.3076923076923077
0,32767,28,6,1,0,34.0,3.0,-inf,1.3076923076923077
0,32767,28,6,1,1,34.0,3.0,-inf,1.3076923076923077
0,32767,28,6,1,0,34.0,3.0,-inf,1.3076923076923077
0,32767,28,6,2,1,34.0,3.0,-inf,1.2592592592592593
0,32767,28,6,2,0,34.0,3.0,-inf,1.2592592592592593
0,32767,28,6,2,1,34.0,3.0,-inf,1.2592592592592593
0,32767,28,6,2,1,34.0,3.0,-inf,1.2592592592592593
0,32767,28,6,2,1,34.0,3.0,-inf,1.2592592592592593
0,32767,28,6,2,1,34.0,3.0,-inf,1.2592592592592593
0,32767,28,6,2,0,34.0,3.0,-inf,1.2592592592592593
0,32767,28,6,2,0,34.0,3.0,-inf,1.2592592592592593
0,32767,28,6,2,1,34.0,3.0,-inf,1.2592592592592593
0,32767,28,6,2,0,34.0,3.0,-inf,1.2592592592592593
0,32767,28,6,2,0,34.0,3.0,-inf,1.2592592592592593
0,32767,28,6,2,1,34.0,3.0,-inf,1.2592592592592593
0,32767,28,6,2,1,34.0,3.0,-inf,1.2592592592592593
0,32767,28,6,2,0,34.0,3.0,-inf,1.2592592592592593
0,32767,28,6,2,0,34.0,3.0,-inf,1.2592592592592593
0,32767,28,6,2,0,34.0,3.0,-inf,1.2592592592592593
0,32767,28,6,2,0,34.0,3.0,-inf,1.2592592592592593
0,32767,28,6,2,1,34.0,3.0,-inf,1.2592592592592593
0,32767,28,6,2,0,34.0,3.0,-inf,1.2592592592592593
0,32767,28,6,2,0,34.0,3.0,-inf,1.2592592592592593
0,32767,28,6,2,1,34.0,3.0,-inf,1.2592592592592593
0,32767,28,6,2,1,34.0,3.0,-inf,1.2592592592592593
0,32767,28,6,3,0,34.0,3.0,-inf,1.2592592592592593
0,32767,28,6,3,0,34.0,3.0,-inf,1.2592592592592593
0,32767,28,6,3,0,34.0,3.0,-inf,1.2592592592592593
0,32767,28,6,3,0,34.0,3.0,-inf,1.2592592592592593
0,32767,28,6,3,0,34.0,3.0,-inf,1.2592592592592593
0,32767,28,6,3,1,34.0,3.0,-inf,1.2592592592592593
0,32767,28,6,3,1,34.0,3.0,-inf,1.2592592592592593
0,32767,28,6,3,0,34.0,3.0,-inf,1.2592592592592593
0,32767,28,6,3,0,34.0,3.0,-inf,1.2592592592592593
0,32767,28,6,3,0,34.0,3.0,-inf,1.2592592592592593
0,32767,28,6,3,1,34.0,3.0,-inf,1.2592592592592593
0,32767,28,6,3,0,34.0,3.0,-inf,1.2592592592592593
0,32767,28,6,3,0,34.0,3.0,-inf,1.2592592592592593
0,32767,28,6,3,1,34.0,3.0,-inf,1.2592592592592593
0,32767,28,6,3,0,34.0,3.0,-inf,1.2592592592592593
0,32767,28,6,3,1,34.0,3.0,-inf,1.2592592592592593
0,32767,29,6,1,0,36.0,2.0,-inf,1.565217391304348
0,32767,29,6,1,0,36.0,2.0,-inf,1.565217391304348
0,32767,29,6,1,1,36.0,2.0,-inf,1.565217391304348
0,32767,29,6,1,0,36.0,2.0,-inf,1.565217391304348
0,32767,29,6,1,0,36.0,2.0,-inf,1.565217391304348
0,32767,29,6,1,0,36.0,2.0,-inf,1.565217391304348
0,32767,29,6,1,1,36.0,2.0,-inf,1.565217391304348
0,32767,29,6,1,0,36.0,2.0,-inf,1.565217391304348
0,32767,29,6,1,1,36.0,2.0,-inf,1.565217391304348
0,32767,29,6,1,0,36.0,2.0,-inf,1.565217391304348
0,32767,29,6,1,1,36.0,2.0,-inf,1.565217391304348
0,32767,29,6,1,0,36.0,2.0,-inf,1.565217391304348
0,32767,29,6,1,0,36.0,2.0,-inf,1.565217391304348
0,32767,29,6,1,1,36.0,2.0,-inf,1.565217391304348
0,32767,29,6,1,0,36.0,2.0,-inf,1.565217391304348
0,32767,29,6,1,0,36.0,2.0,-inf,1.565217391304348
0,32767,29,6,1,0,36.0,2.0,-inf,1.565217391304348
0,32767,29,6,1,0,36.0,2.0,-inf,1.565217391304348
0,32767,29,6,2,0,36.0,2.0,-inf,1.125
0,32767,29,6,2,0,36.0,2.0,-inf,1.125
0,32767,29,6,2,0,36.0,2.0,-inf,1.125
0,32767,29,6,2,1,36.0,2.0,-inf,1.125
0,32767,29,6,2,1,36.0,2.0,-inf,1.125
0,32767,29,6,2,0,36.0,2.0,-inf,1.125
0,32767,29,6,2,0,36.0,2.0,-inf,1.125
0,32767,29,6,2,0,36.0,2.0,-inf,1.125
0,32767,29,6,2,0,36.0,2.0,-inf,1.125
0,32767,29,6,2,0,36.0,2.0,-inf,1.125
0,32767,29,6,2,0,36.0,2.0,-inf,1.125
0,32767,29,6,2,1,36.0,2.0,-inf,1.125
0,32767,29,6,2,0,36.0,2.0,-inf,1.125
0,32767,29,6,2,0,36.0,2.0,-inf,1.125
0,32767,29,6,2,1,36.0,2.0,-inf,1.125
0,32767,29,6,2,0,36.0,2.0,-inf,1.125
0,32767,29,6,2,0,36.0,2.0,-inf,1.125
0,32767,29,6,2,0,36.0,2.0,-inf,1.125
0,32767,29,6,2,0,36.0,2.0,-inf,1.125
0,32767,29,6,2,1,36.0,2.0,-inf,1.125
